floor_area_m2,storeys,structural_type,wall_material,region,finish_quality,total_blocks,total_cement_bags,total_sand_m3,total_aggregate_m3,total_cost_ghs
473.42,3,storey_building,clay_brick,Northern,standard,13441,2336.03,244.605,100.317,353572.17
247.65,1,commercial_block,compressed_earth_block,Central,premium,1923,345.44,36.199,16.805,65782.73
464.53,3,storey_building,sandcrete_block,Northern,premium,10613,1952.1,204.67,102.538,369247.38
457.07,2,commercial_block,clay_brick,Ashanti,standard,6912,1249.55,130.966,62.5,238448.07
284.81,1,commercial_block,clay_brick,Eastern,standard,2609,459.68,48.148,20.775,77595.15
151.95,4,bungalow,compressed_earth_block,Eastern,standard,5311,936.01,98.037,42.084,148328.35
414.31,3,storey_building,compressed_earth_block,Central,premium,10701,1919.95,201.198,93.75,358254.33
160.17,2,storey_building,compressed_earth_block,Northern,standard,2478,456.0,47.811,24.02,64723.38
412.02,2,storey_building,clay_brick,Eastern,standard,5745,1085.39,113.856,61.064,181569.17
125.29,2,warehouse,clay_brick,Western,standard,2037,360.79,37.792,16.476,60204.09
548.81,2,warehouse,clay_brick,Ashanti,premium,9372,1668.26,174.774,78.054,378261.47
295.23,3,bungalow,compressed_earth_block,Ashanti,standard,8064,1410.06,147.664,61.745,229817.16
367.09,1,warehouse,clay_brick,Greater Accra,standard,3100,557.01,58.368,26.997,105929.49
135.53,2,commercial_block,compressed_earth_block,Central,standard,1855,344.17,36.088,18.327,54975.48
312.53,3,storey_building,clay_brick,Northern,standard,6978,1278.61,134.038,65.824,200946.25
502.72,1,commercial_block,clay_brick,Greater Accra,standard,4394,797.34,83.572,40.036,169222.27
552.97,4,bungalow,sandcrete_block,Greater Accra,standard,20669,3572.88,374.076,150.627,684852.63
328.43,4,storey_building,compressed_earth_block,Northern,standard,10243,1879.29,196.991,95.568,265942.01
540.33,1,warehouse,clay_brick,Ashanti,premium,4331,799.78,83.861,42.489,173451.48
174.94,1,bungalow,sandcrete_block,Eastern,standard,1428,255.19,26.735,11.92,38923.0
320.42,2,bungalow,compressed_earth_block,Greater Accra,standard,5207,942.12,98.728,46.005,158430.77
151.87,4,commercial_block,sandcrete_block,Eastern,standard,4562,830.04,87.01,42.469,136244.79
411.2,2,commercial_block,clay_brick,Ashanti,premium,7030,1233.85,129.23,55.361,287941.18
581.09,1,warehouse,sandcrete_block,Northern,premium,5231,935.14,97.985,44.866,167044.36
170.28,2,warehouse,compressed_earth_block,Central,premium,2684,486.22,50.962,24.381,86150.32
178.79,2,bungalow,compressed_earth_block,Eastern,premium,2544,477.54,50.085,26.273,84475.85
120.57,4,commercial_block,clay_brick,Greater Accra,standard,3531,650.15,68.165,34.169,127916.23
371.04,3,warehouse,compressed_earth_block,Western,standard,10019,1776.42,186.085,81.667,304871.12
359.89,4,storey_building,sandcrete_block,Greater Accra,standard,10853,1995.22,209.198,105.282,344899.61
512.4,4,commercial_block,sandcrete_block,Northern,premium,17766,3150.77,330.078,146.655,585700.29
520.24,4,storey_building,compressed_earth_block,Western,standard,14543,2751.24,288.573,152.778,397974.93
245.18,3,storey_building,clay_brick,Western,standard,7050,1252.88,131.255,58.463,225049.01
515.19,2,warehouse,sandcrete_block,Eastern,standard,8182,1457.33,152.687,68.943,224983.05
384.05,3,bungalow,clay_brick,Eastern,standard,8054,1503.29,157.634,80.376,258850.28
485.26,4,commercial_block,sandcrete_block,Ashanti,standard,16453,2988.61,313.237,149.444,456331.23
332.67,3,commercial_block,compressed_earth_block,Eastern,standard,9551,1631.63,170.776,65.039,243840.09
274.42,4,commercial_block,sandcrete_block,Eastern,standard,10018,1738.5,182.042,74.939,268274.61
122.76,1,commercial_block,clay_brick,Western,standard,1024,184.4,19.323,8.946,32424.93
592.51,1,warehouse,compressed_earth_block,Northern,standard,4830,892.54,93.578,46.767,126217.9
294.42,3,commercial_block,clay_brick,Ashanti,standard,7029,1273.39,133.478,64.648,208313.24
532.35,3,storey_building,compressed_earth_block,Northern,standard,11654,2169.23,227.502,118.645,303377.5
474.99,4,bungalow,sandcrete_block,Northern,standard,13534,2434.97,255.191,120.438,333552.43
515.67,1,bungalow,compressed_earth_block,Eastern,premium,4672,821.4,86.033,36.974,152165.18
516.63,2,bungalow,compressed_earth_block,Eastern,standard,9479,1631.33,170.79,68.226,227523.28
63.72,1,commercial_block,clay_brick,Eastern,standard,465,85.35,8.948,4.407,14120.08
360.55,2,bungalow,sandcrete_block,Northern,standard,6182,1120.22,117.401,55.392,164408.6
266.26,4,storey_building,sandcrete_block,Greater Accra,standard,8091,1491.71,156.397,78.215,286594.84
268.92,4,bungalow,compressed_earth_block,Central,standard,9089,1640.43,171.942,82.588,255542.68
433.12,3,warehouse,clay_brick,Central,standard,10491,1907.86,199.937,93.59,331709.94
452.56,3,commercial_block,sandcrete_block,Northern,standard,12562,2176.56,227.897,92.758,337847.68
71.12,1,storey_building,clay_brick,Western,standard,629,108.27,11.335,4.509,20325.46
126.02,1,warehouse,compressed_earth_block,Greater Accra,standard,1211,209.18,21.9,8.769,34331.06
257.19,4,warehouse,clay_brick,Greater Accra,standard,7459,1406.43,147.518,78.061,270597.18
509.88,4,commercial_block,clay_brick,Greater Accra,standard,14896,2769.08,290.378,149.12,550148.52
141.32,1,commercial_block,compressed_earth_block,Greater Accra,standard,1223,209.53,21.936,8.713,34178.8
512.41,4,warehouse,clay_brick,Central,standard,14154,2693.92,282.622,153.833,473369.44
310.24,3,commercial_block,compressed_earth_block,Northern,standard,7741,1365.27,143.005,62.008,190181.17
553.71,3,warehouse,clay_brick,Ashanti,standard,11501,2178.21,228.506,123.537,373402.34
44.1,2,storey_building,sandcrete_block,Eastern,standard,782,137.55,14.408,6.254,18840.08
579.4,3,commercial_block,clay_brick,Northern,standard,14028,2548.72,267.124,126.918,378443.1
201.41,4,warehouse,compressed_earth_block,Eastern,standard,5596,1042.81,109.355,56.194,156945.7
587.63,1,storey_building,sandcrete_block,Eastern,standard,5396,955.72,100.119,44.246,136312.82
67.27,2,bungalow,compressed_earth_block,Eastern,standard,1183,212.35,22.25,10.102,30414.04
388.26,1,commercial_block,clay_brick,Greater Accra,standard,2728,507.55,53.223,27.264,97308.84
517.56,3,storey_building,compressed_earth_block,Northern,standard,12259,2217.74,232.437,110.518,320448.58
231.48,2,warehouse,clay_brick,Eastern,premium,3697,673.5,70.602,34.563,141966.88
552.57,1,storey_building,clay_brick,Greater Accra,standard,4181,756.74,79.312,37.71,162363.36
275.41,4,commercial_block,compressed_earth_block,Eastern,standard,9803,1703.49,178.35,71.63,243787.35
455.7,1,warehouse,clay_brick,Central,standard,3571,671.55,70.44,37.501,118109.42
478.94,3,storey_building,compressed_earth_block,Western,premium,12838,2254.95,236.171,100.749,454778.02
97.06,2,warehouse,sandcrete_block,Northern,standard,1278,240.65,25.24,13.283,31523.75
76.7,4,storey_building,sandcrete_block,Central,standard,2233,419.23,43.975,23.479,64694.79
209.16,2,storey_building,sandcrete_block,Western,standard,3863,674.04,70.59,29.738,101779.1
281.54,3,commercial_block,clay_brick,Northern,standard,6243,1140.72,119.565,57.446,182873.15
561.02,2,bungalow,clay_brick,Western,standard,7883,1480.34,155.269,82.134,270668.05
57.52,1,bungalow,compressed_earth_block,Central,standard,460,83.9,8.793,4.166,13959.78
131.14,4,commercial_block,compressed_earth_block,Northern,standard,4589,829.85,86.981,41.813,111291.59
218.3,3,commercial_block,sandcrete_block,Central,standard,5285,954.09,100.004,48.118,154517.93
132.67,3,warehouse,compressed_earth_block,Eastern,standard,3846,666.24,69.763,28.678,92780.61
136.85,4,warehouse,sandcrete_block,Northern,standard,5337,924.31,96.78,39.439,136413.75
340.27,1,warehouse,sandcrete_block,Ashanti,standard,2647,469.61,49.197,21.873,84882.05
169.52,4,commercial_block,compressed_earth_block,Ashanti,standard,5532,1014.37,106.343,52.592,165379.42
590.71,1,storey_building,compressed_earth_block,Central,standard,4841,865.03,90.631,40.929,129229.54
422.25,2,bungalow,clay_brick,Northern,standard,7813,1344.38,140.753,56.564,192985.25
531.88,3,storey_building,clay_brick,Central,standard,14891,2560.07,268.024,107.113,424552.57
486.93,3,bungalow,sandcrete_block,Ashanti,standard,13752,2454.43,257.157,116.245,425470.68
218.71,2,warehouse,clay_brick,Central,standard,4046,717.98,75.213,33.212,125355.92
113.42,2,bungalow,sandcrete_block,Eastern,standard,1645,305.67,32.051,16.275,46104.38
153.17,4,bungalow,clay_brick,Central,standard,4193,799.69,83.902,46.03,124857.6
101.99,1,storey_building,sandcrete_block,Ashanti,premium,977,166.98,17.48,6.854,33889.93
117.16,4,storey_building,sandcrete_block,Central,standard,3930,700.86,73.426,32.917,110834.5
517.08,2,warehouse,clay_brick,Eastern,standard,8254,1495.56,156.736,73.801,241878.04
107.57,1,commercial_block,compressed_earth_block,Greater Accra,standard,818,150.61,15.792,8.003,28459.89
516.75,3,commercial_block,compressed_earth_block,Western,standard,11904,2146.95,225.0,105.811,325219.09
329.89,2,storey_building,clay_brick,Central,standard,4845,902.28,94.621,48.782,168377.53
131.6,2,warehouse,compressed_earth_block,Ashanti,standard,1935,362.14,37.982,19.959,63202.68
264.25,3,warehouse,clay_brick,Ashanti,premium,6671,1206.47,126.426,58.626,261841.32
68.06,4,storey_building,sandcrete_block,Eastern,standard,2579,448.23,46.941,19.755,69421.72
41.29,3,commercial_block,sandcrete_block,Ashanti,standard,914,168.31,17.647,8.862,29983.31
218.73,2,warehouse,compressed_earth_block,Western,standard,3607,634.63,66.471,28.604,102170.81
513.76,3,bungalow,compressed_earth_block,Western,premium,13601,2457.16,257.507,120.823,510187.89
265.76,4,warehouse,sandcrete_block,Eastern,standard,8538,1527.45,160.047,73.189,245682.46
110.45,4,bungalow,sandcrete_block,Eastern,standard,2984,577.3,60.588,34.563,83111.43
178.14,4,warehouse,sandcrete_block,Greater Accra,standard,5534,1013.02,106.197,52.277,197498.82
432.78,4,commercial_block,clay_brick,Central,standard,14174,2547.63,266.999,126.157,450389.7
264.03,3,commercial_block,compressed_earth_block,Central,standard,7163,1279.72,134.076,60.364,196048.42
227.1,4,bungalow,clay_brick,Northern,premium,8202,1447.04,151.555,64.605,320606.92
295.61,3,bungalow,clay_brick,Central,standard,7439,1357.93,142.346,69.423,247359.42
133.91,2,bungalow,sandcrete_block,Western,premium,1953,355.41,37.253,17.994,67203.34
147.85,4,bungalow,sandcrete_block,Western,standard,5599,975.75,102.175,42.195,160107.47
535.52,1,warehouse,clay_brick,Greater Accra,premium,4246,772.03,80.916,38.577,196796.8
595.54,1,commercial_block,sandcrete_block,Central,standard,5939,1035.91,108.488,45.787,171307.15
416.47,4,storey_building,sandcrete_block,Eastern,premium,13748,2514.58,263.623,130.647,463189.45
540.1,2,bungalow,clay_brick,Northern,standard,8679,1583.38,165.964,79.875,241039.68
473.79,1,bungalow,clay_brick,Central,premium,3246,604.82,63.42,32.283,125713.74
91.94,2,storey_building,clay_brick,Eastern,standard,1526,279.23,29.275,14.605,42057.61
156.69,3,commercial_block,compressed_earth_block,Greater Accra,standard,3645,665.1,69.722,34.219,121180.74
405.98,1,storey_building,compressed_earth_block,Western,premium,3612,629.97,65.965,27.149,120429.62
451.45,1,warehouse,compressed_earth_block,Central,premium,3168,580.1,60.819,30.263,110519.54
274.45,2,commercial_block,sandcrete_block,Eastern,standard,4325,770.37,80.713,36.389,115258.22
77.0,2,bungalow,sandcrete_block,Ashanti,premium,1133,214.42,22.493,12.108,45804.69
73.31,2,bungalow,clay_brick,Central,standard,1059,192.95,20.224,9.719,33932.79
115.43,3,commercial_block,sandcrete_block,Ashanti,standard,2786,508.64,53.322,26.259,87069.09
560.61,3,bungalow,compressed_earth_block,Greater Accra,standard,12568,2310.47,242.235,120.77,424019.38
598.14,2,bungalow,sandcrete_block,Western,standard,10196,1801.47,188.716,83.292,277983.54
316.46,2,commercial_block,compressed_earth_block,Western,standard,4756,881.72,92.458,47.26,146864.35
370.03,3,storey_building,compressed_earth_block,Western,standard,9846,1740.19,182.277,79.103,283293.52
358.04,2,storey_building,sandcrete_block,Central,standard,5632,1047.72,109.876,56.94,177641.55
257.89,4,bungalow,compressed_earth_block,Central,premium,9497,1679.83,175.966,77.171,344381.16
569.49,4,storey_building,sandcrete_block,Northern,standard,16987,3130.3,328.244,167.593,492103.56
517.2,1,storey_building,sandcrete_block,Western,standard,4064,760.17,79.726,41.715,126309.09
129.93,2,commercial_block,sandcrete_block,Western,standard,2444,420.3,44.001,17.41,68896.05
249.7,1,bungalow,clay_brick,Eastern,standard,2280,406.42,42.583,19.308,66733.73
106.3,4,commercial_block,sandcrete_block,Northern,standard,3953,693.34,72.621,31.306,108387.56
131.5,3,warehouse,sandcrete_block,Western,standard,3246,570.57,59.761,25.696,96946.27
232.72,1,bungalow,clay_brick,Northern,standard,2223,391.54,41.007,17.417,61188.05
280.25,1,storey_building,clay_brick,Greater Accra,standard,2666,460.79,48.242,19.292,92538.88
65.26,2,commercial_block,compressed_earth_block,Northern,standard,1225,212.47,22.248,9.186,29049.28
262.45,4,storey_building,compressed_earth_block,Greater Accra,premium,7985,1439.37,150.84,70.475,342553.28
436.39,3,commercial_block,sandcrete_block,Northern,premium,9743,1806.72,189.462,97.406,339735.31
584.21,2,warehouse,compressed_earth_block,Western,standard,9246,1704.02,178.673,90.429,271251.1
289.8,1,commercial_block,compressed_earth_block,Central,standard,2333,422.89,44.33,21.62,66670.64
587.23,1,bungalow,clay_brick,Greater Accra,standard,4449,818.68,85.834,42.93,165593.0
153.05,3,commercial_block,compressed_earth_block,Central,premium,3586,674.67,70.765,37.48,135890.6
251.85,2,commercial_block,sandcrete_block,Central,standard,4317,779.14,81.649,38.061,129398.02
134.57,3,commercial_block,compressed_earth_block,Ashanti,standard,3369,597.33,62.584,28.3,91613.84
307.65,4,storey_building,compressed_earth_block,Greater Accra,standard,10783,1971.53,206.67,100.968,348681.29
306.31,3,bungalow,compressed_earth_block,Eastern,standard,7338,1372.4,143.936,75.293,222593.09
411.02,4,warehouse,compressed_earth_block,Northern,standard,14905,2575.33,269.643,109.236,333506.04
457.31,2,bungalow,clay_brick,Ashanti,standard,8301,1498.51,157.048,74.135,271380.64
150.69,2,storey_building,sandcrete_block,Central,premium,2597,467.16,48.955,22.843,95518.91
193.12,1,storey_building,clay_brick,Greater Accra,standard,1337,252.16,26.451,14.174,52865.16
291.01,2,commercial_block,sandcrete_block,Ashanti,standard,4901,849.88,88.992,36.608,160668.35
192.77,2,bungalow,sandcrete_block,Western,standard,2902,528.64,55.409,26.568,85444.67
525.62,3,commercial_block,clay_brick,Central,premium,14834,2620.0,274.47,121.697,504541.52
316.82,2,storey_building,clay_brick,Central,standard,4465,842.79,88.411,47.672,138691.75
528.83,1,commercial_block,sandcrete_block,Ashanti,standard,4536,787.74,82.487,34.008,139115.65
135.09,1,bungalow,compressed_earth_block,Greater Accra,premium,1198,210.56,22.051,9.301,48822.98
188.24,4,commercial_block,compressed_earth_block,Greater Accra,standard,5652,1021.91,107.097,50.428,189891.89
282.21,3,storey_building,compressed_earth_block,Eastern,premium,7446,1325.58,138.86,61.065,217379.35
61.64,1,bungalow,compressed_earth_block,Central,premium,464,82.85,8.679,3.814,14978.07
269.63,2,storey_building,compressed_earth_block,Northern,standard,5188,905.0,94.772,39.574,136290.57
448.7,1,commercial_block,compressed_earth_block,Greater Accra,standard,3510,641.12,67.214,33.291,114075.73
489.52,3,storey_building,clay_brick,Ashanti,standard,14058,2522.95,264.403,124.226,474075.76
59.67,1,bungalow,compressed_earth_block,Central,premium,574,96.98,10.148,3.692,18664.58
525.76,3,storey_building,sandcrete_block,Central,premium,14662,2508.24,262.549,101.536,502228.64
335.38,4,warehouse,sandcrete_block,Eastern,standard,9308,1751.82,183.741,96.898,290121.44
261.26,4,commercial_block,compressed_earth_block,Northern,standard,9178,1593.53,166.855,68.167,202643.87
444.23,4,commercial_block,sandcrete_block,Northern,standard,15272,2685.65,281.317,122.593,396445.16
199.07,3,commercial_block,clay_brick,Western,premium,4663,830.01,86.955,38.832,185644.82
504.57,4,bungalow,clay_brick,Ashanti,standard,16188,2957.67,310.036,150.899,552869.06
262.0,2,commercial_block,compressed_earth_block,Greater Accra,standard,4799,830.58,86.959,34.901,144399.13
177.59,4,bungalow,clay_brick,Greater Accra,premium,5638,1035.18,108.499,51.873,255019.76
398.65,2,bungalow,sandcrete_block,Northern,premium,6618,1173.27,122.903,53.917,209918.35
226.01,4,bungalow,sandcrete_block,Ashanti,standard,6774,1261.88,132.348,69.494,208278.34
364.93,1,commercial_block,sandcrete_block,Central,premium,2941,529.61,55.494,25.461,99084.56
135.04,2,commercial_block,compressed_earth_block,Ashanti,standard,2414,430.0,45.05,20.229,68210.49
468.41,1,storey_building,compressed_earth_block,Ashanti,standard,3567,664.84,69.72,35.95,118651.46
381.79,1,warehouse,compressed_earth_block,Greater Accra,standard,3210,567.79,59.473,25.754,95196.19
164.53,2,storey_building,compressed_earth_block,Eastern,standard,2768,487.75,51.086,21.85,75921.01
559.66,4,storey_building,compressed_earth_block,Central,standard,16247,2893.18,303.135,137.621,456743.15
302.26,4,commercial_block,clay_brick,Western,standard,8891,1645.69,172.573,88.481,262975.18
58.0,1,warehouse,compressed_earth_block,Greater Accra,premium,503,88.87,9.31,4.1,19954.89
169.18,1,commercial_block,compressed_earth_block,Central,premium,1542,273.03,28.599,12.381,52353.3
366.17,4,commercial_block,sandcrete_block,Northern,standard,13915,2457.83,257.468,113.187,346764.34
209.79,4,storey_building,sandcrete_block,Northern,premium,7600,1319.58,138.169,56.37,249814.28
323.08,3,warehouse,clay_brick,Western,standard,7552,1389.78,145.719,73.466,228690.89
167.61,1,commercial_block,compressed_earth_block,Central,standard,1275,232.37,24.358,11.851,36415.64
365.77,4,bungalow,sandcrete_block,Northern,standard,11355,2121.64,222.486,114.269,318633.05
46.17,3,bungalow,clay_brick,Northern,standard,1016,186.02,19.501,9.604,27888.78
316.68,3,storey_building,compressed_earth_block,Western,standard,7017,1282.2,134.422,66.527,180406.72
400.65,1,warehouse,clay_brick,Eastern,premium,2838,519.05,54.415,26.879,107057.77
165.21,3,storey_building,sandcrete_block,Western,standard,4775,833.94,87.339,36.976,140859.71
573.08,3,bungalow,compressed_earth_block,Eastern,premium,16427,2864.42,300.002,127.884,559996.08
384.25,2,storey_building,clay_brick,Central,standard,5674,1016.5,106.513,48.953,174700.19
214.84,4,commercial_block,sandcrete_block,Eastern,standard,6510,1180.44,123.717,58.669,171708.46
521.35,3,storey_building,sandcrete_block,Northern,standard,14659,2514.7,263.262,104.316,363222.0
89.51,3,warehouse,compressed_earth_block,Western,standard,2424,416.57,43.61,17.273,65177.3
511.93,1,storey_building,compressed_earth_block,Northern,standard,4643,815.37,85.395,36.26,109674.0
66.53,3,storey_building,clay_brick,Greater Accra,standard,1655,298.31,31.259,14.46,56228.22
404.75,4,bungalow,clay_brick,Greater Accra,standard,12661,2307.34,241.853,116.784,448236.5
52.23,3,warehouse,compressed_earth_block,Western,standard,1420,250.88,26.279,11.438,39140.79
199.49,4,commercial_block,clay_brick,Central,premium,5671,1063.51,111.548,58.95,213241.93
593.08,1,bungalow,sandcrete_block,Western,premium,5107,913.63,95.739,44.39,202572.05
188.85,4,warehouse,sandcrete_block,Greater Accra,standard,6098,1105.1,115.82,54.814,194751.62
291.02,1,storey_building,clay_brick,Northern,standard,2719,479.77,50.253,21.783,76305.45
152.1,3,warehouse,clay_brick,Ashanti,standard,3671,679.39,71.245,36.632,116998.89
517.47,1,warehouse,sandcrete_block,Ashanti,premium,3512,678.98,71.248,39.849,149622.66
491.89,4,commercial_block,sandcrete_block,Central,standard,19858,3417.92,357.85,143.983,539758.99
139.63,2,warehouse,clay_brick,Greater Accra,premium,1892,346.66,36.339,17.721,87826.49
148.05,4,storey_building,clay_brick,Western,standard,4322,785.41,82.324,39.686,145249.51
559.97,1,warehouse,compressed_earth_block,Central,standard,5098,897.9,94.048,40.637,137311.72
491.58,4,storey_building,sandcrete_block,Northern,standard,16844,2986.99,312.87,135.512,433735.44
487.56,4,warehouse,clay_brick,Northern,standard,15905,2899.25,303.915,148.096,470390.38
278.06,1,commercial_block,sandcrete_block,Ashanti,premium,2213,395.98,41.492,19.048,85199.82
125.01,4,storey_building,clay_brick,Central,standard,4120,733.01,76.806,35.186,121463.99
119.58,4,warehouse,clay_brick,Ashanti,premium,3639,693.21,72.732,40.026,154435.03
72.96,2,warehouse,sandcrete_block,Eastern,standard,1139,204.17,21.395,9.972,32228.81
144.15,2,storey_building,sandcrete_block,Central,standard,2070,393.26,41.256,22.377,65466.3
89.15,4,bungalow,clay_brick,Northern,premium,2699,493.34,51.715,25.212,99232.28
181.85,2,warehouse,clay_brick,Greater Accra,standard,2867,505.99,53.004,23.26,93430.63
530.71,2,bungalow,compressed_earth_block,Ashanti,standard,7955,1444.42,151.385,71.841,238499.14
150.3,3,storey_building,sandcrete_block,Central,standard,3744,673.47,70.571,32.641,114152.1
332.31,1,commercial_block,compressed_earth_block,Eastern,standard,3032,541.48,56.734,25.781,76611.91
110.88,3,commercial_block,sandcrete_block,Central,standard,2811,502.99,52.703,24.073,76435.41
60.4,1,warehouse,compressed_earth_block,Ashanti,premium,471,84.57,8.86,4.013,16460.04
92.41,2,commercial_block,compressed_earth_block,Eastern,standard,1726,297.57,31.15,12.194,44771.42
62.13,1,warehouse,clay_brick,Greater Accra,standard,584,102.55,10.741,4.655,21823.83
221.8,4,warehouse,clay_brick,Western,standard,8250,1449.3,151.787,64.408,260613.06
200.98,2,bungalow,sandcrete_block,Eastern,standard,2727,521.41,54.705,30.038,82195.65
592.18,2,bungalow,sandcrete_block,Ashanti,standard,9885,1800.72,188.746,90.927,317755.2
426.27,1,commercial_block,compressed_earth_block,Western,standard,3295,609.29,63.894,32.906,101071.32
77.18,4,commercial_block,compressed_earth_block,Northern,standard,2169,388.12,40.667,18.544,55382.81
485.49,4,storey_building,sandcrete_block,Central,premium,17899,3190.61,334.292,151.306,657210.26
423.72,4,storey_building,compressed_earth_block,Western,standard,14392,2600.9,272.605,130.38,357713.35
123.97,4,commercial_block,sandcrete_block,Central,standard,4397,782.05,81.926,36.261,122476.76
466.86,1,commercial_block,sandcrete_block,Greater Accra,standard,4008,693.72,72.635,29.47,135801.86
595.1,4,storey_building,clay_brick,Ashanti,standard,20752,3676.12,385.113,171.005,638624.13
178.47,3,warehouse,compressed_earth_block,Ashanti,standard,4551,810.76,84.936,37.735,149051.26
100.08,2,bungalow,compressed_earth_block,Central,standard,1447,268.66,28.171,14.312,40454.61
446.39,1,bungalow,sandcrete_block,Eastern,standard,4127,708.26,74.145,29.184,113771.84
575.9,1,warehouse,sandcrete_block,Central,standard,5592,950.31,99.457,37.335,145293.12
360.08,1,bungalow,clay_brick,Western,standard,3196,565.58,59.251,26.363,95206.28
96.67,1,storey_building,compressed_earth_block,Central,premium,732,130.11,13.634,6.249,26229.64
372.34,4,warehouse,sandcrete_block,Western,standard,12896,2340.99,245.362,117.205,386510.83
148.09,1,storey_building,compressed_earth_block,Northern,standard,1120,201.73,21.143,10.011,27991.23
489.51,3,bungalow,compressed_earth_block,Central,premium,10357,1937.74,203.226,106.18,353916.05
158.58,3,commercial_block,compressed_earth_block,Western,standard,4636,796.3,83.365,33.153,126653.16
564.76,1,warehouse,compressed_earth_block,Central,standard,3866,714.69,74.933,37.59,108649.68
166.95,4,warehouse,compressed_earth_block,Ashanti,standard,5314,955.71,100.153,46.752,159003.67
545.39,4,commercial_block,sandcrete_block,Central,standard,19181,3472.37,363.947,174.193,565506.85
251.28,2,bungalow,compressed_earth_block,Central,standard,3934,723.18,75.822,37.954,115112.62
204.62,3,warehouse,sandcrete_block,Western,standard,4860,887.13,92.998,45.664,153312.15
57.36,4,warehouse,clay_brick,Eastern,standard,1937,344.69,36.108,15.923,58113.76
597.51,2,bungalow,clay_brick,Central,premium,9486,1726.56,180.941,84.93,367138.46
508.27,2,bungalow,compressed_earth_block,Ashanti,standard,7777,1449.58,152.012,78.234,241191.95
540.15,4,warehouse,compressed_earth_block,Greater Accra,standard,15796,2947.84,309.163,161.456,542267.85
413.74,3,storey_building,compressed_earth_block,Eastern,standard,10082,1832.94,192.116,92.048,270206.09
498.79,3,storey_building,sandcrete_block,Eastern,standard,11634,2159.83,226.505,117.37,339005.34
577.37,2,bungalow,clay_brick,Northern,standard,9135,1682.35,176.347,85.483,274125.49
318.08,4,commercial_block,clay_brick,Central,standard,10896,1967.3,206.204,99.149,356121.6
465.59,4,warehouse,sandcrete_block,Northern,standard,16601,2950.64,309.137,139.112,482795.39
275.29,1,commercial_block,clay_brick,Eastern,standard,2111,392.52,41.161,21.056,70210.14
262.07,4,storey_building,clay_brick,Ashanti,standard,9947,1698.77,177.828,69.449,326607.37
290.47,2,storey_building,clay_brick,Western,standard,4663,862.98,90.49,45.988,146669.13
518.04,2,bungalow,sandcrete_block,Central,standard,7668,1415.82,148.444,74.408,216956.51
253.53,1,commercial_block,sandcrete_block,Northern,premium,2314,405.84,42.504,18.02,72556.68
338.33,1,storey_building,compressed_earth_block,Eastern,standard,3316,568.73,59.54,23.609,93681.17
178.46,2,bungalow,compressed_earth_block,Greater Accra,premium,2871,521.15,54.622,26.112,115834.31
492.17,2,storey_building,compressed_earth_block,Western,standard,8854,1552.43,162.59,69.174,240722.18
207.31,1,warehouse,sandcrete_block,Western,standard,1562,293.24,30.758,16.328,44063.93
512.87,3,bungalow,sandcrete_block,Eastern,standard,11502,2060.95,215.952,99.105,341980.62
445.45,3,commercial_block,sandcrete_block,Greater Accra,premium,12794,2233.98,233.964,99.076,536522.5
554.7,3,bungalow,clay_brick,Ashanti,standard,13418,2427.99,254.496,122.693,455803.17
487.73,1,commercial_block,sandcrete_block,Greater Accra,premium,4258,756.3,79.233,35.359,187559.73
97.86,1,warehouse,sandcrete_block,Western,standard,845,148.56,15.56,6.663,26566.37
82.08,2,warehouse,sandcrete_block,Northern,premium,1387,244.99,25.662,11.15,50697.62
315.78,3,bungalow,clay_brick,Central,standard,7567,1386.83,145.398,72.489,237325.52
529.01,1,warehouse,clay_brick,Greater Accra,standard,4176,744.64,78.019,35.352,153090.39
420.32,3,bungalow,compressed_earth_block,Northern,premium,10049,1800.92,188.711,87.009,343320.1
292.68,3,storey_building,sandcrete_block,Eastern,standard,7507,1387.17,145.444,73.213,211776.24
282.48,3,storey_building,compressed_earth_block,Ashanti,standard,6532,1192.68,125.03,61.361,195170.75
281.54,2,commercial_block,clay_brick,Ashanti,premium,5093,902.5,94.55,42.185,205706.2
217.92,3,bungalow,clay_brick,Western,standard,5337,967.54,101.393,47.379,153602.33
51.35,2,bungalow,compressed_earth_block,Greater Accra,standard,803,146.24,15.329,7.397,24330.35
347.82,2,storey_building,clay_brick,Central,standard,6353,1118.85,117.184,50.113,210291.1
385.89,3,warehouse,clay_brick,Northern,standard,8451,1577.92,165.48,85.819,256747.25
123.57,2,commercial_block,clay_brick,Western,standard,1834,333.09,34.917,17.084,57019.62
338.7,1,warehouse,sandcrete_block,Western,standard,3138,545.12,57.076,23.184,88840.65
130.19,1,warehouse,clay_brick,Greater Accra,standard,1207,206.85,21.657,8.763,42969.9
355.36,3,commercial_block,compressed_earth_block,Eastern,standard,7323,1378.58,144.608,77.296,191959.29
496.33,4,bungalow,clay_brick,Ashanti,standard,18462,3226.43,337.901,142.927,610868.18
122.85,2,commercial_block,compressed_earth_block,Central,standard,1715,317.21,33.263,16.988,51069.74
184.0,4,warehouse,clay_brick,Ashanti,standard,5360,987.92,103.576,51.693,192840.86
323.21,2,commercial_block,sandcrete_block,Central,standard,5671,1016.92,106.536,47.54,175966.88
77.16,3,bungalow,clay_brick,Greater Accra,standard,1928,343.67,36.003,15.99,72172.92
355.29,1,storey_building,compressed_earth_block,Central,standard,2671,481.9,50.512,24.421,67315.24
87.31,2,commercial_block,clay_brick,Central,standard,1568,276.0,28.909,12.473,51342.41
196.02,4,warehouse,compressed_earth_block,Northern,standard,5897,1040.45,108.992,47.931,138212.32
215.93,2,bungalow,clay_brick,Ashanti,premium,3425,614.76,64.418,29.72,130517.32
591.8,1,warehouse,compressed_earth_block,Central,standard,5100,900.66,94.343,41.117,139312.22
459.73,1,commercial_block,sandcrete_block,Western,standard,3532,659.04,69.119,36.169,110043.58
384.18,4,storey_building,clay_brick,Central,standard,12402,2256.59,236.542,114.897,388059.77
249.4,1,storey_building,compressed_earth_block,Western,standard,2032,372.79,39.081,19.302,63983.39
526.69,1,commercial_block,clay_brick,Western,standard,4200,783.13,82.138,43.291,135118.51
466.13,3,storey_building,compressed_earth_block,Ashanti,standard,12332,2164.02,226.6,93.282,358702.03
86.79,2,storey_building,clay_brick,Ashanti,standard,1275,236.71,24.822,12.703,44976.65
225.63,3,warehouse,clay_brick,Ashanti,premium,5035,929.77,97.478,48.525,213173.75
129.32,4,warehouse,compressed_earth_block,Ashanti,standard,4162,766.59,80.376,40.424,120055.58
343.37,2,bungalow,clay_brick,Eastern,premium,6193,1091.45,114.308,48.509,229696.59
512.11,3,bungalow,sandcrete_block,Eastern,standard,12058,2159.57,226.302,105.006,340547.23
451.65,1,warehouse,sandcrete_block,Northern,standard,3693,676.0,70.863,34.563,94429.64
79.33,4,bungalow,compressed_earth_block,Northern,standard,2976,527.68,55.274,24.176,71306.55
93.87,1,bungalow,clay_brick,Greater Accra,standard,865,151.92,15.915,6.998,29963.96
525.52,3,storey_building,compressed_earth_block,Greater Accra,standard,11656,2129.77,223.243,107.976,405410.33
447.13,1,commercial_block,sandcrete_block,Greater Accra,standard,3110,572.07,59.976,29.781,109189.72
350.81,3,bungalow,clay_brick,Greater Accra,premium,9546,1693.54,177.398,77.455,413091.58
42.03,1,bungalow,sandcrete_block,Greater Accra,standard,374,67.67,7.093,3.384,14730.26
47.28,4,storey_building,sandcrete_block,Ashanti,standard,1789,311.75,32.649,13.811,51211.02
149.11,2,warehouse,clay_brick,Western,standard,2390,429.29,44.981,20.572,77473.27
199.52,1,storey_building,compressed_earth_block,Ashanti,premium,1809,314.92,32.972,13.341,66159.24
489.07,3,commercial_block,sandcrete_block,Western,premium,11667,2117.04,221.918,108.047,402912.78
212.9,2,warehouse,sandcrete_block,Greater Accra,standard,3004,548.39,57.487,28.152,99466.65
467.51,2,commercial_block,sandcrete_block,Greater Accra,premium,8375,1464.53,153.389,65.632,365209.14
338.68,1,storey_building,compressed_earth_block,Greater Accra,standard,2698,483.76,50.694,23.583,86475.74
275.79,1,bungalow,sandcrete_block,Western,standard,2461,439.37,46.037,21.051,72439.74
318.31,4,storey_building,sandcrete_block,Greater Accra,premium,9904,1763.26,184.744,83.682,447432.96
80.08,1,commercial_block,compressed_earth_block,Northern,standard,647,114.78,12.024,5.367,15386.89
214.28,2,bungalow,compressed_earth_block,Western,standard,3712,661.85,69.341,31.201,102737.1
164.9,1,commercial_block,clay_brick,Ashanti,standard,1285,233.23,24.444,11.632,40701.93
331.63,1,storey_building,compressed_earth_block,Eastern,standard,2696,482.01,50.499,22.705,70038.6
259.92,4,bungalow,clay_brick,Greater Accra,standard,8356,1509.19,158.144,73.061,316417.78
413.5,4,storey_building,sandcrete_block,Western,standard,12700,2288.11,239.779,111.739,380807.25
286.98,1,commercial_block,clay_brick,Greater Accra,premium,2379,428.25,44.877,20.851,119384.91
574.39,1,storey_building,sandcrete_block,Northern,premium,4202,772.66,81.005,40.255,147591.57
190.37,4,bungalow,clay_brick,Eastern,premium,6935,1226.1,128.452,57.372,252307.34
402.86,4,bungalow,clay_brick,Northern,standard,14497,2552.55,267.342,114.205,402727.43
96.45,4,warehouse,compressed_earth_block,Greater Accra,standard,2886,519.17,54.402,25.065,96509.44
516.16,2,commercial_block,clay_brick,Western,standard,7853,1416.0,148.403,70.237,254456.65
500.1,3,warehouse,sandcrete_block,Central,premium,12193,2209.28,231.536,109.096,394016.83
187.86,4,bungalow,sandcrete_block,Greater Accra,standard,5911,1075.12,112.694,54.508,187648.84
427.45,4,warehouse,clay_brick,Greater Accra,standard,14918,2644.88,277.051,121.052,542800.43
292.64,2,commercial_block,clay_brick,Greater Accra,standard,5091,899.02,94.168,40.849,165956.64
285.96,3,storey_building,compressed_earth_block,Central,standard,6550,1196.0,125.355,59.935,190242.68
287.6,2,warehouse,sandcrete_block,Northern,standard,5066,918.04,96.215,45.567,135395.81
519.34,3,warehouse,clay_brick,Greater Accra,premium,13857,2479.84,259.835,118.534,665165.3
40.36,3,warehouse,compressed_earth_block,Eastern,standard,1119,197.65,20.703,8.992,30315.69
593.25,1,commercial_block,clay_brick,Northern,premium,4355,806.08,84.523,42.97,174933.5
101.41,3,storey_building,compressed_earth_block,Central,standard,2234,418.45,43.89,23.19,64206.78
305.15,1,bungalow,clay_brick,Eastern,premium,2608,458.82,48.058,20.727,99475.72
536.1,2,bungalow,sandcrete_block,Ashanti,standard,10581,1788.65,187.17,68.416,320716.73
232.66,1,warehouse,sandcrete_block,Ashanti,premium,2020,360.67,37.78,16.528,77490.76
546.52,4,bungalow,sandcrete_block,Northern,premium,18301,3285.27,344.267,159.906,599757.11
211.95,4,storey_building,sandcrete_block,Ashanti,standard,6734,1235.17,129.505,64.994,219965.42
264.95,3,warehouse,clay_brick,Northern,premium,6492,1177.94,123.458,58.767,220904.62
491.35,2,bungalow,sandcrete_block,Greater Accra,premium,8029,1443.85,151.305,70.5,352015.54
563.91,4,bungalow,clay_brick,Greater Accra,standard,17082,3064.03,321.089,149.508,616657.6
377.43,3,warehouse,clay_brick,Western,standard,10992,1898.77,198.796,79.887,320012.63
414.33,2,warehouse,compressed_earth_block,Northern,standard,6472,1190.3,124.811,63.418,172603.09
369.85,2,bungalow,clay_brick,Eastern,standard,6118,1106.58,115.97,54.568,177149.13
69.01,3,commercial_block,sandcrete_block,Western,standard,1976,338.4,35.425,13.842,57674.84
217.89,4,bungalow,clay_brick,Greater Accra,standard,5825,1113.97,116.873,64.03,231527.68
174.67,2,storey_building,clay_brick,Ashanti,standard,3142,544.45,57.012,23.607,96557.92
482.78,4,commercial_block,clay_brick,Ashanti,standard,15008,2698.74,282.862,135.473,455264.28
143.3,4,bungalow,clay_brick,Western,premium,4669,822.73,86.174,37.191,187810.18
461.09,4,storey_building,sandcrete_block,Ashanti,standard,14988,2636.09,276.093,118.033,480193.78
74.06,1,bungalow,clay_brick,Ashanti,standard,670,118.13,12.373,5.312,21837.14
517.22,4,commercial_block,clay_brick,Eastern,premium,17195,3068.41,321.515,147.427,632853.29
499.05,4,commercial_block,compressed_earth_block,Northern,standard,17790,3124.84,327.303,141.363,468066.73
133.68,3,commercial_block,sandcrete_block,Ashanti,standard,3370,606.83,63.596,29.955,103487.12
90.48,1,warehouse,sandcrete_block,Ashanti,premium,685,124.88,13.092,6.448,26991.97
300.18,2,storey_building,clay_brick,Ashanti,standard,4213,776.26,81.372,39.696,135559.02
72.71,2,commercial_block,compressed_earth_block,Central,standard,1252,219.78,23.019,9.811,31401.47
483.76,2,storey_building,clay_brick,Eastern,standard,8791,1574.44,164.965,75.023,253636.64
333.89,3,commercial_block,sandcrete_block,Northern,standard,8655,1551.05,162.52,74.382,226979.32
354.9,1,warehouse,clay_brick,Central,premium,2737,493.19,51.687,24.354,110396.12
51.28,1,bungalow,clay_brick,Central,standard,473,82.93,8.685,3.67,14440.79
281.3,2,storey_building,compressed_earth_block,Western,standard,5108,899.38,94.203,40.679,136274.45
444.84,2,warehouse,sandcrete_block,Ashanti,standard,7739,1422.38,149.133,74.818,225394.92
202.57,1,storey_building,compressed_earth_block,Eastern,standard,1598,288.54,30.242,14.386,42360.63
450.1,3,warehouse,clay_brick,Ashanti,standard,10589,1924.1,201.674,96.842,371763.52
490.4,1,storey_building,compressed_earth_block,Eastern,standard,3513,662.12,69.461,37.619,94366.52
355.73,1,storey_building,sandcrete_block,Central,standard,2768,515.03,54.018,28.417,81917.11
41.08,1,commercial_block,sandcrete_block,Greater Accra,standard,398,67.72,7.087,2.696,11669.44
515.66,4,commercial_block,clay_brick,Ashanti,standard,17452,3142.4,329.357,157.268,557200.45
264.04,4,bungalow,clay_brick,Ashanti,standard,9134,1648.76,172.79,81.284,303502.67
346.33,3,commercial_block,sandcrete_block,Central,standard,8378,1504.57,157.668,73.33,252495.85
409.86,4,storey_building,clay_brick,Ashanti,premium,15124,2703.52,283.257,128.175,641579.7
117.76,1,commercial_block,clay_brick,Central,standard,891,162.33,17.02,8.522,27936.74
318.71,4,bungalow,clay_brick,Greater Accra,standard,10666,1910.29,200.172,92.293,364252.6
530.42,4,storey_building,sandcrete_block,Western,premium,19725,3360.9,351.816,137.034,701713.82
99.36,1,storey_building,clay_brick,Ashanti,standard,735,133.48,13.989,6.605,23237.81
120.27,3,commercial_block,clay_brick,Greater Accra,standard,2738,494.3,51.809,24.801,95207.07
405.02,2,bungalow,clay_brick,Western,standard,6149,1137.88,119.313,60.518,186503.15
597.91,4,commercial_block,clay_brick,Western,standard,18319,3281.26,343.787,155.478,530333.49
141.0,3,warehouse,sandcrete_block,Western,premium,3422,599.92,62.826,26.368,120737.32
382.85,2,storey_building,compressed_earth_block,Ashanti,premium,6594,1173.43,122.937,55.171,249085.23
443.91,4,bungalow,compressed_earth_block,Ashanti,standard,16474,2894.68,303.195,130.888,500531.8
546.9,2,warehouse,sandcrete_block,Western,standard,8015,1499.14,157.226,82.076,246315.68
500.07,4,storey_building,clay_brick,Eastern,standard,16399,2934.97,307.526,140.497,441116.53
571.78,1,warehouse,sandcrete_block,Central,standard,5331,926.01,96.966,40.044,142577.62
581.42,3,warehouse,compressed_earth_block,Greater Accra,standard,15677,2821.84,295.718,138.402,513449.53
260.0,2,warehouse,clay_brick,Western,standard,4126,733.44,76.839,34.368,124938.08
246.9,2,storey_building,sandcrete_block,Eastern,standard,4588,797.7,83.525,34.082,119700.73
96.53,3,commercial_block,clay_brick,Northern,standard,2313,431.97,45.304,23.652,67376.8
205.22,3,warehouse,clay_brick,Central,standard,4543,858.61,90.075,48.91,147405.25
220.11,3,commercial_block,compressed_earth_block,Eastern,standard,4926,886.59,92.907,43.143,124894.71
572.59,3,commercial_block,clay_brick,Northern,standard,13003,2397.72,251.422,128.093,383233.56
449.44,4,warehouse,sandcrete_block,Western,standard,12631,2304.02,241.527,118.228,376165.22
258.67,1,warehouse,compressed_earth_block,Greater Accra,standard,2003,362.4,37.981,18.019,66232.17
179.99,2,warehouse,sandcrete_block,Western,standard,2542,481.23,50.487,27.573,76960.76
333.32,3,storey_building,clay_brick,Northern,standard,7594,1388.12,145.516,71.317,235352.42
578.73,1,warehouse,sandcrete_block,Northern,standard,5008,898.53,94.159,43.82,130378.42
446.42,4,bungalow,compressed_earth_block,Eastern,standard,17103,2962.47,310.225,129.044,410977.24
85.23,2,warehouse,compressed_earth_block,Central,premium,1441,257.42,26.973,12.399,53684.93
154.83,1,commercial_block,compressed_earth_block,Greater Accra,standard,1427,251.2,26.313,11.521,46154.36
431.59,1,storey_building,sandcrete_block,Western,standard,3159,590.39,61.92,32.441,99038.56
141.77,2,bungalow,compressed_earth_block,Western,standard,2671,461.43,48.312,19.476,71212.37
586.67,3,bungalow,clay_brick,Eastern,premium,12876,2506.96,263.146,152.983,514426.91
503.75,1,storey_building,clay_brick,Central,standard,4573,820.58,85.982,39.435,135408.15
123.91,1,bungalow,clay_brick,Central,premium,839,155.49,16.303,8.21,31222.24
537.1,2,storey_building,clay_brick,Eastern,standard,8965,1615.95,169.358,80.16,260133.85
522.99,1,bungalow,compressed_earth_block,Greater Accra,standard,4124,746.92,78.291,37.834,150015.91
112.66,1,commercial_block,compressed_earth_block,Greater Accra,premium,1116,194.35,20.353,8.512,41172.72
370.34,3,commercial_block,clay_brick,Western,standard,9092,1596.0,167.144,70.446,309905.32
236.17,3,bungalow,sandcrete_block,Greater Accra,standard,6637,1165.82,122.1,51.932,218020.66
499.05,2,bungalow,clay_brick,Central,premium,8994,1621.2,169.887,78.862,406063.35
72.99,4,bungalow,compressed_earth_block,Central,standard,2740,485.13,50.822,22.488,70380.26
305.47,1,commercial_block,compressed_earth_block,Greater Accra,standard,2617,464.75,48.693,22.035,78881.05
571.8,4,commercial_block,clay_brick,Northern,standard,18068,3251.11,340.742,162.032,527903.68
427.27,4,commercial_block,clay_brick,Ashanti,standard,13081,2405.04,252.143,125.208,433795.24
306.19,4,warehouse,clay_brick,Greater Accra,standard,8878,1612.01,168.967,81.456,332662.26
445.21,3,bungalow,compressed_earth_block,Northern,standard,10047,1880.75,197.267,104.293,276168.69
209.82,3,bungalow,compressed_earth_block,Eastern,standard,5633,986.08,103.278,44.119,139197.04
140.99,2,commercial_block,clay_brick,Greater Accra,premium,2518,442.74,46.37,19.763,107749.16
554.76,2,storey_building,clay_brick,Northern,standard,7423,1418.29,148.8,81.45,224955.91
47.82,2,bungalow,compressed_earth_block,Central,standard,884,152.74,15.994,6.591,21490.32
117.34,1,bungalow,sandcrete_block,Greater Accra,standard,1007,184.14,19.302,9.38,37448.45
172.32,2,storey_building,clay_brick,Ashanti,standard,3159,541.81,56.712,21.779,99407.94
314.04,2,warehouse,compressed_earth_block,Greater Accra,premium,5460,965.17,101.108,44.68,216749.62
367.08,2,bungalow,compressed_earth_block,Eastern,standard,6030,1086.48,113.869,53.977,158121.68
408.78,4,commercial_block,compressed_earth_block,Ashanti,premium,14612,2519.81,263.828,106.745,483434.54
173.19,3,commercial_block,clay_brick,Northern,standard,4546,828.85,86.877,41.774,134217.0
102.78,4,storey_building,compressed_earth_block,Central,standard,4125,711.39,74.481,29.923,102175.28
316.59,1,commercial_block,sandcrete_block,Eastern,standard,2637,473.12,49.575,22.728,71204.74
145.12,2,commercial_block,sandcrete_block,Ashanti,standard,2575,465.04,48.733,22.688,83100.95
207.18,3,commercial_block,compressed_earth_block,Ashanti,standard,5876,1036.84,108.615,47.857,157294.73
421.58,4,bungalow,compressed_earth_block,Central,premium,13768,2482.69,260.167,121.027,486293.16
524.78,3,bungalow,sandcrete_block,Western,standard,14219,2485.88,260.296,106.808,362328.87
181.26,1,warehouse,clay_brick,Ashanti,standard,1321,243.51,25.535,13.056,44505.9
445.5,2,bungalow,clay_brick,Eastern,premium,6670,1233.22,129.301,64.968,256800.03
60.81,3,warehouse,compressed_earth_block,Central,standard,1446,258.1,27.046,12.491,37962.8
84.28,4,storey_building,clay_brick,Greater Accra,standard,3168,555.23,58.152,24.839,112030.7
551.13,1,warehouse,sandcrete_block,Northern,standard,4962,872.3,91.359,38.919,122708.66
141.82,4,storey_building,sandcrete_block,Western,standard,5434,937.19,98.124,39.617,161691.39
161.97,3,bungalow,sandcrete_block,Northern,premium,4099,740.28,77.578,36.256,135518.72
347.62,3,storey_building,clay_brick,Central,standard,8961,1556.88,163.026,67.252,272434.6
188.41,2,storey_building,sandcrete_block,Western,standard,3194,582.94,61.102,29.462,97129.77
163.72,3,bungalow,sandcrete_block,Greater Accra,standard,3611,677.02,71.001,36.829,129853.74
299.67,1,commercial_block,clay_brick,Eastern,standard,2776,481.95,50.463,20.516,77673.76
424.23,4,commercial_block,clay_brick,Western,standard,14149,2488.62,260.669,112.964,421574.96
59.55,4,storey_building,sandcrete_block,Central,standard,1763,326.9,34.28,17.61,57108.79
598.27,2,storey_building,sandcrete_block,Ashanti,standard,10370,1785.79,186.945,73.547,317984.55
263.97,2,warehouse,clay_brick,Western,standard,4789,855.94,89.692,41.437,147229.29
206.29,4,bungalow,clay_brick,Western,standard,6950,1252.15,131.209,60.588,240756.09
370.61,1,warehouse,clay_brick,Greater Accra,standard,2746,516.27,54.152,28.76,102248.69
185.2,1,warehouse,compressed_earth_block,Western,standard,1328,245.87,25.773,12.532,39439.56
67.74,2,bungalow,sandcrete_block,Central,standard,1196,213.95,22.417,10.215,32623.28
385.59,2,commercial_block,compressed_earth_block,Greater Accra,standard,5608,1028.12,107.767,52.047,178788.16
594.09,2,bungalow,compressed_earth_block,Northern,standard,10995,1910.64,200.057,81.621,263196.7
359.0,3,bungalow,clay_brick,Eastern,standard,7300,1379.8,144.743,77.872,219813.82
85.88,4,storey_building,compressed_earth_block,Central,standard,3370,588.56,61.637,25.912,85970.74
459.77,2,bungalow,sandcrete_block,Eastern,standard,7304,1329.45,139.357,67.725,197944.78
308.36,3,commercial_block,clay_brick,Eastern,standard,6503,1188.89,124.636,61.478,196874.38
373.03,2,storey_building,clay_brick,Central,standard,6247,1128.41,118.263,56.025,205054.79
320.34,4,warehouse,compressed_earth_block,Central,standard,11307,2009.16,210.496,94.595,294092.24
271.83,4,commercial_block,compressed_earth_block,Northern,standard,10047,1772.04,185.639,82.368,251801.61
46.02,4,bungalow,compressed_earth_block,Greater Accra,premium,1452,261.49,27.406,12.999,59628.11
407.31,2,bungalow,compressed_earth_block,Eastern,standard,7248,1271.45,133.152,55.904,194864.09
392.93,3,bungalow,clay_brick,Ashanti,standard,9058,1669.69,175.074,88.709,292509.8
173.2,1,storey_building,compressed_earth_block,Central,standard,1486,266.03,27.873,12.597,38547.49
421.04,2,storey_building,compressed_earth_block,Western,standard,7325,1284.06,134.48,57.031,184329.67
429.22,4,storey_building,clay_brick,Northern,standard,13857,2525.08,264.692,128.919,373801.42
323.57,3,commercial_block,compressed_earth_block,Eastern,standard,7314,1308.36,137.1,63.363,193867.9
108.15,1,warehouse,clay_brick,Ashanti,standard,893,158.18,16.571,7.375,30452.61
555.42,1,storey_building,compressed_earth_block,Western,standard,5302,914.03,95.703,38.882,155722.74
441.33,2,storey_building,clay_brick,Eastern,standard,6736,1231.41,129.102,64.219,225465.52
393.73,3,bungalow,clay_brick,Northern,standard,10911,1933.33,202.522,88.915,298799.87
407.13,3,warehouse,clay_brick,Ashanti,standard,11194,1929.22,201.959,79.422,319733.76
242.11,3,warehouse,sandcrete_block,Greater Accra,standard,5308,985.3,103.311,52.159,194705.39
57.45,3,warehouse,clay_brick,Central,standard,1499,267.17,27.986,12.234,42554.03
494.65,2,commercial_block,sandcrete_block,Northern,standard,7545,1360.67,142.604,67.51,192220.28
554.86,2,bungalow,clay_brick,Greater Accra,premium,8394,1520.01,159.297,74.909,401932.8
237.79,3,warehouse,clay_brick,Ashanti,standard,5241,974.5,102.194,52.722,182134.58
433.05,4,storey_building,sandcrete_block,Ashanti,standard,14885,2626.01,275.048,118.323,465276.64
376.48,4,storey_building,clay_brick,Northern,premium,13052,2386.54,250.173,122.127,490688.66
371.52,3,bungalow,sandcrete_block,Greater Accra,premium,8933,1647.7,172.747,86.011,355727.54
535.33,4,commercial_block,sandcrete_block,Ashanti,standard,16726,2993.54,313.631,141.084,545833.16
129.11,3,commercial_block,compressed_earth_block,Ashanti,standard,2898,528.4,55.394,27.241,87864.97
377.48,3,bungalow,clay_brick,Ashanti,standard,8073,1506.51,157.974,80.747,297177.56
194.7,1,warehouse,clay_brick,Ashanti,standard,1516,282.65,29.636,14.963,52301.73
236.0,4,warehouse,compressed_earth_block,Ashanti,standard,6629,1227.52,128.712,65.319,197555.27
564.92,4,storey_building,compressed_earth_block,Western,premium,16380,3032.64,317.947,158.34,596430.98
503.64,4,commercial_block,sandcrete_block,Central,standard,18462,3169.19,331.795,132.526,518242.29
325.59,3,commercial_block,clay_brick,Ashanti,standard,9080,1602.17,167.81,72.137,290337.89
70.11,2,warehouse,compressed_earth_block,Central,standard,1189,212.41,22.257,10.239,29763.82
553.35,3,commercial_block,sandcrete_block,Ashanti,standard,14419,2560.85,268.318,122.045,421091.02
511.95,3,warehouse,sandcrete_block,Central,standard,11682,2122.41,222.473,107.753,340008.61
195.01,1,warehouse,sandcrete_block,Greater Accra,standard,1394,262.69,27.558,14.895,51647.76
208.99,4,commercial_block,clay_brick,Northern,standard,6897,1210.64,126.773,52.508,199678.01
441.2,4,warehouse,compressed_earth_block,Northern,standard,12265,2302.32,241.479,127.304,320434.36
408.42,3,storey_building,clay_brick,Greater Accra,standard,11260,1970.24,206.332,86.656,355847.95
380.71,1,warehouse,compressed_earth_block,Greater Accra,standard,3567,633.68,66.385,29.449,115645.21
184.09,3,bungalow,compressed_earth_block,Ashanti,standard,3827,727.51,76.322,41.458,114074.93
292.67,4,bungalow,sandcrete_block,Northern,premium,9473,1721.72,180.465,86.863,335459.67
97.33,2,warehouse,compressed_earth_block,Greater Accra,standard,1580,284.79,29.847,14.046,53354.2
488.14,1,commercial_block,sandcrete_block,Western,standard,4342,782.2,81.975,38.618,133691.56
117.68,4,storey_building,sandcrete_block,Ashanti,standard,4052,718.28,75.24,32.853,126466.37
308.41,3,bungalow,clay_brick,Ashanti,premium,8124,1434.46,150.243,64.46,337322.08
404.45,2,warehouse,clay_brick,Greater Accra,premium,5866,1058.17,110.899,52.363,288847.57
575.55,3,commercial_block,clay_brick,Eastern,premium,16218,2842.03,297.69,129.253,574935.88
576.25,2,storey_building,compressed_earth_block,Northern,standard,8407,1532.66,160.664,78.474,195171.16
225.98,3,storey_building,clay_brick,Northern,standard,5595,1035.22,108.545,54.843,181207.66
350.25,1,warehouse,compressed_earth_block,Eastern,standard,3275,561.81,58.819,23.588,85278.22
180.51,4,storey_building,sandcrete_block,Central,standard,5190,973.12,102.066,53.766,164520.82
395.14,4,commercial_block,clay_brick,Greater Accra,standard,13274,2334.38,244.51,105.688,466466.3
455.84,2,bungalow,clay_brick,Greater Accra,standard,7811,1387.33,145.328,63.92,270183.79
63.71,3,commercial_block,compressed_earth_block,Central,standard,1785,312.96,32.779,14.085,48570.34
461.77,3,warehouse,clay_brick,Central,premium,11609,2136.16,223.965,111.979,454950.08
83.27,4,bungalow,compressed_earth_block,Northern,premium,2745,498.93,52.296,25.165,88230.63
598.33,4,bungalow,clay_brick,Central,standard,18875,3508.95,367.98,189.996,629098.51
430.16,4,commercial_block,compressed_earth_block,Ashanti,standard,12918,2385.28,250.12,127.58,372975.99
257.1,4,commercial_block,sandcrete_block,Western,standard,8354,1490.17,156.139,71.293,236575.12
152.67,3,storey_building,compressed_earth_block,Greater Accra,standard,3696,658.13,68.952,31.009,119523.62
473.83,3,storey_building,clay_brick,Ashanti,standard,9878,1869.05,196.051,104.429,346766.05
314.08,4,commercial_block,sandcrete_block,Greater Accra,premium,11699,2078.36,217.717,95.819,526354.1
288.03,4,warehouse,sandcrete_block,Western,standard,10170,1815.6,190.217,85.402,297206.4
494.65,1,commercial_block,sandcrete_block,Eastern,premium,4351,765.31,80.154,34.215,148941.68
361.7,3,warehouse,compressed_earth_block,Ashanti,premium,8177,1509.92,158.313,79.551,327009.94
101.99,1,bungalow,compressed_earth_block,Eastern,standard,923,162.21,16.991,7.397,23860.61
75.24,3,commercial_block,compressed_earth_block,Ashanti,standard,1735,320.61,33.62,17.219,52733.76
236.21,4,storey_building,sandcrete_block,Northern,premium,6996,1324.99,139.009,75.879,249670.87
172.8,4,storey_building,clay_brick,Northern,standard,5474,989.75,103.737,49.57,157397.68
103.12,2,warehouse,clay_brick,Northern,standard,1695,309.11,32.404,15.941,47355.03
302.13,3,storey_building,clay_brick,Greater Accra,premium,6740,1268.4,133.056,71.542,295243.26
417.17,1,storey_building,compressed_earth_block,Northern,standard,3423,611.99,64.126,29.474,80143.47
461.21,2,storey_building,sandcrete_block,Central,standard,8864,1557.08,163.079,69.512,243163.48
202.43,1,commercial_block,compressed_earth_block,Central,standard,1532,284.63,29.848,15.399,43309.2
532.24,4,storey_building,clay_brick,Ashanti,standard,21354,3600.21,376.762,139.421,628546.53
178.39,3,warehouse,compressed_earth_block,Greater Accra,standard,3991,732.32,76.781,38.518,136609.79
111.77,1,commercial_block,clay_brick,Eastern,premium,997,175.2,18.351,7.951,39811.99
572.33,1,warehouse,sandcrete_block,Ashanti,standard,4762,858.35,89.959,42.588,140268.01
394.82,3,commercial_block,sandcrete_block,Western,standard,10346,1820.94,190.749,83.76,305849.24
351.67,1,bungalow,clay_brick,Central,standard,2416,459.49,48.207,26.339,79327.98
167.03,1,storey_building,sandcrete_block,Northern,standard,1327,239.17,25.066,11.843,35008.08
380.31,2,warehouse,clay_brick,Eastern,standard,5994,1079.07,113.085,53.145,170547.68
414.47,3,storey_building,sandcrete_block,Eastern,standard,10039,1821.51,190.922,91.687,262520.93
85.51,4,storey_building,sandcrete_block,Ashanti,premium,2843,516.05,54.085,25.629,106706.18
487.7,1,bungalow,compressed_earth_block,Eastern,standard,4036,718.73,75.296,33.599,105933.24
539.46,2,warehouse,compressed_earth_block,Eastern,standard,8138,1502.51,157.523,78.3,229695.58
363.71,2,commercial_block,clay_brick,Western,premium,5331,996.55,104.517,54.633,225381.9
149.36,4,commercial_block,sandcrete_block,Northern,standard,4858,900.57,94.42,47.208,136151.14
518.29,3,bungalow,clay_brick,Eastern,standard,13789,2465.53,258.334,117.758,379626.48
72.27,3,warehouse,clay_brick,Eastern,standard,1945,344.37,36.076,15.973,61850.74
95.07,4,bungalow,compressed_earth_block,Eastern,standard,3400,602.58,63.119,27.488,93036.61
547.54,2,storey_building,sandcrete_block,Ashanti,premium,10050,1806.92,189.333,86.839,401211.28
551.87,1,storey_building,sandcrete_block,Eastern,standard,5207,917.02,96.057,41.931,137968.54
582.44,1,commercial_block,sandcrete_block,Greater Accra,standard,5326,963.96,101.034,48.314,188271.97
174.22,1,bungalow,compressed_earth_block,Greater Accra,premium,1457,253.83,26.58,11.042,48736.99
488.74,1,commercial_block,compressed_earth_block,Ashanti,standard,3586,655.02,68.675,34.32,111404.05
597.49,4,commercial_block,sandcrete_block,Western,premium,21421,3787.33,396.763,176.14,806956.4
499.19,1,warehouse,clay_brick,Greater Accra,standard,4292,768.11,80.482,36.759,153245.04
271.8,4,warehouse,compressed_earth_block,Eastern,standard,9735,1705.29,178.595,75.671,251758.93
327.71,4,bungalow,clay_brick,Eastern,standard,12047,2103.29,220.25,91.37,344217.45
429.72,2,commercial_block,clay_brick,Eastern,standard,6297,1195.37,125.412,68.605,197305.49
415.73,4,storey_building,compressed_earth_block,Ashanti,standard,11383,2143.85,224.846,117.728,363039.97
251.12,4,storey_building,clay_brick,Ashanti,standard,9114,1616.08,169.314,76.085,304361.38
597.12,4,commercial_block,sandcrete_block,Greater Accra,standard,22233,3896.63,408.103,173.543,734523.99
376.92,3,bungalow,sandcrete_block,Central,standard,8429,1508.03,157.993,70.875,258711.41
396.78,3,storey_building,clay_brick,Greater Accra,standard,10157,1827.53,191.519,89.642,380540.56
214.47,1,bungalow,clay_brick,Eastern,premium,1497,282.27,29.609,15.802,62282.41
581.23,4,warehouse,sandcrete_block,Central,premium,18667,3521.02,369.259,191.611,687779.5
506.62,3,bungalow,compressed_earth_block,Greater Accra,premium,14090,2506.98,262.642,117.333,558948.79
578.26,3,bungalow,clay_brick,Central,standard,14397,2572.39,269.53,122.818,417067.97
300.82,3,bungalow,sandcrete_block,Eastern,standard,6902,1280.07,134.24,69.37,196002.54
595.78,3,bungalow,compressed_earth_block,Ashanti,standard,14544,2640.76,276.775,131.856,402314.16
427.94,3,warehouse,compressed_earth_block,Greater Accra,premium,9617,1749.66,183.373,86.827,401056.93
234.34,1,storey_building,clay_brick,Western,standard,2055,365.26,38.268,17.218,59982.98
48.08,1,bungalow,compressed_earth_block,Western,standard,360,65.65,6.882,3.35,10362.15
255.91,2,bungalow,compressed_earth_block,Central,premium,3850,691.82,72.497,33.697,130234.39
320.49,1,warehouse,sandcrete_block,Eastern,standard,2587,467.02,48.944,23.024,76773.2
100.61,2,warehouse,compressed_earth_block,Northern,premium,1656,302.79,31.742,15.631,56451.8
295.07,1,bungalow,clay_brick,Central,standard,2394,440.56,46.188,22.933,83576.7
465.64,4,warehouse,compressed_earth_block,Greater Accra,standard,13009,2417.82,253.525,128.898,460108.39
588.23,3,commercial_block,compressed_earth_block,Greater Accra,premium,16687,2979.98,312.234,142.112,659142.51
246.43,1,storey_building,sandcrete_block,Greater Accra,standard,2275,402.76,42.188,18.356,77487.52
293.86,4,bungalow,compressed_earth_block,Eastern,premium,9332,1732.43,181.672,93.356,323058.47
281.83,1,warehouse,sandcrete_block,Northern,standard,1986,374.06,39.237,20.935,55668.08
395.66,4,storey_building,sandcrete_block,Greater Accra,standard,14176,2463.03,257.897,105.34,460833.58
554.41,1,bungalow,clay_brick,Greater Accra,standard,4567,802.42,84.044,36.123,153121.34
147.46,1,bungalow,sandcrete_block,Central,standard,1205,221.64,23.235,11.397,37179.97
77.16,1,bungalow,sandcrete_block,Central,standard,599,110.0,11.532,5.698,17840.34
349.6,3,bungalow,clay_brick,Northern,premium,10297,1781.77,186.55,75.209,373587.6
87.51,3,storey_building,clay_brick,Ashanti,premium,2341,414.19,43.385,18.845,95492.01
71.33,3,storey_building,sandcrete_block,Eastern,standard,1659,304.45,31.921,16.058,48996.32
399.07,2,warehouse,sandcrete_block,Ashanti,standard,7499,1303.52,136.497,56.383,207552.61
127.76,4,bungalow,clay_brick,Central,standard,4668,821.72,86.082,38.133,145700.32
443.74,1,storey_building,compressed_earth_block,Ashanti,standard,3681,659.3,69.088,32.039,102641.6
354.63,4,storey_building,sandcrete_block,Central,premium,12069,2167.2,227.109,105.895,446982.11
259.63,4,storey_building,compressed_earth_block,Western,premium,8601,1546.37,162.064,76.524,292099.81
494.37,3,warehouse,compressed_earth_block,Ashanti,standard,10972,1990.44,208.599,98.169,324645.25
149.11,3,storey_building,compressed_earth_block,Greater Accra,standard,3179,611.47,64.166,36.052,114187.36
122.41,4,warehouse,clay_brick,Western,standard,4480,793.91,83.162,36.31,141886.45
338.7,2,warehouse,clay_brick,Ashanti,standard,5198,952.72,99.883,49.621,153260.24
311.9,1,storey_building,sandcrete_block,Western,standard,2597,457.58,47.932,20.973,69887.41
275.62,4,warehouse,sandcrete_block,Northern,standard,8114,1488.69,156.065,76.907,231479.16
565.03,3,commercial_block,clay_brick,Central,standard,12664,2390.98,250.815,134.806,416098.76
404.5,4,bungalow,compressed_earth_block,Western,standard,11839,2167.96,227.269,111.594,363277.67
81.79,1,commercial_block,clay_brick,Greater Accra,standard,649,116.7,12.231,5.796,21919.97
157.69,3,warehouse,sandcrete_block,Eastern,standard,3639,671.56,70.419,35.884,108979.88
322.61,1,commercial_block,sandcrete_block,Western,premium,3106,551.51,57.781,25.963,118522.7
490.52,4,warehouse,compressed_earth_block,Ashanti,premium,16115,2871.02,300.802,135.83,551899.21
428.13,2,commercial_block,sandcrete_block,Western,standard,8153,1419.78,148.69,62.712,233526.04
337.64,2,warehouse,compressed_earth_block,Western,standard,5636,1021.83,107.118,52.489,157347.14
514.06,3,warehouse,sandcrete_block,Western,standard,14543,2453.71,256.761,93.667,401113.85
279.36,3,storey_building,clay_brick,Greater Accra,standard,7783,1391.72,145.823,66.548,279012.68
574.63,2,warehouse,clay_brick,Western,standard,10647,1887.93,197.769,86.96,319266.37
324.46,4,storey_building,clay_brick,Western,standard,9055,1735.37,182.091,101.354,321131.05
349.9,1,warehouse,clay_brick,Northern,standard,3101,553.17,57.959,26.344,87526.48
203.18,4,storey_building,clay_brick,Eastern,premium,7416,1301.0,136.266,58.599,271298.84
586.7,2,bungalow,clay_brick,Greater Accra,standard,9037,1639.9,171.902,83.691,329364.48
351.85,3,commercial_block,compressed_earth_block,Greater Accra,standard,9227,1666.88,174.701,83.072,286396.39
403.49,1,bungalow,clay_brick,Greater Accra,premium,3712,655.28,68.632,29.434,155767.04
531.7,3,warehouse,sandcrete_block,Western,standard,14048,2489.02,260.743,115.202,416792.47
301.36,4,bungalow,compressed_earth_block,Western,standard,12101,2071.47,216.864,86.152,332880.24
518.43,1,warehouse,compressed_earth_block,Western,premium,4570,812.32,85.102,37.958,167657.45
422.88,2,commercial_block,sandcrete_block,Ashanti,standard,6512,1166.08,122.194,56.71,188571.99
325.85,1,warehouse,compressed_earth_block,Ashanti,standard,2407,453.11,47.521,24.855,67931.3
264.85,1,warehouse,compressed_earth_block,Northern,standard,1905,357.19,37.463,19.699,55302.48
464.13,1,storey_building,compressed_earth_block,Northern,standard,4296,748.55,78.385,32.409,117808.99
186.16,3,warehouse,sandcrete_block,Northern,standard,3907,709.03,74.32,35.908,95315.7
552.31,1,storey_building,sandcrete_block,Central,premium,4000,730.31,76.563,37.847,156023.56
480.38,1,bungalow,compressed_earth_block,Ashanti,premium,4154,731.67,76.641,33.384,147846.36
582.63,1,storey_building,clay_brick,Greater Accra,standard,5652,976.91,102.283,41.298,192250.09
193.48,2,commercial_block,sandcrete_block,Eastern,standard,3116,556.28,58.294,27.108,84021.98
539.69,1,bungalow,sandcrete_block,Northern,standard,4767,852.44,89.315,40.554,129058.07
523.56,2,bungalow,sandcrete_block,Northern,standard,7944,1469.16,154.035,77.135,238190.87
293.4,2,storey_building,sandcrete_block,Greater Accra,premium,5014,893.93,93.659,42.311,208895.66
431.61,1,warehouse,compressed_earth_block,Central,standard,3787,669.7,70.159,31.212,100523.83
499.61,4,warehouse,clay_brick,Eastern,standard,15347,2817.97,295.472,149.421,476627.43
182.33,3,warehouse,clay_brick,Western,premium,4094,756.06,79.272,39.848,179013.93
192.15,2,bungalow,compressed_earth_block,Eastern,standard,2945,540.05,56.616,27.948,79810.11
325.32,1,bungalow,sandcrete_block,Northern,standard,3024,530.74,55.589,23.866,79569.5
41.61,1,storey_building,clay_brick,Greater Accra,premium,367,65.54,6.868,3.17,17211.92
533.27,3,warehouse,sandcrete_block,Eastern,standard,14461,2550.01,267.116,116.909,377276.95
155.41,3,storey_building,compressed_earth_block,Central,standard,3272,605.03,63.441,32.236,100812.36
414.89,3,warehouse,sandcrete_block,Central,standard,12032,2072.2,216.956,87.36,331638.83
116.04,4,commercial_block,compressed_earth_block,Ashanti,standard,4009,726.75,76.171,36.325,123569.36
325.61,2,storey_building,clay_brick,Eastern,standard,5914,1033.88,108.265,44.955,171243.16
372.52,1,commercial_block,clay_brick,Ashanti,standard,3605,630.59,66.043,28.033,119959.75
539.73,4,commercial_block,clay_brick,Western,standard,15912,2926.22,306.786,152.591,555158.14
588.37,1,bungalow,clay_brick,Western,standard,4643,855.12,89.643,44.014,158099.37
214.38,1,warehouse,sandcrete_block,Central,premium,1932,335.98,35.18,14.43,66892.55
274.3,1,bungalow,sandcrete_block,Western,standard,2091,373.63,39.146,17.687,59883.95
518.29,1,commercial_block,clay_brick,Greater Accra,premium,4366,796.3,83.465,40.12,189605.99
73.94,4,bungalow,compressed_earth_block,Greater Accra,standard,2289,417.27,43.732,20.725,76308.58
475.34,3,commercial_block,clay_brick,Western,standard,13468,2398.96,251.34,113.258,447424.29
549.53,4,warehouse,clay_brick,Ashanti,standard,18396,3279.52,343.605,155.361,612257.58
300.22,4,commercial_block,sandcrete_block,Central,standard,9456,1699.55,178.071,80.853,273772.65
385.51,2,bungalow,clay_brick,Central,standard,6755,1184.05,123.997,51.885,207684.88
365.81,1,warehouse,sandcrete_block,Central,premium,3093,549.47,57.566,25.773,103039.32
252.57,1,commercial_block,sandcrete_block,Eastern,standard,2105,374.91,39.283,17.923,55437.49
99.26,3,warehouse,clay_brick,Ashanti,standard,2216,404.12,42.365,20.83,70633.48
58.71,4,warehouse,clay_brick,Central,standard,2135,384.06,40.256,19.387,66064.54
585.3,2,storey_building,compressed_earth_block,Greater Accra,standard,11082,1942.26,203.423,86.887,318283.96
229.98,2,warehouse,compressed_earth_block,Greater Accra,standard,3623,659.6,69.151,34.27,110504.35
268.35,2,bungalow,sandcrete_block,Western,standard,4219,762.1,79.875,38.067,117576.4
221.86,2,warehouse,sandcrete_block,Western,standard,3928,688.5,72.105,30.443,105228.42
236.08,1,bungalow,clay_brick,Central,standard,2132,380.06,39.823,18.212,66163.58
489.02,3,commercial_block,compressed_earth_block,Northern,standard,12682,2301.87,241.261,115.237,313755.97
157.6,1,bungalow,sandcrete_block,Greater Accra,premium,1264,232.52,24.375,11.973,53995.67
217.62,1,storey_building,clay_brick,Eastern,standard,2019,349.22,36.558,14.382,55915.7
454.33,1,warehouse,compressed_earth_block,Northern,standard,3567,646.98,67.815,32.681,94100.06
324.88,3,storey_building,sandcrete_block,Ashanti,standard,7341,1388.13,145.604,77.48,250660.7
430.25,3,warehouse,sandcrete_block,Eastern,premium,9193,1754.4,184.093,102.794,353195.14
374.09,4,storey_building,compressed_earth_block,Eastern,standard,13241,2310.3,241.919,99.756,359656.33
393.9,2,warehouse,sandcrete_block,Western,standard,6079,1087.49,113.943,51.771,185004.82
261.76,3,bungalow,compressed_earth_block,Central,standard,6555,1179.77,123.635,57.843,193961.57
572.68,2,warehouse,compressed_earth_block,Greater Accra,premium,10642,1843.61,193.037,78.711,402659.76
469.21,4,storey_building,compressed_earth_block,Central,standard,12985,2435.66,255.465,134.687,362741.91
330.43,4,commercial_block,sandcrete_block,Northern,standard,11582,1991.69,208.479,80.561,272363.55
336.0,1,commercial_block,compressed_earth_block,Western,premium,2409,444.22,46.576,23.438,86419.69
442.16,3,bungalow,compressed_earth_block,Northern,standard,9206,1648.11,172.708,80.253,246023.62
310.31,3,bungalow,sandcrete_block,Central,standard,7803,1397.26,146.408,67.074,243232.87
109.38,3,bungalow,clay_brick,Central,standard,3006,530.99,55.622,24.307,92136.87
578.7,4,commercial_block,sandcrete_block,Western,standard,17457,3240.88,339.85,174.262,520683.78
110.04,1,storey_building,sandcrete_block,Northern,standard,882,159.94,16.764,8.0,22434.01
250.99,1,commercial_block,compressed_earth_block,Eastern,premium,2217,387.98,40.632,17.149,67180.32
298.62,4,bungalow,clay_brick,Northern,standard,10434,1871.69,196.12,89.92,296659.96
463.78,1,warehouse,sandcrete_block,Ashanti,standard,3625,653.93,68.525,31.704,110260.06
187.55,3,storey_building,sandcrete_block,Western,standard,4425,791.19,82.904,38.131,128429.36
65.07,4,warehouse,compressed_earth_block,Central,standard,2556,438.47,45.904,18.248,64733.67
541.97,3,storey_building,clay_brick,Eastern,standard,13081,2409.49,252.61,125.492,417710.22
598.74,4,storey_building,compressed_earth_block,Western,premium,19498,3510.33,367.868,172.011,705302.1
418.99,3,bungalow,clay_brick,Ashanti,standard,10499,1887.94,197.843,92.133,327011.05
445.42,1,storey_building,clay_brick,Eastern,standard,3903,673.68,70.534,28.478,115492.6
456.79,2,commercial_block,compressed_earth_block,Northern,standard,7579,1367.61,143.325,67.371,199015.07
273.75,2,warehouse,clay_brick,Ashanti,standard,4610,835.02,87.522,41.981,146256.89
43.21,2,bungalow,compressed_earth_block,Northern,premium,640,119.17,12.498,6.486,19349.18
265.57,4,storey_building,clay_brick,Ashanti,standard,8902,1582.64,165.796,73.447,299054.51
575.35,3,bungalow,clay_brick,Northern,standard,12972,2399.7,251.578,124.588,403662.99
265.3,3,warehouse,sandcrete_block,Greater Accra,standard,6555,1169.52,122.538,55.725,226875.22
78.23,4,warehouse,compressed_earth_block,Eastern,standard,2507,448.91,47.043,21.955,68430.6
98.84,3,bungalow,sandcrete_block,Ashanti,standard,2438,440.77,46.203,22.505,86177.72
477.89,4,storey_building,clay_brick,Central,standard,16012,2931.78,307.337,150.671,528929.5
592.83,1,commercial_block,sandcrete_block,Ashanti,premium,5040,909.46,95.324,45.709,202186.74
67.36,2,storey_building,clay_brick,Northern,standard,1286,225.8,23.65,10.205,34505.82
70.57,4,storey_building,sandcrete_block,Central,premium,2539,451.13,47.257,20.727,84566.88
463.83,1,storey_building,clay_brick,Central,standard,4208,737.05,77.196,33.022,129686.39
551.58,2,commercial_block,compressed_earth_block,Greater Accra,standard,8942,1577.09,165.202,72.307,284686.28
590.98,3,warehouse,sandcrete_block,Greater Accra,premium,14586,2620.85,274.637,127.219,606333.25
293.37,1,bungalow,compressed_earth_block,Eastern,standard,2295,417.68,43.774,20.677,59431.57
136.61,4,commercial_block,sandcrete_block,Northern,standard,4057,742.23,77.818,38.845,118876.81
235.59,1,commercial_block,clay_brick,Western,standard,1808,338.92,35.549,18.796,60307.91
544.97,1,warehouse,compressed_earth_block,Western,standard,4609,824.25,86.363,39.288,132555.26
340.62,1,storey_building,compressed_earth_block,Western,standard,2384,457.7,48.027,26.797,73567.94
255.22,4,warehouse,sandcrete_block,Greater Accra,standard,8439,1520.56,159.347,74.404,278204.53
91.22,4,bungalow,compressed_earth_block,Eastern,premium,2715,497.28,52.124,25.171,89470.41
121.7,1,bungalow,compressed_earth_block,Northern,standard,959,172.74,18.103,8.487,25806.0
482.2,2,warehouse,compressed_earth_block,Greater Accra,standard,7244,1311.05,137.41,65.469,216877.23
543.01,2,storey_building,clay_brick,Ashanti,premium,9090,1640.12,171.885,80.9,363734.29
47.66,1,commercial_block,compressed_earth_block,Central,standard,447,76.65,8.025,3.2,11859.16
507.92,2,bungalow,sandcrete_block,Northern,standard,7109,1336.79,140.224,74.984,187336.81
144.57,3,commercial_block,clay_brick,Greater Accra,standard,3936,684.35,71.659,29.417,138953.2
283.12,4,bungalow,clay_brick,Western,standard,10704,1889.23,197.905,87.075,341558.44
406.18,4,warehouse,clay_brick,Western,standard,12531,2305.64,241.734,120.954,376092.8
341.55,3,warehouse,clay_brick,Eastern,standard,8686,1527.04,159.953,69.58,271155.39
41.95,3,bungalow,sandcrete_block,Ashanti,premium,965,180.34,18.916,10.027,38682.26
331.97,1,storey_building,clay_brick,Ashanti,standard,2757,495.14,51.887,24.137,88923.31
188.02,4,bungalow,clay_brick,Greater Accra,standard,7101,1228.75,128.648,51.777,237543.93
226.06,3,warehouse,clay_brick,Central,standard,5962,1043.65,109.298,46.083,156699.94
580.09,3,commercial_block,compressed_earth_block,Central,standard,14644,2587.02,270.977,117.502,394962.78
527.42,2,warehouse,compressed_earth_block,Western,standard,8090,1469.08,153.979,73.738,215141.06
477.09,3,commercial_block,compressed_earth_block,Western,standard,10272,1926.15,202.022,106.343,322684.4
324.2,2,commercial_block,sandcrete_block,Greater Accra,standard,5154,917.68,96.14,42.924,168119.21
337.89,2,bungalow,sandcrete_block,Greater Accra,standard,5921,1068.67,111.996,52.595,208736.16
207.52,3,storey_building,clay_brick,Northern,premium,4547,827.44,86.721,41.202,162938.73
60.52,3,warehouse,sandcrete_block,Northern,premium,1714,293.89,30.764,11.972,50680.13
545.53,3,bungalow,compressed_earth_block,Greater Accra,standard,12355,2238.33,234.607,112.431,405544.77
598.71,3,warehouse,sandcrete_block,Western,standard,15975,2728.71,285.59,107.836,463204.43
434.08,3,storey_building,clay_brick,Central,premium,10535,1893.68,198.44,92.107,412301.54
76.5,2,storey_building,compressed_earth_block,Northern,premium,1313,233.94,24.508,10.906,39434.7
423.51,1,warehouse,compressed_earth_block,Northern,standard,3053,561.53,58.869,29.129,75559.47
545.06,4,bungalow,clay_brick,Northern,standard,20861,3671.74,384.609,167.655,513372.45
571.57,3,warehouse,clay_brick,Western,standard,13176,2387.86,250.262,118.692,427168.54
255.6,4,storey_building,compressed_earth_block,Eastern,premium,8391,1529.03,160.27,77.322,294559.45
474.79,1,bungalow,clay_brick,Central,standard,3975,712.79,74.692,34.556,119352.92
246.0,2,warehouse,clay_brick,Central,premium,4658,821.22,86.022,37.469,175408.11
579.65,1,commercial_block,clay_brick,Northern,premium,4720,852.56,89.352,42.285,153628.06
417.0,3,storey_building,clay_brick,Western,standard,9832,1741.01,182.377,80.14,294512.79
504.94,1,bungalow,sandcrete_block,Central,standard,4196,761.26,79.787,38.081,125223.91
299.29,3,storey_building,clay_brick,Central,standard,7611,1346.89,141.104,62.863,239167.65
505.29,4,commercial_block,clay_brick,Western,standard,14896,2870.91,301.314,172.738,473226.18
188.93,4,warehouse,clay_brick,Greater Accra,standard,6183,1113.83,116.736,55.388,234091.27
286.6,2,bungalow,sandcrete_block,Western,standard,5200,914.84,95.813,40.724,146131.22
400.98,1,storey_building,clay_brick,Eastern,premium,3567,627.51,65.718,27.742,139042.75
55.67,2,storey_building,clay_brick,Central,standard,850,155.27,16.276,7.968,28569.02
251.38,2,commercial_block,compressed_earth_block,Eastern,standard,3599,675.71,70.877,37.754,94781.01
529.24,3,bungalow,clay_brick,Eastern,premium,12519,2277.22,238.681,114.221,465943.54
514.1,3,warehouse,compressed_earth_block,Ashanti,standard,11711,2133.56,223.664,109.932,382659.37
530.56,1,storey_building,sandcrete_block,Ashanti,standard,4106,765.06,80.228,41.241,130528.82
230.08,2,commercial_block,compressed_earth_block,Greater Accra,standard,4095,723.94,75.841,33.745,128341.07
409.22,2,commercial_block,compressed_earth_block,Western,standard,6444,1200.47,125.896,65.279,184241.48
122.09,2,commercial_block,clay_brick,Ashanti,premium,1845,327.2,34.278,15.258,74996.18
442.51,2,warehouse,sandcrete_block,Ashanti,premium,6227,1143.75,119.91,59.485,247322.9
200.36,2,bungalow,sandcrete_block,Eastern,standard,3467,613.76,64.299,28.622,100098.36
175.65,3,commercial_block,sandcrete_block,Eastern,standard,3745,696.13,72.999,37.473,106689.91
428.76,4,bungalow,compressed_earth_block,Greater Accra,standard,13505,2474.95,259.422,125.292,449551.59
571.11,1,storey_building,clay_brick,Greater Accra,standard,4221,770.8,80.803,39.619,152143.41
409.09,1,warehouse,clay_brick,Northern,standard,3209,597.51,62.663,32.558,92013.39
210.84,2,storey_building,compressed_earth_block,Central,premium,3835,688.75,72.164,32.74,130510.4
242.82,4,commercial_block,sandcrete_block,Greater Accra,standard,9496,1638.82,171.581,69.019,318288.2
279.77,3,warehouse,compressed_earth_block,Western,premium,7405,1331.97,139.572,64.341,258910.91
428.0,4,storey_building,sandcrete_block,Central,standard,14649,2643.35,277.013,129.581,397639.9
388.8,4,bungalow,compressed_earth_block,Western,standard,13149,2359.64,247.258,114.066,377225.5
546.42,4,warehouse,compressed_earth_block,Central,premium,20108,3588.58,375.996,170.752,703346.9
567.0,3,bungalow,sandcrete_block,Ashanti,standard,12871,2349.37,246.298,121.796,457937.66
63.98,2,warehouse,sandcrete_block,Greater Accra,standard,1137,198.99,20.837,8.597,36987.71
288.65,3,storey_building,sandcrete_block,Northern,premium,7628,1370.44,143.611,66.731,245849.98
520.08,1,warehouse,compressed_earth_block,Northern,standard,3797,698.29,73.219,37.117,91721.61
573.16,4,warehouse,sandcrete_block,Northern,standard,19966,3511.7,367.774,155.408,500704.95
369.23,2,commercial_block,clay_brick,Eastern,standard,5419,1002.25,105.096,53.659,158741.21
390.33,3,bungalow,clay_brick,Ashanti,premium,9403,1701.49,178.343,85.737,416662.99
371.37,1,warehouse,compressed_earth_block,Western,standard,2405,459.62,48.222,26.433,75485.7
508.78,3,bungalow,sandcrete_block,Western,premium,14752,2615.03,273.984,123.864,526468.62
427.62,4,storey_building,clay_brick,Eastern,premium,15638,2716.22,284.399,115.587,531531.34
533.89,1,warehouse,sandcrete_block,Ashanti,standard,4968,869.24,91.033,38.385,149374.65
589.04,1,storey_building,sandcrete_block,Central,standard,5770,1000.38,104.744,42.566,151086.81
593.88,3,bungalow,compressed_earth_block,Central,standard,12783,2362.27,247.692,125.299,392139.74
97.14,1,storey_building,compressed_earth_block,Greater Accra,standard,716,133.75,14.029,7.449,23251.7
561.67,4,bungalow,compressed_earth_block,Ashanti,standard,19221,3415.99,357.879,160.187,527393.43
377.23,3,storey_building,clay_brick,Ashanti,premium,8656,1555.28,163.004,77.424,353378.6
446.23,2,storey_building,compressed_earth_block,Central,standard,8049,1437.35,150.59,67.719,231013.72
286.47,4,warehouse,compressed_earth_block,Northern,premium,8913,1639.26,171.871,86.194,286468.61
221.14,1,storey_building,sandcrete_block,Ashanti,standard,1995,350.12,36.674,15.901,59100.21
91.93,3,warehouse,sandcrete_block,Central,standard,2250,417.61,43.79,22.3,72153.59
233.07,3,storey_building,clay_brick,Central,standard,5696,1021.91,107.085,49.536,190050.52
260.0,4,commercial_block,compressed_earth_block,Eastern,standard,7630,1405.95,147.423,74.913,212933.77
259.47,4,storey_building,compressed_earth_block,Eastern,standard,8162,1537.31,161.264,86.64,222619.09
414.34,4,commercial_block,sandcrete_block,Greater Accra,premium,14483,2598.78,272.351,128.034,620184.04
589.31,4,storey_building,compressed_earth_block,Central,standard,17839,3285.71,344.474,171.23,481830.77
585.06,4,warehouse,compressed_earth_block,Central,standard,20387,3665.88,384.118,176.041,533095.29
478.83,2,storey_building,sandcrete_block,Northern,standard,8501,1512.62,158.475,71.191,232718.26
156.94,3,commercial_block,sandcrete_block,Central,premium,4501,787.04,82.434,35.437,153996.84
576.46,1,commercial_block,sandcrete_block,Western,premium,4443,811.72,85.097,42.041,164364.46
117.5,4,warehouse,clay_brick,Northern,standard,4096,741.32,77.689,36.432,119152.48
566.21,4,warehouse,clay_brick,Northern,premium,20543,3546.86,371.351,149.545,776249.77
446.64,4,storey_building,clay_brick,Western,standard,16406,2922.71,306.215,138.079,508855.8
322.34,3,bungalow,clay_brick,Ashanti,standard,8468,1503.84,157.579,72.514,260279.64
272.43,4,warehouse,sandcrete_block,Ashanti,standard,9574,1673.52,175.247,72.773,286686.87
106.88,2,warehouse,clay_brick,Eastern,standard,2014,348.57,36.498,14.915,60336.34
346.46,2,commercial_block,sandcrete_block,Northern,standard,5125,933.51,97.864,48.296,147758.28
159.95,4,warehouse,sandcrete_block,Central,premium,4733,855.41,89.651,42.485,177713.88
423.56,2,commercial_block,clay_brick,Greater Accra,standard,6596,1206.71,126.509,62.739,228627.69
325.97,2,warehouse,compressed_earth_block,Greater Accra,standard,6028,1049.19,109.858,44.867,190114.36
485.83,1,warehouse,compressed_earth_block,Greater Accra,premium,3547,671.36,70.432,38.305,156987.1
589.58,4,bungalow,sandcrete_block,Eastern,standard,18399,3321.71,348.097,162.469,515209.96
362.81,1,warehouse,sandcrete_block,Northern,standard,3008,528.2,55.321,23.593,79966.09
256.08,1,commercial_block,sandcrete_block,Central,standard,2301,413.93,43.379,20.326,64781.38
342.45,3,warehouse,compressed_earth_block,Eastern,premium,8541,1497.37,156.819,66.413,264583.43
502.17,2,bungalow,sandcrete_block,Eastern,premium,8682,1543.45,161.691,71.655,285249.73
503.52,3,commercial_block,compressed_earth_block,Northern,standard,11380,2070.7,217.047,104.72,316763.91
348.82,3,commercial_block,clay_brick,Ashanti,premium,7513,1391.66,145.936,74.905,322899.24
479.05,2,storey_building,clay_brick,Eastern,premium,8295,1459.89,152.896,64.849,326702.51
52.35,1,storey_building,clay_brick,Eastern,standard,510,88.35,9.252,3.812,14641.61
84.21,2,commercial_block,sandcrete_block,Northern,standard,1604,279.3,29.251,12.325,41715.07
322.06,1,storey_building,sandcrete_block,Central,standard,2613,476.08,49.903,24.116,78433.22
169.78,3,commercial_block,clay_brick,Western,standard,3695,687.7,72.123,37.567,119826.68
509.38,3,commercial_block,compressed_earth_block,Greater Accra,premium,11364,2108.16,221.066,113.121,511630.84
334.98,1,bungalow,sandcrete_block,Northern,standard,2305,431.29,45.23,23.482,61984.28
196.44,2,warehouse,clay_brick,Ashanti,premium,2966,544.12,57.044,28.302,126437.86
354.85,3,commercial_block,sandcrete_block,Greater Accra,standard,9807,1724.18,180.61,79.078,322995.39
507.04,1,commercial_block,sandcrete_block,Eastern,standard,4456,781.59,81.858,34.809,114364.21
169.18,4,bungalow,sandcrete_block,Northern,standard,4995,903.02,94.632,44.181,140863.83
322.41,4,warehouse,compressed_earth_block,Central,standard,11127,1951.74,204.428,88.154,300755.97
121.53,2,warehouse,compressed_earth_block,Eastern,standard,1928,358.77,37.628,19.689,51262.19
542.91,4,storey_building,compressed_earth_block,Eastern,premium,20131,3538.1,370.575,159.111,667141.43
52.64,3,storey_building,sandcrete_block,Central,standard,1240,226.23,23.713,11.39,32835.01
118.49,1,storey_building,clay_brick,Western,standard,885,163.56,17.151,8.761,28285.09
409.69,4,warehouse,clay_brick,Western,standard,11802,2153.49,225.739,109.893,369753.42
164.52,1,warehouse,clay_brick,Ashanti,standard,1458,252.78,26.465,10.663,46392.26
359.83,2,warehouse,compressed_earth_block,Ashanti,standard,6308,1115.04,116.803,51.261,185834.01
209.31,3,commercial_block,sandcrete_block,Western,premium,5289,948.94,99.431,45.549,206264.87
185.78,3,storey_building,sandcrete_block,Central,standard,5441,930.34,97.38,37.457,148257.57
423.48,1,bungalow,clay_brick,Western,standard,4132,719.25,75.325,31.822,139301.31
144.6,3,storey_building,sandcrete_block,Central,standard,3421,614.12,64.358,30.173,100828.79
295.85,2,warehouse,sandcrete_block,Central,premium,4557,819.54,85.877,39.616,169324.28
475.36,1,warehouse,compressed_earth_block,Eastern,standard,4079,744.41,78.039,38.424,110733.53
477.41,4,storey_building,sandcrete_block,Greater Accra,premium,14934,2700.75,283.06,134.606,580025.01
123.84,2,storey_building,clay_brick,Greater Accra,standard,2142,390.89,40.975,19.983,82268.92
112.03,3,bungalow,clay_brick,Greater Accra,standard,2413,438.92,46.005,22.065,87330.22
149.22,3,bungalow,sandcrete_block,Central,standard,3460,634.48,66.507,32.238,104140.0
594.53,3,storey_building,sandcrete_block,Greater Accra,standard,14989,2768.97,290.344,147.493,538956.35
340.99,4,storey_building,sandcrete_block,Eastern,standard,11981,2180.73,228.579,110.157,345599.03
428.68,4,commercial_block,sandcrete_block,Eastern,standard,13847,2575.35,270.077,139.618,439798.68
191.19,2,bungalow,sandcrete_block,Western,standard,2739,516.49,54.179,29.044,83073.92
486.84,4,commercial_block,sandcrete_block,Central,standard,18628,3236.3,338.894,140.474,500711.25
291.08,1,commercial_block,sandcrete_block,Northern,standard,2046,384.73,40.348,20.998,61726.48
384.99,1,warehouse,clay_brick,Ashanti,premium,3584,621.72,65.098,26.53,127263.88
307.36,3,warehouse,sandcrete_block,Greater Accra,standard,7091,1305.64,136.89,68.541,243548.38
53.24,1,commercial_block,sandcrete_block,Northern,premium,543,91.4,9.564,3.525,16002.32
523.52,3,commercial_block,sandcrete_block,Eastern,premium,12693,2178.5,228.048,89.136,423100.91
443.95,3,commercial_block,clay_brick,Ashanti,premium,11094,1958.16,205.11,89.077,483255.16
402.95,2,warehouse,compressed_earth_block,Ashanti,standard,5928,1105.5,115.939,60.327,175191.2
493.24,1,warehouse,compressed_earth_block,Eastern,premium,3622,674.37,70.723,36.698,123813.3
533.98,1,commercial_block,compressed_earth_block,Ashanti,standard,4148,741.32,77.666,34.843,125160.32
90.59,4,storey_building,clay_brick,Western,standard,3348,585.54,61.32,25.712,100746.78
532.61,1,warehouse,clay_brick,Ashanti,standard,4995,867.08,90.801,37.892,157579.61
375.17,4,commercial_block,clay_brick,Greater Accra,premium,14537,2510.55,262.904,109.555,617921.17
209.56,4,storey_building,compressed_earth_block,Ashanti,standard,7733,1366.71,143.164,62.676,219324.0
495.57,4,storey_building,compressed_earth_block,Ashanti,standard,16731,2974.46,311.61,138.643,499519.4
162.9,1,commercial_block,compressed_earth_block,Eastern,standard,1136,216.54,22.721,12.598,34654.69
579.17,4,storey_building,compressed_earth_block,Western,standard,17597,3254.94,341.308,173.83,492732.67
49.97,3,storey_building,sandcrete_block,Northern,standard,1077,198.98,20.865,10.632,30664.27
445.04,2,storey_building,clay_brick,Greater Accra,standard,6717,1217.86,127.647,61.083,263737.76
404.31,3,bungalow,clay_brick,Central,standard,10363,1871.42,196.119,91.856,323269.68
218.84,3,commercial_block,compressed_earth_block,Central,premium,5925,1063.6,111.448,51.26,207301.22
554.56,3,warehouse,sandcrete_block,Central,standard,13715,2410.24,252.435,107.715,398692.52
586.99,1,bungalow,sandcrete_block,Western,premium,3944,746.99,78.35,41.442,166241.13
299.89,1,commercial_block,compressed_earth_block,Central,premium,2542,455.0,47.675,21.807,92050.61
346.77,4,warehouse,clay_brick,Greater Accra,standard,12717,2272.32,238.064,106.662,441688.71
259.48,3,warehouse,compressed_earth_block,Eastern,standard,7396,1313.99,137.666,61.962,193461.72
503.11,4,bungalow,clay_brick,Greater Accra,standard,15976,2923.95,306.535,151.516,597889.36
353.98,4,storey_building,sandcrete_block,Greater Accra,standard,11724,2059.89,215.782,94.867,391451.72
268.86,2,commercial_block,clay_brick,Western,standard,5182,914.14,95.754,41.725,159475.05
597.16,1,bungalow,clay_brick,Northern,premium,4800,890.38,93.37,47.984,166221.02
373.86,3,warehouse,sandcrete_block,Western,standard,9399,1733.77,181.773,90.673,304997.22
425.36,3,bungalow,compressed_earth_block,Western,standard,9446,1733.72,181.775,91.21,274899.43
499.18,1,warehouse,compressed_earth_block,Western,standard,3942,720.01,75.479,37.005,111610.44
351.72,2,commercial_block,clay_brick,Ashanti,standard,6431,1137.32,119.139,52.42,219304.14
494.26,4,storey_building,compressed_earth_block,Northern,standard,16433,3010.37,315.598,156.225,444747.85
386.42,4,commercial_block,clay_brick,Central,premium,12448,2278.05,238.826,118.378,505323.81
197.81,1,warehouse,sandcrete_block,Greater Accra,standard,1695,297.42,31.15,13.244,55998.96
216.77,4,bungalow,clay_brick,Western,premium,7385,1350.22,141.53,68.476,272246.69
245.94,1,bungalow,sandcrete_block,Western,standard,2421,414.62,43.4,16.783,60182.99
168.89,1,storey_building,sandcrete_block,Ashanti,premium,1476,262.29,27.483,12.531,50713.26
209.75,2,bungalow,clay_brick,Eastern,standard,3694,674.04,70.645,33.62,110530.86
60.27,2,storey_building,clay_brick,Greater Accra,standard,1034,182.45,19.108,8.096,36908.22
409.09,3,storey_building,sandcrete_block,Ashanti,standard,10200,1841.01,192.932,90.307,306930.87
319.46,2,bungalow,clay_brick,Northern,standard,4629,857.57,89.927,46.022,124714.75
457.28,1,commercial_block,compressed_earth_block,Western,standard,3120,601.73,63.141,35.269,96850.98
130.82,1,commercial_block,compressed_earth_block,Ashanti,standard,958,180.52,18.938,10.257,29183.82
258.58,4,bungalow,clay_brick,Eastern,standard,7589,1423.19,149.284,79.613,244479.32
578.17,1,storey_building,compressed_earth_block,Western,standard,4804,873.61,91.576,44.569,148542.55
504.02,1,bungalow,sandcrete_block,Western,standard,4403,778.49,81.541,35.174,126229.73
280.73,2,commercial_block,clay_brick,Greater Accra,standard,4055,759.13,79.615,41.56,150013.97
528.59,2,bungalow,compressed_earth_block,Eastern,premium,9092,1638.24,171.689,80.917,317397.93
558.48,3,commercial_block,sandcrete_block,Northern,standard,14221,2566.93,269.039,128.303,371718.9
84.54,4,storey_building,sandcrete_block,Northern,standard,2481,471.13,49.429,27.084,71195.59
93.1,2,commercial_block,compressed_earth_block,Western,standard,1361,244.11,25.582,11.969,35479.47
399.76,4,bungalow,compressed_earth_block,Central,standard,11594,2154.76,225.961,116.23,337665.14
93.48,1,warehouse,sandcrete_block,Ashanti,standard,776,138.77,14.54,6.608,22859.67
376.65,1,warehouse,clay_brick,Greater Accra,standard,3054,549.22,57.544,26.066,105117.73
214.75,1,bungalow,compressed_earth_block,Greater Accra,premium,1795,320.6,33.588,15.037,67985.09
52.74,1,commercial_block,clay_brick,Central,standard,477,81.88,8.572,3.389,14865.18
79.13,3,storey_building,sandcrete_block,Western,standard,2117,369.09,38.649,15.982,61799.68
471.67,1,commercial_block,compressed_earth_block,Greater Accra,standard,4192,749.6,78.551,36.474,145607.82
136.35,4,storey_building,clay_brick,Western,standard,4487,808.32,84.71,39.75,158963.48
47.24,2,warehouse,clay_brick,Northern,standard,829,149.42,15.657,7.231,22707.19
414.05,1,warehouse,clay_brick,Central,standard,3432,608.09,63.692,27.485,94822.23
401.76,3,storey_building,compressed_earth_block,Western,standard,9368,1707.98,179.01,85.169,259967.76
59.2,2,warehouse,clay_brick,Ashanti,standard,849,160.39,16.823,8.966,27526.8
155.45,4,warehouse,clay_brick,Western,premium,4765,872.87,91.51,45.328,189797.32
571.06,3,warehouse,clay_brick,Ashanti,standard,14342,2628.18,275.553,137.961,497540.4
180.34,3,commercial_block,clay_brick,Eastern,standard,4195,743.25,77.863,34.561,124024.06
54.14,1,storey_building,sandcrete_block,Greater Accra,premium,406,75.33,7.899,4.045,17002.82
94.32,1,bungalow,compressed_earth_block,Greater Accra,standard,784,143.12,15.004,7.368,28752.22
240.35,4,commercial_block,sandcrete_block,Central,standard,8349,1467.14,153.663,65.721,231728.85
570.25,1,commercial_block,clay_brick,Central,standard,3980,750.39,78.717,42.357,138662.54
396.46,3,warehouse,sandcrete_block,Ashanti,standard,10081,1755.14,183.803,76.988,284963.16
284.31,1,storey_building,sandcrete_block,Eastern,standard,2566,455.12,47.676,20.943,68604.01
391.42,4,bungalow,compressed_earth_block,Central,standard,12508,2237.53,234.43,105.827,353578.43
397.86,2,commercial_block,sandcrete_block,Western,premium,6911,1209.28,126.631,52.427,273922.69
574.2,2,storey_building,clay_brick,Central,standard,9789,1751.28,183.493,83.453,314768.22
104.43,1,warehouse,sandcrete_block,Greater Accra,standard,830,149.79,15.698,7.423,27638.49
118.5,3,bungalow,clay_brick,Central,standard,2716,494.11,51.792,25.008,80807.91
406.49,2,storey_building,sandcrete_block,Eastern,standard,5887,1140.0,119.653,68.927,160565.66
75.58,4,bungalow,clay_brick,Eastern,premium,2347,426.43,44.696,21.426,92955.14
94.59,1,commercial_block,sandcrete_block,Central,standard,767,138.61,14.528,6.922,23332.19
426.6,4,storey_building,compressed_earth_block,Ashanti,premium,15406,2648.87,277.331,111.516,515559.22
394.53,2,bungalow,sandcrete_block,Greater Accra,standard,6842,1206.76,126.404,54.991,212304.62
456.18,3,commercial_block,sandcrete_block,Eastern,standard,13119,2258.07,236.415,95.068,386899.65
220.14,2,warehouse,sandcrete_block,Greater Accra,standard,3822,670.61,70.238,30.128,124936.18
96.51,4,commercial_block,compressed_earth_block,Western,standard,2818,514.85,53.97,26.337,78747.19
417.12,1,commercial_block,clay_brick,Eastern,standard,3895,690.15,72.296,31.821,114647.75
507.46,3,bungalow,compressed_earth_block,Eastern,premium,13711,2392.29,250.517,104.183,450569.63
265.16,3,bungalow,sandcrete_block,Central,standard,6470,1162.43,121.806,56.077,190677.73
118.9,4,bungalow,clay_brick,Northern,premium,3363,620.27,65.035,32.697,126782.3
347.84,2,storey_building,compressed_earth_block,Western,standard,5202,994.58,104.357,57.824,154289.74
211.93,2,bungalow,clay_brick,Eastern,premium,3503,632.83,66.32,31.196,136944.58
40.97,3,storey_building,sandcrete_block,Ashanti,standard,915,170.1,17.841,9.417,26507.91
379.27,4,commercial_block,sandcrete_block,Ashanti,standard,14389,2510.36,262.877,109.015,437940.91
83.1,3,warehouse,clay_brick,Greater Accra,standard,2139,381.61,39.982,18.058,74930.74
489.95,1,commercial_block,sandcrete_block,Central,premium,3596,664.87,69.72,35.696,135762.31
378.23,3,storey_building,compressed_earth_block,Eastern,standard,8629,1600.69,167.837,84.852,242594.31
293.48,1,warehouse,compressed_earth_block,Ashanti,standard,2171,389.38,40.805,19.042,62287.46
475.5,1,bungalow,clay_brick,Greater Accra,standard,4185,741.2,77.641,33.946,130105.22
329.48,1,warehouse,clay_brick,Ashanti,standard,2848,501.88,52.558,21.999,91236.13
147.29,1,warehouse,compressed_earth_block,Greater Accra,standard,1206,221.18,23.19,11.586,42453.51
165.63,1,commercial_block,clay_brick,Eastern,standard,1552,270.19,28.295,11.883,46300.36
581.48,2,bungalow,sandcrete_block,Greater Accra,standard,11164,1924.73,201.522,81.508,331371.11
256.08,2,bungalow,compressed_earth_block,Northern,standard,4370,786.61,82.432,38.494,115786.28
515.75,2,bungalow,clay_brick,Ashanti,standard,10079,1784.73,186.968,82.937,333355.28
157.64,3,warehouse,compressed_earth_block,Northern,standard,3334,628.9,65.979,35.96,89845.05
99.23,3,bungalow,compressed_earth_block,Central,standard,2484,444.29,46.555,21.43,66097.6
72.5,4,storey_building,clay_brick,Greater Accra,premium,2696,463.71,48.549,19.462,122822.55
522.7,3,bungalow,sandcrete_block,Western,standard,12613,2194.15,229.79,97.089,374989.74
552.47,1,warehouse,compressed_earth_block,Central,standard,4537,819.37,85.87,40.425,131166.63
555.74,1,bungalow,clay_brick,Ashanti,standard,4878,856.95,89.758,38.682,163972.76
521.03,2,bungalow,clay_brick,Central,premium,7913,1417.87,148.556,67.345,273908.76
539.12,2,bungalow,clay_brick,Central,standard,7630,1432.57,150.26,79.488,258920.95
324.78,4,bungalow,compressed_earth_block,Eastern,standard,12122,2127.12,222.782,95.004,310433.11
435.43,3,commercial_block,compressed_earth_block,Ashanti,premium,10438,1902.81,199.485,98.789,388978.46
347.37,4,bungalow,clay_brick,Northern,premium,11745,2054.26,215.119,89.486,430687.57
227.9,1,storey_building,compressed_earth_block,Western,standard,1593,292.46,30.658,14.942,44507.42
338.59,4,warehouse,compressed_earth_block,Greater Accra,premium,10949,2005.89,210.272,102.789,432147.97
110.48,2,storey_building,compressed_earth_block,Greater Accra,premium,1827,336.13,35.24,17.532,82093.58
227.52,2,storey_building,clay_brick,Western,standard,3701,654.28,68.541,30.366,100511.42
309.31,1,warehouse,sandcrete_block,Eastern,standard,2377,435.3,45.636,22.593,70161.67
218.57,2,warehouse,sandcrete_block,Central,standard,4324,746.29,78.14,31.777,120913.29
446.04,3,bungalow,compressed_earth_block,Ashanti,standard,9922,1826.83,191.525,95.203,300078.67
404.26,3,warehouse,sandcrete_block,Eastern,standard,11865,2056.09,215.305,89.144,313833.57
340.32,4,bungalow,sandcrete_block,Western,standard,10029,1864.51,195.497,98.703,313213.32
435.05,2,bungalow,clay_brick,Greater Accra,standard,7673,1363.51,142.836,62.981,317588.13
584.17,4,commercial_block,sandcrete_block,Western,premium,19694,3511.06,367.863,166.309,669579.94
99.15,3,warehouse,clay_brick,Northern,standard,2088,394.52,41.384,22.111,64790.51
439.7,2,warehouse,compressed_earth_block,Ashanti,standard,7482,1347.99,141.255,65.458,216618.17
318.29,3,warehouse,compressed_earth_block,Greater Accra,standard,8795,1554.27,162.805,70.874,279266.15
170.23,2,commercial_block,compressed_earth_block,Eastern,premium,3034,532.09,55.728,23.796,89306.82
241.31,2,storey_building,clay_brick,Ashanti,standard,3359,627.63,65.823,34.287,106897.37
214.93,1,bungalow,clay_brick,Ashanti,standard,1552,288.97,30.303,15.546,58588.36
254.56,4,commercial_block,compressed_earth_block,Greater Accra,standard,8905,1582.07,165.757,74.902,262805.07
44.4,2,commercial_block,compressed_earth_block,Ashanti,standard,844,147.86,15.486,6.564,22918.74
306.62,4,commercial_block,sandcrete_block,Greater Accra,standard,9553,1757.11,184.212,91.322,344843.95
122.02,1,warehouse,clay_brick,Western,standard,1131,199.61,20.907,9.03,35377.45
322.08,4,storey_building,compressed_earth_block,Northern,standard,10866,1922.5,201.368,87.071,267251.18
528.9,2,warehouse,compressed_earth_block,Ashanti,standard,7797,1452.69,152.372,80.831,260342.89
571.21,3,bungalow,clay_brick,Ashanti,standard,16196,2860.37,299.63,131.338,521718.63
404.78,4,commercial_block,sandcrete_block,Western,standard,13833,2393.5,250.607,101.609,376706.74
45.2,2,storey_building,compressed_earth_block,Greater Accra,standard,738,133.39,13.978,6.509,24978.91
489.62,2,warehouse,clay_brick,Central,standard,8511,1525.85,159.884,73.452,284200.37
335.45,4,commercial_block,clay_brick,Western,standard,10054,1870.68,196.184,101.823,324696.06
207.73,2,bungalow,sandcrete_block,Ashanti,standard,3780,663.0,69.438,29.566,118254.66
482.52,1,commercial_block,compressed_earth_block,Northern,standard,3753,687.64,72.089,35.612,94092.87
508.57,1,commercial_block,sandcrete_block,Greater Accra,standard,4185,758.16,79.463,37.935,158238.18
430.05,1,commercial_block,compressed_earth_block,Central,standard,3302,615.06,64.508,33.824,104680.14
415.93,1,commercial_block,compressed_earth_block,Western,premium,3125,571.09,59.871,29.604,111575.22
210.92,1,commercial_block,clay_brick,Northern,standard,1868,325.5,34.09,14.457,52642.42
382.14,4,warehouse,clay_brick,Northern,standard,11401,2099.96,220.182,110.955,303577.39
360.57,3,commercial_block,sandcrete_block,Eastern,premium,8668,1571.58,164.693,76.858,308006.86
165.42,4,warehouse,clay_brick,Ashanti,standard,4719,879.8,92.258,47.264,158298.03
351.14,3,bungalow,clay_brick,Ashanti,premium,9637,1673.72,175.245,71.176,352527.55
50.18,4,commercial_block,sandcrete_block,Western,premium,1829,315.28,33.013,13.517,62234.23
353.7,4,warehouse,sandcrete_block,Western,standard,11974,2130.09,223.157,99.624,363198.77
83.19,4,bungalow,compressed_earth_block,Eastern,standard,3206,556.79,58.3,23.838,77259.79
446.52,4,commercial_block,compressed_earth_block,Central,standard,13080,2441.26,256.052,135.016,367132.56
467.52,1,storey_building,sandcrete_block,Central,standard,3437,645.88,67.744,35.722,108276.83
402.14,3,storey_building,sandcrete_block,Greater Accra,standard,10635,1869.26,195.77,83.121,321178.39
157.56,1,bungalow,sandcrete_block,Eastern,standard,1199,218.63,22.917,11.11,34036.64
213.42,3,commercial_block,compressed_earth_block,Western,standard,5797,999.22,104.616,42.076,153999.79
385.28,2,storey_building,clay_brick,Greater Accra,premium,6611,1176.41,123.252,55.45,337467.59
206.72,3,commercial_block,sandcrete_block,Ashanti,premium,4985,899.38,94.257,44.506,182848.35
345.08,3,bungalow,compressed_earth_block,Northern,standard,8270,1489.51,156.108,73.903,196372.88
248.36,3,commercial_block,compressed_earth_block,Central,standard,6109,1110.32,116.367,55.128,186322.34
180.48,3,commercial_block,sandcrete_block,Western,standard,4038,726.89,76.169,35.158,127486.94
262.7,4,bungalow,clay_brick,Western,standard,9992,1751.37,183.426,78.062,300713.66
186.4,4,warehouse,sandcrete_block,Greater Accra,standard,6333,1112.26,116.486,49.267,201718.92
544.25,4,commercial_block,sandcrete_block,Western,standard,20954,3654.6,382.776,164.288,557641.65
474.06,3,commercial_block,clay_brick,Central,standard,13093,2277.63,238.502,98.659,382490.6
554.73,2,bungalow,compressed_earth_block,Greater Accra,standard,10196,1730.65,181.096,65.882,301438.28
282.84,3,commercial_block,compressed_earth_block,Central,standard,7645,1338.51,140.19,59.961,209467.23
235.07,1,warehouse,sandcrete_block,Eastern,standard,2123,370.98,38.847,16.106,59541.83
511.98,2,warehouse,sandcrete_block,Western,standard,9454,1631.5,170.797,67.479,264354.38
555.01,1,storey_building,clay_brick,Greater Accra,premium,4363,800.69,83.942,41.567,202130.44
281.15,4,bungalow,compressed_earth_block,Eastern,standard,9280,1652.69,173.143,77.304,254273.4
419.4,2,commercial_block,clay_brick,Western,standard,7694,1344.43,140.809,60.095,246569.31
422.98,1,warehouse,sandcrete_block,Northern,standard,2967,570.46,59.863,33.69,81439.06
294.8,4,bungalow,sandcrete_block,Western,standard,10327,1861.78,195.091,90.138,276413.66
563.09,4,commercial_block,compressed_earth_block,Eastern,standard,21111,3758.25,393.757,177.667,566856.22
419.33,2,commercial_block,sandcrete_block,Eastern,standard,7686,1363.98,142.894,63.686,195869.18
75.69,2,commercial_block,clay_brick,Central,standard,1457,253.96,26.593,11.006,45709.92
539.96,4,warehouse,compressed_earth_block,Ashanti,standard,19561,3449.17,361.276,156.15,518234.83
497.14,2,storey_building,sandcrete_block,Ashanti,standard,9068,1614.85,169.186,76.009,270638.17
465.22,3,storey_building,sandcrete_block,Western,standard,13103,2232.89,233.67,86.393,374775.87
56.9,1,bungalow,clay_brick,Greater Accra,standard,437,80.73,8.464,4.249,17177.48
460.07,3,bungalow,clay_brick,Western,standard,12154,2129.18,222.978,93.655,385502.61
529.04,3,storey_building,sandcrete_block,Northern,premium,11681,2143.6,224.751,112.867,411426.52
378.72,2,commercial_block,sandcrete_block,Northern,premium,5549,1040.42,109.125,57.562,202908.86
348.17,3,warehouse,clay_brick,Eastern,premium,8703,1574.7,165.039,78.354,327292.5
469.27,1,bungalow,clay_brick,Central,standard,3271,601.94,63.104,31.106,100859.13
382.64,2,commercial_block,sandcrete_block,Northern,standard,7149,1248.66,130.773,55.477,196897.92
258.66,1,warehouse,clay_brick,Western,premium,1795,334.94,35.126,18.261,81452.91
507.9,4,storey_building,clay_brick,Greater Accra,standard,18141,3210.74,336.339,147.906,690197.97
311.6,3,commercial_block,sandcrete_block,Northern,standard,6682,1249.46,131.029,67.588,174085.98
280.56,3,commercial_block,sandcrete_block,Eastern,standard,6986,1238.96,129.808,58.61,194253.0
306.87,2,warehouse,sandcrete_block,Western,standard,4847,866.45,90.791,41.828,139439.01
138.23,1,commercial_block,sandcrete_block,Eastern,standard,1002,188.99,19.824,10.568,28049.85
526.24,1,bungalow,compressed_earth_block,Ashanti,standard,4499,796.25,83.417,37.148,136076.63
563.98,3,storey_building,clay_brick,Central,standard,12653,2240.12,234.684,104.782,383010.6
238.83,4,commercial_block,compressed_earth_block,Greater Accra,standard,7469,1328.07,139.142,62.668,252902.3
282.72,1,commercial_block,clay_brick,Greater Accra,standard,2352,427.89,44.855,21.963,83017.32
445.79,2,commercial_block,clay_brick,Central,standard,6937,1246.98,130.685,61.59,218400.15
323.6,1,storey_building,sandcrete_block,Western,standard,2963,520.99,54.563,23.162,89401.73
316.08,3,storey_building,clay_brick,Eastern,standard,7839,1420.49,148.872,70.346,222408.21
584.96,3,storey_building,compressed_earth_block,Greater Accra,premium,17223,2931.57,306.813,115.237,682069.45
476.5,4,bungalow,sandcrete_block,Northern,premium,16845,2998.48,314.064,135.322,551757.36
73.83,3,storey_building,sandcrete_block,Ashanti,premium,2023,350.65,36.718,15.135,76443.57
98.31,4,bungalow,clay_brick,Ashanti,standard,3028,549.25,57.57,27.675,105703.55
560.33,2,warehouse,clay_brick,Central,standard,10078,1797.19,188.299,85.315,300646.4
40.58,1,warehouse,compressed_earth_block,Central,standard,311,55.86,5.853,2.698,8416.79
241.58,1,storey_building,clay_brick,Eastern,standard,2048,364.59,38.201,17.401,59322.01
560.37,4,storey_building,clay_brick,Western,premium,20771,3685.83,386.086,168.343,807627.86
565.45,3,storey_building,clay_brick,Eastern,premium,15647,2717.87,284.558,114.677,598284.33
145.02,4,commercial_block,sandcrete_block,Eastern,standard,4796,873.96,91.608,44.306,140448.13
536.24,4,commercial_block,compressed_earth_block,Western,standard,18320,3268.13,342.46,158.293,488998.03
192.39,2,bungalow,compressed_earth_block,Greater Accra,standard,2514,483.39,50.711,27.485,94929.52
354.11,3,bungalow,clay_brick,Northern,premium,9330,1662.72,174.192,77.648,323029.63
532.39,1,commercial_block,compressed_earth_block,Eastern,standard,4407,791.7,82.958,38.187,126840.29
415.26,4,storey_building,compressed_earth_block,Northern,standard,13408,2427.31,254.418,122.187,350598.25
580.45,4,commercial_block,clay_brick,Ashanti,standard,21853,3876.63,406.144,182.171,722072.22
597.23,4,warehouse,sandcrete_block,Northern,premium,19709,3598.47,377.253,186.772,700585.58
453.63,1,storey_building,compressed_earth_block,Central,premium,3511,643.45,67.449,32.803,134458.58
528.31,2,storey_building,clay_brick,Ashanti,standard,8000,1455.52,152.566,73.713,262487.45
168.95,3,storey_building,clay_brick,Ashanti,standard,4046,734.18,76.942,36.177,149735.72
528.25,2,storey_building,clay_brick,Northern,standard,9323,1644.65,172.287,76.02,267248.52
148.35,3,warehouse,sandcrete_block,Ashanti,premium,3641,648.64,67.953,30.267,122547.52
419.74,4,storey_building,clay_brick,Greater Accra,premium,14475,2575.34,269.785,119.184,623346.95
413.6,4,warehouse,compressed_earth_block,Northern,standard,13865,2556.8,268.097,136.25,355669.7
99.81,4,storey_building,sandcrete_block,Central,standard,3206,580.76,60.87,29.099,90345.37
418.77,4,bungalow,sandcrete_block,Northern,standard,11751,2185.86,229.207,116.806,320129.59
141.81,1,commercial_block,clay_brick,Eastern,premium,1296,227.24,23.796,9.921,49040.59
441.59,1,bungalow,compressed_earth_block,Greater Accra,standard,3228,592.32,62.101,31.068,107331.86
168.97,3,commercial_block,compressed_earth_block,Ashanti,standard,4619,811.95,85.036,36.051,126938.85
180.0,4,commercial_block,clay_brick,Eastern,standard,6333,1121.55,117.473,50.679,203284.27
490.57,4,commercial_block,compressed_earth_block,Central,standard,18029,3183.94,333.543,147.501,477436.55
386.7,1,commercial_block,clay_brick,Greater Accra,standard,3249,584.43,61.244,28.511,113569.34
371.61,2,warehouse,sandcrete_block,Central,standard,5814,1027.77,107.662,47.269,163184.79
139.9,2,bungalow,clay_brick,Greater Accra,standard,2521,449.17,47.059,21.168,96139.84
84.64,2,bungalow,compressed_earth_block,Greater Accra,premium,1402,242.79,25.42,10.265,50358.83
309.31,1,bungalow,clay_brick,Ashanti,standard,2819,487.87,51.091,21.345,94859.66
502.42,3,warehouse,sandcrete_block,Central,standard,13361,2381.74,249.537,112.57,379405.08
500.15,1,storey_building,compressed_earth_block,Ashanti,standard,4059,742.01,77.774,37.399,112203.04
305.54,4,bungalow,compressed_earth_block,Ashanti,standard,9583,1740.03,182.393,88.441,289314.03
74.71,2,bungalow,compressed_earth_block,Central,standard,1116,206.82,21.687,11.028,30358.45
75.01,4,storey_building,compressed_earth_block,Greater Accra,standard,2419,442.53,46.395,23.046,76137.21
523.14,4,storey_building,clay_brick,Northern,premium,16564,2958.69,310.021,142.333,608642.34
314.07,3,commercial_block,compressed_earth_block,Eastern,premium,8191,1434.49,150.233,63.528,276971.66
474.18,2,warehouse,clay_brick,Ashanti,premium,7230,1294.7,135.666,62.535,301417.63
98.69,4,bungalow,sandcrete_block,Western,standard,3036,545.5,57.164,26.588,103146.03
123.66,1,storey_building,sandcrete_block,Eastern,standard,1203,209.01,21.887,9.088,32012.63
99.5,3,bungalow,sandcrete_block,Ashanti,standard,2311,423.93,44.445,22.092,71696.25
430.13,4,warehouse,sandcrete_block,Eastern,standard,15959,2784.0,291.53,120.826,431267.17
299.01,3,bungalow,compressed_earth_block,Central,premium,6796,1258.31,131.957,68.132,234115.08
391.42,3,commercial_block,clay_brick,Ashanti,premium,11176,1960.95,205.398,89.011,434009.18
75.11,4,bungalow,sandcrete_block,Northern,standard,2308,416.66,43.665,20.463,60615.8
226.84,4,storey_building,sandcrete_block,Greater Accra,standard,6871,1228.46,128.718,58.832,227014.69
527.81,3,warehouse,compressed_earth_block,Northern,standard,15145,2622.4,274.575,111.492,373484.32
384.03,4,storey_building,clay_brick,Eastern,standard,11353,2070.58,217.032,104.569,336951.83
570.4,1,warehouse,clay_brick,Eastern,standard,5671,985.97,103.255,43.366,191186.91
83.24,2,warehouse,sandcrete_block,Northern,standard,1531,268.19,28.086,11.766,38366.02
328.11,3,warehouse,clay_brick,Western,standard,9375,1623.47,169.997,69.953,273078.66
197.4,2,bungalow,clay_brick,Eastern,standard,3214,581.22,60.919,29.162,94270.96
459.8,2,bungalow,compressed_earth_block,Ashanti,standard,6270,1175.27,123.263,64.612,189315.01
529.27,1,warehouse,compressed_earth_block,Western,standard,4732,820.94,85.954,34.842,131974.75
70.19,2,bungalow,compressed_earth_block,Greater Accra,premium,1214,222.46,23.316,11.173,47530.25
196.81,4,warehouse,sandcrete_block,Northern,premium,6976,1240.77,129.991,58.228,234259.8
429.17,4,storey_building,compressed_earth_block,Greater Accra,premium,13621,2448.23,256.558,119.514,498616.09
535.95,1,storey_building,sandcrete_block,Western,standard,3857,725.65,76.11,40.169,119909.72
237.81,2,commercial_block,clay_brick,Western,standard,3927,686.54,71.903,30.585,119388.65
483.44,4,bungalow,sandcrete_block,Eastern,premium,16540,2970.46,311.301,146.146,533010.01
175.43,3,storey_building,clay_brick,Greater Accra,premium,4756,839.04,87.878,37.618,229664.31
429.66,4,warehouse,clay_brick,Western,standard,12188,2266.79,237.712,122.443,419334.37
281.42,3,bungalow,sandcrete_block,Northern,standard,7482,1349.45,141.409,65.557,196798.21
281.9,3,storey_building,compressed_earth_block,Eastern,standard,7151,1265.17,132.504,56.344,182828.19
78.08,3,storey_building,compressed_earth_block,Ashanti,standard,1952,343.36,35.964,15.512,48920.97
584.44,3,commercial_block,clay_brick,Ashanti,standard,15012,2673.22,280.097,127.77,485727.68
193.33,4,storey_building,clay_brick,Western,standard,7061,1234.69,129.312,54.963,206492.45
96.64,2,warehouse,sandcrete_block,Western,standard,1392,259.86,27.254,14.226,40883.52
121.11,4,storey_building,sandcrete_block,Greater Accra,standard,4544,781.19,81.783,32.462,152123.84
208.68,2,bungalow,compressed_earth_block,Northern,standard,3630,632.16,66.196,27.388,83138.29
326.12,1,commercial_block,clay_brick,Eastern,premium,3004,521.35,54.598,22.973,105614.34
141.61,2,warehouse,clay_brick,Western,standard,2315,407.99,42.738,18.71,75966.37
375.69,4,storey_building,clay_brick,Central,standard,13071,2333.72,244.497,109.664,411026.74
407.03,4,warehouse,clay_brick,Northern,standard,13311,2386.32,250.048,114.93,376176.2
160.8,2,storey_building,sandcrete_block,Northern,standard,2527,453.4,47.51,21.94,70331.24
511.33,4,bungalow,clay_brick,Ashanti,standard,15984,2845.01,298.087,135.289,538478.39
513.76,4,warehouse,compressed_earth_block,Central,premium,16053,2973.51,311.789,158.168,605535.36
279.0,1,warehouse,clay_brick,Greater Accra,standard,2316,423.48,44.393,21.757,89451.06
527.06,4,storey_building,clay_brick,Eastern,standard,15050,2765.11,289.874,142.709,456136.54
69.18,3,storey_building,compressed_earth_block,Eastern,standard,1901,326.56,34.187,13.554,45350.12
492.95,4,storey_building,sandcrete_block,Eastern,standard,18636,3249.94,340.315,140.542,498983.8
125.5,3,storey_building,clay_brick,Eastern,premium,3285,576.57,60.388,25.821,112067.84
234.06,2,storey_building,sandcrete_block,Central,standard,3394,624.4,65.464,32.686,105836.27
462.56,3,bungalow,clay_brick,Ashanti,standard,10804,1947.2,204.053,94.996,358690.86
233.49,3,storey_building,sandcrete_block,Northern,standard,5858,1052.78,110.319,51.004,155953.6
220.54,1,commercial_block,sandcrete_block,Ashanti,standard,1978,345.02,36.131,15.122,62522.98
230.6,3,bungalow,clay_brick,Ashanti,premium,6282,1109.18,116.197,51.544,280352.04
330.32,3,bungalow,compressed_earth_block,Northern,premium,9650,1694.62,177.497,76.557,301065.12
172.87,4,bungalow,compressed_earth_block,Western,premium,6148,1093.16,114.525,51.21,198562.04
141.75,4,bungalow,clay_brick,Greater Accra,standard,4878,863.05,90.415,40.235,171612.6
556.94,1,warehouse,compressed_earth_block,Greater Accra,premium,4863,854.24,89.463,37.725,187694.65
327.36,1,bungalow,clay_brick,Greater Accra,standard,2611,462.95,48.494,21.238,97212.28
345.62,2,warehouse,compressed_earth_block,Central,premium,5728,1030.83,108.038,51.336,206987.13
161.34,4,bungalow,sandcrete_block,Central,standard,5310,939.62,98.43,43.326,146266.58
387.32,2,warehouse,compressed_earth_block,Eastern,standard,5985,1120.07,117.48,61.985,170481.9
46.48,2,storey_building,sandcrete_block,Greater Accra,standard,662,123.31,12.932,6.726,21828.29
96.68,3,storey_building,clay_brick,Western,standard,2417,431.0,45.152,20.042,70213.5
540.41,1,commercial_block,clay_brick,Northern,standard,4949,875.84,91.741,39.9,132726.81
455.26,4,warehouse,compressed_earth_block,Eastern,premium,14100,2530.93,265.192,121.313,458164.57
481.57,2,warehouse,clay_brick,Greater Accra,standard,8281,1453.09,152.19,65.048,287935.71
174.33,2,bungalow,sandcrete_block,Ashanti,standard,2771,501.91,52.601,24.75,94325.55
86.39,2,commercial_block,sandcrete_block,Northern,standard,1286,233.82,24.508,11.807,34942.28
462.12,4,bungalow,clay_brick,Ashanti,standard,14306,2681.42,281.239,148.102,531427.66
566.87,1,storey_building,sandcrete_block,Greater Accra,standard,4638,837.15,87.734,41.354,153421.22
292.71,1,bungalow,clay_brick,Ashanti,standard,2115,396.4,41.575,21.789,72915.8
519.93,3,storey_building,sandcrete_block,Greater Accra,premium,13240,2294.73,240.292,99.389,507564.71
82.03,2,commercial_block,clay_brick,Ashanti,standard,1526,263.28,27.562,10.849,47067.68
540.46,3,bungalow,clay_brick,Western,standard,15643,2768.41,290.019,128.761,525235.18
220.76,4,bungalow,clay_brick,Central,standard,6852,1255.42,131.603,64.314,216192.41
471.22,1,bungalow,clay_brick,Ashanti,premium,3763,683.06,71.583,33.565,165035.1
556.79,2,bungalow,clay_brick,Greater Accra,standard,8926,1595.86,167.214,76.401,319186.34
90.08,1,storey_building,compressed_earth_block,Northern,standard,833,146.52,15.345,6.507,21815.08
432.17,2,commercial_block,sandcrete_block,Ashanti,standard,8641,1491.74,156.201,64.155,249108.06
244.58,4,bungalow,sandcrete_block,Central,premium,9260,1611.11,168.699,69.148,322442.36
221.21,1,warehouse,compressed_earth_block,Northern,premium,1555,294.41,30.883,16.563,58587.75
203.95,2,storey_building,clay_brick,Western,standard,3117,558.99,58.579,27.326,96067.19
273.36,2,warehouse,sandcrete_block,Central,standard,3880,728.63,76.421,40.154,120395.38
451.22,2,bungalow,compressed_earth_block,Central,standard,7948,1382.35,144.75,59.657,211615.81
570.55,2,commercial_block,sandcrete_block,Eastern,standard,7951,1496.54,156.975,83.499,248406.7
488.42,1,commercial_block,sandcrete_block,Central,standard,4514,791.78,82.927,35.421,116346.11
124.99,4,storey_building,clay_brick,Greater Accra,standard,3721,687.59,72.096,36.53,142370.54
333.67,3,warehouse,clay_brick,Greater Accra,premium,7021,1309.49,137.321,70.682,327721.74
442.78,1,bungalow,clay_brick,Greater Accra,standard,3312,612.95,64.263,32.019,121638.34
350.77,1,commercial_block,compressed_earth_block,Ashanti,standard,2787,511.86,53.667,26.928,88692.25
393.42,3,warehouse,compressed_earth_block,Western,standard,8229,1540.05,161.508,83.751,221937.56
254.25,2,bungalow,sandcrete_block,Greater Accra,standard,4211,748.51,78.415,34.889,141516.55
548.27,2,warehouse,sandcrete_block,Central,standard,8585,1554.37,162.913,77.628,238160.66
524.1,2,storey_building,sandcrete_block,Greater Accra,standard,9808,1736.13,181.859,79.425,352569.57
444.64,3,bungalow,clay_brick,Ashanti,standard,12781,2215.58,232.006,96.057,421259.44
81.78,2,commercial_block,compressed_earth_block,Northern,standard,1578,273.46,28.63,11.449,38369.42
500.64,2,commercial_block,clay_brick,Central,standard,8591,1539.71,161.346,74.835,267639.3
53.81,1,bungalow,clay_brick,Northern,standard,414,76.34,8.004,4.05,11020.93
153.2,2,warehouse,compressed_earth_block,Greater Accra,standard,2191,398.56,41.779,20.349,70540.91
117.33,2,warehouse,clay_brick,Western,premium,1943,352.54,36.951,17.745,72119.1
194.64,3,warehouse,sandcrete_block,Ashanti,standard,5233,937.1,98.183,44.477,170578.22
392.26,1,warehouse,clay_brick,Eastern,premium,2932,540.81,56.709,28.861,112812.59
291.29,3,warehouse,sandcrete_block,Western,standard,7779,1371.34,143.631,61.595,210800.93
417.83,4,storey_building,sandcrete_block,Northern,standard,16156,2793.77,292.52,118.863,369613.03
262.35,4,bungalow,sandcrete_block,Central,standard,8771,1569.68,164.465,74.739,264766.87
88.94,2,storey_building,sandcrete_block,Greater Accra,standard,1407,257.44,26.982,12.856,48099.97
125.61,2,bungalow,clay_brick,Northern,standard,2015,370.11,38.803,19.307,56985.82
565.55,1,bungalow,compressed_earth_block,Northern,premium,4785,881.82,92.454,46.282,156588.78
557.92,4,bungalow,sandcrete_block,Central,standard,16315,3014.91,316.102,158.432,476443.34
83.39,3,commercial_block,sandcrete_block,Eastern,standard,2063,376.7,39.492,19.516,59170.24
145.1,2,warehouse,compressed_earth_block,Eastern,premium,2397,433.24,45.407,21.59,80322.88
165.14,3,storey_building,compressed_earth_block,Greater Accra,standard,4389,779.3,81.64,36.279,127420.85
335.5,4,bungalow,compressed_earth_block,Central,standard,12166,2132.76,223.369,95.032,352703.69
550.4,4,bungalow,compressed_earth_block,Central,standard,16655,3049.54,319.688,157.13,469460.81
404.31,1,commercial_block,sandcrete_block,Northern,standard,3840,657.27,68.8,26.668,96378.09
94.12,4,bungalow,compressed_earth_block,Central,standard,3169,554.93,58.11,24.088,83208.37
413.53,2,warehouse,clay_brick,Eastern,standard,7412,1289.95,135.073,55.605,215346.74
167.56,4,storey_building,sandcrete_block,Eastern,standard,5320,949.68,99.508,45.504,150057.36
201.3,2,bungalow,sandcrete_block,Ashanti,standard,3045,557.2,58.41,28.492,99109.39
405.95,1,warehouse,compressed_earth_block,Northern,standard,3429,622.69,65.257,30.64,86332.36
140.93,3,storey_building,compressed_earth_block,Northern,standard,3417,598.88,62.729,27.162,89194.57
295.12,2,storey_building,compressed_earth_block,Ashanti,standard,4104,771.05,80.874,42.798,123921.6
434.38,4,warehouse,sandcrete_block,Northern,standard,13086,2380.14,249.484,120.525,316028.63
327.21,1,storey_building,clay_brick,Greater Accra,standard,2840,496.85,52.038,22.247,98042.24
439.7,2,bungalow,compressed_earth_block,Central,standard,7330,1299.32,136.112,60.065,210122.59
202.77,1,warehouse,sandcrete_block,Northern,standard,1746,311.15,32.603,14.907,45826.06
514.83,1,bungalow,clay_brick,Greater Accra,standard,4076,736.97,77.24,36.7,151612.63
86.2,2,storey_building,compressed_earth_block,Central,standard,1282,241.18,25.297,13.36,37444.49
275.56,4,storey_building,clay_brick,Northern,standard,10306,1834.56,192.222,87.6,296115.6
276.52,1,commercial_block,clay_brick,Ashanti,standard,2155,391.02,40.988,19.894,66098.48
73.39,2,storey_building,clay_brick,Central,premium,1339,240.29,25.179,11.586,56125.56
575.85,4,storey_building,clay_brick,Central,standard,22404,3838.28,401.825,159.176,662155.17
393.37,2,commercial_block,sandcrete_block,Ashanti,premium,5961,1102.91,115.649,58.848,228519.29
351.97,4,storey_building,clay_brick,Ashanti,premium,12772,2264.04,237.174,104.697,486956.8
331.23,4,storey_building,compressed_earth_block,Ashanti,standard,11999,2064.64,216.168,87.263,351295.34
45.33,3,commercial_block,compressed_earth_block,Central,standard,1095,199.05,20.862,9.972,30710.18
115.81,3,storey_building,sandcrete_block,Ashanti,standard,2886,525.33,55.056,25.985,93012.25
151.99,1,warehouse,clay_brick,Northern,standard,1198,215.24,22.556,10.53,35634.62
77.98,3,warehouse,sandcrete_block,Western,premium,2190,380.12,39.803,16.311,80076.09
92.6,1,warehouse,compressed_earth_block,Ashanti,standard,699,127.66,13.383,6.558,20002.32
457.0,1,storey_building,sandcrete_block,Greater Accra,standard,3704,676.2,70.877,34.105,127066.06
460.83,4,commercial_block,compressed_earth_block,Central,standard,15932,2829.06,296.383,132.227,394120.97
127.21,4,storey_building,sandcrete_block,Ashanti,standard,4395,775.32,81.21,35.175,134490.78
450.54,2,storey_building,clay_brick,Ashanti,standard,6518,1185.04,124.216,60.104,211536.97
403.45,2,commercial_block,clay_brick,Greater Accra,standard,7675,1340.27,140.381,60.487,254042.27
440.45,4,commercial_block,compressed_earth_block,Ashanti,standard,16161,2903.23,304.242,141.956,452076.47
230.32,2,commercial_block,sandcrete_block,Greater Accra,standard,4396,790.03,82.789,38.508,148493.02
267.03,2,commercial_block,clay_brick,Central,standard,4406,799.77,83.827,40.24,136663.91
348.08,1,storey_building,sandcrete_block,Eastern,standard,2550,471.72,49.469,25.532,73064.14
96.12,2,warehouse,clay_brick,Central,standard,1541,279.01,29.244,14.058,48523.13
406.19,4,bungalow,sandcrete_block,Western,standard,14378,2557.2,267.923,121.055,406538.18
406.88,3,bungalow,clay_brick,Greater Accra,standard,11118,1923.08,201.333,80.296,403942.94
411.29,2,bungalow,compressed_earth_block,Ashanti,standard,7388,1320.42,138.336,62.046,214294.9
76.4,3,warehouse,clay_brick,Central,premium,1789,325.33,34.102,16.595,71668.96
67.7,2,bungalow,compressed_earth_block,Ashanti,standard,1040,182.51,19.113,8.027,29264.09
560.68,3,bungalow,clay_brick,Ashanti,standard,15259,2756.65,288.897,135.861,537482.56
121.63,1,bungalow,compressed_earth_block,Northern,standard,859,162.76,17.074,9.206,23065.49
175.01,1,bungalow,sandcrete_block,Central,premium,1529,272.81,28.583,12.916,51521.67
53.63,4,commercial_block,clay_brick,Western,standard,1612,301.45,31.615,16.511,56709.81
218.45,2,commercial_block,clay_brick,Northern,premium,3338,619.06,64.913,33.051,115845.38
195.5,1,bungalow,sandcrete_block,Central,standard,1634,305.4,32.028,16.546,45712.18
480.09,3,commercial_block,compressed_earth_block,Greater Accra,premium,12419,2218.08,232.39,104.771,478425.88
202.3,4,commercial_block,compressed_earth_block,Greater Accra,premium,7319,1292.21,135.355,58.937,297065.1
140.41,1,bungalow,compressed_earth_block,Northern,standard,1037,193.01,20.243,10.63,28075.07
305.25,3,warehouse,sandcrete_block,Northern,standard,7081,1255.76,131.551,58.198,182829.43
380.37,1,commercial_block,sandcrete_block,Central,standard,3202,566.87,59.384,26.235,90856.0
174.38,4,warehouse,sandcrete_block,Northern,standard,5418,975.97,102.271,47.362,154899.43
483.44,1,commercial_block,compressed_earth_block,Western,standard,3637,657.66,68.927,32.695,101317.18
504.17,3,commercial_block,compressed_earth_block,Greater Accra,standard,12560,2238.58,234.529,105.127,366837.16
459.72,4,warehouse,compressed_earth_block,Western,standard,12983,2464.94,258.627,142.698,402002.75
258.39,1,bungalow,sandcrete_block,Eastern,standard,1947,355.68,37.282,17.956,53380.96
480.53,2,storey_building,compressed_earth_block,Western,standard,7817,1411.39,147.922,70.207,238133.86
592.64,2,storey_building,compressed_earth_block,Ashanti,standard,9558,1782.12,186.898,97.178,280640.36
380.31,3,bungalow,clay_brick,Greater Accra,standard,9692,1741.45,182.5,85.542,385434.83
106.74,4,bungalow,clay_brick,Greater Accra,standard,3468,614.26,64.336,27.563,114216.19
100.41,4,warehouse,clay_brick,Northern,premium,3547,618.65,64.79,27.345,116868.64
121.26,1,storey_building,clay_brick,Ashanti,standard,1017,181.05,18.969,8.559,32411.73
371.15,3,commercial_block,compressed_earth_block,Western,standard,10158,1783.76,186.828,80.142,281591.22
349.41,4,bungalow,sandcrete_block,Greater Accra,premium,13277,2344.42,245.609,109.512,573285.97
197.78,4,warehouse,sandcrete_block,Western,standard,6236,1118.04,117.179,55.714,171030.34
315.75,2,commercial_block,clay_brick,Western,standard,4815,878.97,92.143,45.202,157329.99
270.49,1,warehouse,sandcrete_block,Western,standard,2091,381.49,39.99,19.487,58608.29
69.42,4,bungalow,clay_brick,Greater Accra,premium,2545,448.53,46.977,20.087,115415.08
255.77,4,commercial_block,compressed_earth_block,Northern,standard,9089,1575.22,164.939,67.561,228377.32
233.33,4,warehouse,sandcrete_block,Greater Accra,premium,6799,1273.03,133.517,69.985,300700.75
142.79,3,commercial_block,compressed_earth_block,Western,standard,3202,575.27,60.281,27.852,88821.37
262.44,1,warehouse,sandcrete_block,Northern,premium,2131,387.18,40.581,19.471,76009.06
503.47,1,bungalow,sandcrete_block,Ashanti,standard,3623,662.84,69.468,32.88,110308.92
515.96,1,storey_building,clay_brick,Greater Accra,standard,4274,766.14,80.291,37.761,147792.3
131.84,3,bungalow,sandcrete_block,Central,standard,2754,517.85,54.314,28.566,79969.07
142.55,1,storey_building,clay_brick,Western,standard,1315,229.41,24.025,10.098,40335.96
338.84,3,storey_building,compressed_earth_block,Western,standard,9343,1633.78,171.088,71.25,230812.28
316.4,3,storey_building,sandcrete_block,Eastern,standard,7790,1401.57,146.86,67.328,211931.54
406.82,1,bungalow,compressed_earth_block,Central,standard,3319,573.33,60.025,23.969,91552.84
416.68,2,warehouse,sandcrete_block,Eastern,standard,6982,1243.1,130.227,57.732,181892.13
595.4,1,bungalow,compressed_earth_block,Ashanti,premium,4502,822.39,86.21,42.178,166842.94
267.71,1,bungalow,compressed_earth_block,Eastern,standard,2285,405.56,42.486,18.79,61498.05
166.26,3,storey_building,compressed_earth_block,Ashanti,standard,3966,715.26,74.954,34.903,107982.05
540.04,3,bungalow,sandcrete_block,Central,premium,15224,2622.99,274.592,108.408,464233.85
174.43,2,commercial_block,clay_brick,Central,premium,2988,530.62,55.587,24.601,113157.28
183.8,4,storey_building,clay_brick,Ashanti,standard,6438,1163.43,121.933,57.746,227194.24
155.23,1,commercial_block,compressed_earth_block,Ashanti,standard,1359,241.07,25.255,11.26,38269.24
206.03,4,storey_building,compressed_earth_block,Ashanti,premium,6246,1146.7,120.229,60.407,241172.29
370.48,1,commercial_block,clay_brick,Ashanti,standard,2802,517.97,54.312,27.583,106675.87
252.89,4,bungalow,compressed_earth_block,Northern,standard,7202,1316.82,138.031,66.871,181098.16
514.81,3,commercial_block,sandcrete_block,Eastern,standard,13675,2496.59,261.688,126.285,414645.6
351.56,2,bungalow,sandcrete_block,Greater Accra,standard,5196,967.22,101.44,52.977,183884.26
174.9,4,storey_building,sandcrete_block,Ashanti,standard,4926,923.89,96.909,51.491,165455.49
548.19,4,bungalow,compressed_earth_block,Eastern,premium,16211,3035.61,318.373,166.583,572933.02
281.62,3,bungalow,compressed_earth_block,Northern,standard,7844,1378.25,144.349,61.444,189883.37
259.09,1,warehouse,compressed_earth_block,Ashanti,standard,2007,369.9,38.784,19.565,62597.45
379.77,2,bungalow,clay_brick,Ashanti,premium,6631,1159.46,121.423,50.931,266814.39
262.41,4,bungalow,sandcrete_block,Central,standard,9990,1716.67,179.72,71.45,284644.79
310.64,1,bungalow,clay_brick,Northern,premium,2510,438.6,45.936,19.553,81242.26
208.78,2,storey_building,compressed_earth_block,Greater Accra,premium,3378,605.14,63.412,29.406,135492.73
535.52,2,bungalow,sandcrete_block,Western,standard,8535,1562.06,163.737,79.322,262899.0
366.92,1,storey_building,sandcrete_block,Greater Accra,standard,2753,513.79,53.885,28.126,108377.35
122.44,4,bungalow,compressed_earth_block,Central,standard,3633,676.3,70.923,36.665,101294.8
463.36,1,commercial_block,clay_brick,Western,standard,3464,628.74,65.903,31.784,111455.34
332.67,1,commercial_block,compressed_earth_block,Ashanti,premium,2851,498.74,52.238,22.501,103588.3
93.36,4,warehouse,compressed_earth_block,Eastern,standard,2817,513.31,53.805,26.043,78675.61
192.18,2,commercial_block,clay_brick,Western,standard,3160,557.61,58.412,25.635,94331.43
272.96,4,warehouse,clay_brick,Central,premium,8195,1531.94,160.661,83.483,363187.96
379.26,4,warehouse,sandcrete_block,Eastern,standard,14805,2593.59,271.641,116.059,395416.24
187.29,4,commercial_block,sandcrete_block,Greater Accra,premium,6064,1077.6,112.915,51.898,267501.41
222.34,2,storey_building,compressed_earth_block,Greater Accra,premium,4300,738.83,77.345,30.498,151975.46
517.47,2,warehouse,sandcrete_block,Greater Accra,standard,8057,1494.04,156.661,79.631,276195.28
256.55,4,commercial_block,sandcrete_block,Ashanti,standard,9137,1592.1,166.72,69.23,261402.75
520.24,2,storey_building,sandcrete_block,Western,standard,8918,1562.15,163.611,69.766,262962.88
408.53,1,warehouse,compressed_earth_block,Greater Accra,standard,2959,570.68,59.889,33.895,101800.49
232.29,3,warehouse,compressed_earth_block,Central,standard,5064,946.69,99.281,51.512,150321.24
261.42,3,storey_building,compressed_earth_block,Northern,standard,6760,1224.99,128.375,60.124,170309.84
436.59,2,warehouse,clay_brick,Central,premium,6665,1224.84,128.438,65.692,267721.73
295.92,4,bungalow,sandcrete_block,Northern,premium,10121,1808.44,189.463,84.831,302068.1
119.06,1,bungalow,sandcrete_block,Eastern,standard,901,167.64,17.581,9.105,23779.65
296.54,3,commercial_block,clay_brick,Ashanti,standard,7263,1335.98,140.072,70.148,221632.76
107.82,4,warehouse,sandcrete_block,Central,premium,3902,672.53,70.412,28.285,134794.94
438.25,3,commercial_block,sandcrete_block,Northern,standard,10829,1899.55,198.949,84.919,266573.38
76.06,1,bungalow,sandcrete_block,Greater Accra,standard,599,108.81,11.405,5.534,20678.83
216.7,4,bungalow,clay_brick,Eastern,standard,6589,1217.04,127.609,64.433,183937.86
74.28,1,commercial_block,sandcrete_block,Ashanti,standard,556,101.17,10.604,5.117,17939.06
129.02,3,bungalow,compressed_earth_block,Central,premium,3283,584.58,61.242,27.31,105407.63
89.65,3,warehouse,sandcrete_block,Ashanti,standard,2203,395.0,41.391,19.106,63608.76
275.95,2,storey_building,clay_brick,Eastern,premium,4350,784.48,82.203,37.933,157250.85
375.06,3,warehouse,compressed_earth_block,Eastern,standard,10691,1880.79,197.001,85.265,296471.67
333.09,3,commercial_block,compressed_earth_block,Greater Accra,standard,9247,1641.63,171.971,75.825,267834.58
330.96,4,storey_building,clay_brick,Ashanti,standard,11594,2092.09,219.234,101.881,403610.37
261.34,2,warehouse,compressed_earth_block,Central,premium,4407,782.57,81.995,37.348,147999.62
592.04,3,warehouse,clay_brick,Greater Accra,premium,15723,2779.51,291.189,129.7,727991.46
522.51,3,storey_building,sandcrete_block,Central,standard,11110,2086.45,218.837,115.325,322573.54
472.06,2,bungalow,sandcrete_block,Central,standard,6700,1230.35,128.984,63.666,207593.29
433.77,4,warehouse,clay_brick,Eastern,standard,14571,2610.03,273.498,126.33,392056.71
549.65,3,storey_building,sandcrete_block,Northern,standard,13064,2373.02,248.734,119.89,380650.15
63.74,4,storey_building,compressed_earth_block,Northern,standard,2272,401.32,42.039,18.425,49843.19
443.3,1,warehouse,clay_brick,Eastern,standard,3323,624.74,65.533,34.98,92160.47
190.56,3,storey_building,clay_brick,Ashanti,standard,4465,842.03,88.332,47.646,163546.31
289.98,4,storey_building,sandcrete_block,Greater Accra,standard,10578,1862.45,195.091,85.208,362754.43
540.89,3,commercial_block,clay_brick,Central,standard,12421,2346.3,246.126,132.119,385088.25
307.96,3,storey_building,clay_brick,Central,standard,8386,1482.95,155.331,67.338,254228.85
536.55,3,storey_building,sandcrete_block,Ashanti,premium,12775,2291.35,240.124,112.318,458848.21
402.73,3,warehouse,compressed_earth_block,Greater Accra,premium,9967,1819.44,190.74,94.136,413988.26
529.16,2,bungalow,compressed_earth_block,Northern,standard,8625,1540.72,161.418,72.469,216013.76
280.68,3,commercial_block,compressed_earth_block,Eastern,standard,6903,1264.63,132.595,66.678,198483.44
366.11,4,storey_building,clay_brick,Eastern,standard,12074,2167.06,227.106,106.694,317951.41
435.55,3,bungalow,sandcrete_block,Greater Accra,premium,8975,1719.66,180.45,100.879,417479.63
544.37,3,commercial_block,compressed_earth_block,Northern,standard,13108,2376.02,249.042,119.601,352916.64
530.55,2,storey_building,clay_brick,Northern,premium,9058,1602.04,167.812,73.241,319582.34
53.52,2,storey_building,compressed_earth_block,Ashanti,premium,962,171.33,17.947,7.867,34584.73
492.06,2,warehouse,sandcrete_block,Northern,standard,9280,1596.45,167.12,65.486,247791.31
243.19,4,storey_building,compressed_earth_block,Ashanti,standard,7788,1386.25,145.24,65.63,232680.22
175.51,1,bungalow,compressed_earth_block,Eastern,premium,1646,287.74,30.132,12.512,54906.79
574.99,3,commercial_block,clay_brick,Western,standard,14265,2527.53,264.8,118.61,434833.65
247.41,2,warehouse,compressed_earth_block,Eastern,standard,3978,707.49,74.127,33.569,97452.09
424.43,3,commercial_block,compressed_earth_block,Ashanti,premium,11140,1991.89,208.737,97.264,393327.99
194.75,1,commercial_block,compressed_earth_block,Northern,standard,1565,278.66,29.198,13.31,39494.63
71.66,4,warehouse,clay_brick,Western,standard,2196,400.58,41.994,20.675,65247.55
375.09,2,commercial_block,clay_brick,Eastern,standard,6882,1229.97,128.887,59.653,212636.33
261.18,4,storey_building,clay_brick,Western,standard,8460,1536.92,161.086,76.94,288734.27
226.42,3,bungalow,sandcrete_block,Greater Accra,standard,5682,1011.32,105.954,47.598,192783.87
253.21,2,commercial_block,sandcrete_block,Ashanti,premium,3789,700.99,73.508,37.649,160361.39
219.58,2,commercial_block,clay_brick,Ashanti,standard,4157,743.45,77.905,36.041,141795.39
75.29,3,commercial_block,clay_brick,Greater Accra,standard,1857,332.04,34.792,15.942,68075.81
566.56,4,storey_building,sandcrete_block,Central,premium,21281,3790.04,397.079,178.566,863528.56
309.4,2,warehouse,clay_brick,Northern,standard,5231,929.04,97.336,43.831,143128.99
508.96,1,storey_building,sandcrete_block,Northern,standard,4064,723.03,75.759,34.624,108532.56
476.98,3,warehouse,compressed_earth_block,Northern,standard,10924,2039.31,213.85,109.679,301172.25
349.45,3,commercial_block,sandcrete_block,Central,premium,8716,1549.33,162.332,73.734,286352.79
347.2,3,commercial_block,compressed_earth_block,Western,standard,9255,1661.15,174.05,79.198,254542.54
223.05,1,storey_building,compressed_earth_block,Eastern,premium,2028,355.5,37.232,15.795,65846.15
146.51,1,storey_building,sandcrete_block,Northern,standard,1367,241.79,25.329,11.113,33618.16
67.43,4,bungalow,sandcrete_block,Eastern,standard,2008,373.31,39.145,20.016,56563.23
451.55,4,bungalow,clay_brick,Western,standard,16832,2897.16,303.282,118.892,536402.31
473.96,1,storey_building,compressed_earth_block,Northern,standard,3630,657.41,68.901,32.722,86442.09
395.62,4,bungalow,clay_brick,Greater Accra,standard,12257,2173.25,227.688,102.344,443529.62
42.41,1,storey_building,sandcrete_block,Eastern,standard,306,57.53,6.035,3.234,10187.94
271.74,3,commercial_block,compressed_earth_block,Central,standard,5799,1103.89,115.817,63.573,181989.65
393.38,1,warehouse,compressed_earth_block,Northern,premium,3792,665.59,69.709,29.617,120063.81
396.47,3,storey_building,compressed_earth_block,Western,standard,10629,1885.35,197.509,87.63,276330.88
230.05,1,storey_building,clay_brick,Northern,standard,2085,368.11,38.557,16.712,61641.72
93.05,1,warehouse,clay_brick,Northern,standard,697,127.42,13.357,6.513,20972.76
276.95,4,storey_building,compressed_earth_block,Greater Accra,standard,8965,1597.96,167.432,76.412,271844.16
387.86,3,warehouse,sandcrete_block,Central,standard,9389,1684.94,176.584,83.169,265914.98
581.05,4,bungalow,clay_brick,Ashanti,standard,15752,2928.76,307.112,156.942,557988.65
231.5,4,storey_building,sandcrete_block,Central,standard,7482,1347.62,141.228,66.223,214955.12
587.31,1,commercial_block,sandcrete_block,Greater Accra,premium,4404,811.98,85.144,43.406,201031.65
110.67,2,storey_building,clay_brick,Greater Accra,standard,1876,332.87,34.871,15.485,68516.95
562.47,3,commercial_block,compressed_earth_block,Central,standard,12734,2293.14,240.325,113.275,364137.23
546.97,1,storey_building,compressed_earth_block,Central,standard,4012,737.48,77.324,38.856,110310.05
227.04,4,bungalow,clay_brick,Eastern,standard,8189,1410.59,147.66,57.581,236029.98
148.68,2,warehouse,sandcrete_block,Greater Accra,standard,2689,472.73,49.513,21.271,89269.61
252.07,1,warehouse,sandcrete_block,Western,standard,2238,385.84,40.397,16.291,69691.84
271.53,2,bungalow,sandcrete_block,Northern,standard,4842,833.48,87.25,34.161,128767.29
229.78,3,warehouse,clay_brick,Eastern,premium,6080,1097.64,115.02,53.218,245485.08
159.74,4,warehouse,sandcrete_block,Greater Accra,standard,5166,921.23,96.532,44.462,164476.5
484.6,1,commercial_block,clay_brick,Greater Accra,standard,3721,675.26,70.78,34.193,146709.56
413.01,4,warehouse,compressed_earth_block,Central,standard,14294,2524.1,264.388,114.783,358798.29
222.76,4,bungalow,clay_brick,Greater Accra,standard,8099,1433.41,150.161,66.413,281287.55
480.76,3,warehouse,sandcrete_block,Northern,standard,12820,2242.7,234.885,100.034,343524.26
468.79,1,warehouse,clay_brick,Northern,premium,3810,662.3,69.344,28.02,132582.27
97.72,3,commercial_block,sandcrete_block,Western,premium,2594,463.37,48.552,22.171,94050.75
575.43,1,commercial_block,sandcrete_block,Central,standard,4918,889.58,93.237,44.492,153576.98
208.8,3,bungalow,clay_brick,Eastern,premium,5822,1033.12,108.225,47.648,203395.33
93.88,3,warehouse,sandcrete_block,Ashanti,premium,2194,395.74,41.472,19.399,83858.2
587.27,4,warehouse,compressed_earth_block,Northern,standard,19685,3552.0,372.251,175.164,479077.41
69.97,1,storey_building,compressed_earth_block,Eastern,standard,478,89.74,9.413,4.965,13486.87
560.8,3,commercial_block,sandcrete_block,Eastern,standard,14729,2625.36,275.046,122.969,376099.64
220.86,4,bungalow,sandcrete_block,Ashanti,standard,7951,1415.76,148.343,67.747,239766.87
221.04,2,storey_building,clay_brick,Central,premium,3894,690.13,72.298,32.035,144982.2
589.97,3,commercial_block,sandcrete_block,Northern,standard,13634,2486.93,260.727,129.39,401734.76
526.9,2,warehouse,sandcrete_block,Northern,premium,7811,1474.53,154.68,83.256,272088.78
223.18,3,storey_building,compressed_earth_block,Ashanti,premium,5066,940.42,98.606,49.895,203251.87
332.66,1,commercial_block,sandcrete_block,Eastern,premium,3039,522.95,54.75,21.895,110456.04
65.61,4,commercial_block,compressed_earth_block,Eastern,standard,2341,406.96,42.613,17.548,60715.87
443.32,2,warehouse,clay_brick,Eastern,standard,6470,1200.25,125.845,63.326,191360.76
101.07,4,storey_building,compressed_earth_block,Central,standard,3947,696.2,72.928,31.943,104958.89
304.92,3,commercial_block,sandcrete_block,Central,standard,6915,1238.42,129.765,59.588,195480.38
149.3,2,warehouse,sandcrete_block,Western,premium,2476,445.29,46.661,21.558,97693.64
443.53,2,storey_building,clay_brick,Northern,standard,8199,1440.4,150.864,64.634,237723.49
154.3,4,commercial_block,sandcrete_block,Eastern,standard,5183,934.45,97.935,46.399,141993.24
49.39,3,bungalow,clay_brick,Greater Accra,standard,1270,228.81,23.977,11.154,48832.05
143.6,1,warehouse,compressed_earth_block,Greater Accra,standard,1025,190.12,19.938,10.299,31658.96
382.85,1,bungalow,compressed_earth_block,Eastern,standard,3306,610.67,64.024,31.952,89721.94
455.13,1,warehouse,sandcrete_block,Ashanti,standard,3487,625.91,65.583,30.036,105968.47
345.1,3,commercial_block,compressed_earth_block,Eastern,standard,9883,1699.85,177.952,70.227,268205.6
532.72,2,commercial_block,clay_brick,Eastern,standard,7789,1437.53,150.738,76.874,265370.37
154.55,4,commercial_block,compressed_earth_block,Greater Accra,standard,4888,878.63,92.076,42.969,149921.89
505.56,4,bungalow,sandcrete_block,Eastern,standard,13730,2501.15,262.173,126.992,376067.72
102.81,1,storey_building,clay_brick,Northern,premium,868,155.33,16.275,7.38,30872.14
403.86,4,storey_building,clay_brick,Greater Accra,premium,11645,2132.54,223.575,111.095,590914.11
450.04,4,warehouse,sandcrete_block,Greater Accra,standard,16763,3000.35,314.377,143.689,536488.15
292.79,3,commercial_block,sandcrete_block,Northern,standard,6081,1142.6,119.845,63.418,184038.6
468.65,4,commercial_block,sandcrete_block,Greater Accra,standard,15871,2861.6,299.914,142.3,532132.1
262.34,1,warehouse,sandcrete_block,Ashanti,standard,1915,349.26,36.611,17.835,61943.79
133.89,4,bungalow,compressed_earth_block,Western,standard,4749,847.29,88.782,40.811,125695.69
382.62,4,warehouse,sandcrete_block,Ashanti,standard,11274,2117.82,222.123,116.773,359173.88
111.25,3,storey_building,compressed_earth_block,Greater Accra,standard,2743,501.74,52.594,25.535,85857.38
431.08,2,commercial_block,clay_brick,Western,standard,6105,1131.21,118.617,60.369,203544.52
426.13,1,warehouse,sandcrete_block,Eastern,premium,4221,722.7,75.652,29.449,145245.26
529.72,1,bungalow,sandcrete_block,Greater Accra,standard,4747,841.98,88.207,39.237,165095.02
400.34,3,warehouse,sandcrete_block,Greater Accra,standard,9237,1740.4,182.567,98.002,320799.25
164.66,3,commercial_block,sandcrete_block,Ashanti,premium,4035,727.52,76.238,35.418,161608.93
416.27,2,storey_building,compressed_earth_block,Eastern,standard,6237,1170.17,122.72,63.735,176831.9
55.07,1,warehouse,compressed_earth_block,Greater Accra,premium,479,85.11,8.917,4.053,18582.15
287.23,2,bungalow,clay_brick,Western,premium,4897,878.09,92.004,41.907,208557.17
246.59,4,bungalow,compressed_earth_block,Ashanti,premium,7440,1379.76,144.688,74.263,287127.81
448.6,4,commercial_block,sandcrete_block,Western,premium,15739,2812.47,294.679,133.86,534827.87
459.82,4,storey_building,compressed_earth_block,Central,premium,12642,2406.2,252.446,138.104,485809.15
502.17,3,commercial_block,sandcrete_block,Western,standard,14443,2522.69,264.192,111.275,419320.08
529.99,1,warehouse,compressed_earth_block,Greater Accra,standard,4398,788.28,82.612,38.916,154063.77
136.08,4,storey_building,sandcrete_block,Northern,standard,4104,742.86,77.861,37.273,105685.31
540.45,4,storey_building,sandcrete_block,Northern,standard,19973,3491.63,365.671,154.425,490280.54
436.23,2,storey_building,compressed_earth_block,Western,standard,7906,1374.45,143.92,59.082,229185.56
44.88,3,commercial_block,compressed_earth_block,Greater Accra,standard,1058,195.6,20.509,10.327,36021.55
538.89,2,bungalow,compressed_earth_block,Western,standard,9477,1681.98,176.182,76.63,285625.02
526.99,1,commercial_block,clay_brick,Eastern,premium,3988,739.47,77.535,39.195,154219.9
401.64,4,commercial_block,compressed_earth_block,Eastern,standard,11473,2113.95,221.65,111.795,286795.65
440.73,4,warehouse,compressed_earth_block,Greater Accra,standard,13900,2556.21,267.998,133.508,464076.78
470.86,1,bungalow,sandcrete_block,Central,standard,3560,658.72,69.066,34.676,114922.52
380.14,3,commercial_block,sandcrete_block,Ashanti,standard,10351,1794.81,187.93,76.773,290428.94
173.26,4,storey_building,compressed_earth_block,Northern,standard,6692,1151.79,120.583,48.009,156346.16
557.39,3,storey_building,sandcrete_block,Western,standard,12835,2286.92,239.627,109.718,389007.31
143.68,4,bungalow,sandcrete_block,Western,premium,5130,899.81,94.239,40.082,174331.44
179.87,1,commercial_block,clay_brick,Western,standard,1316,240.07,25.168,12.475,40343.33
578.42,2,storey_building,clay_brick,Northern,standard,11181,1970.3,206.403,91.245,319574.46
238.1,1,warehouse,sandcrete_block,Greater Accra,standard,1908,341.1,35.736,16.037,59613.32
413.99,2,storey_building,compressed_earth_block,Eastern,standard,5929,1106.97,116.096,60.551,159528.43
165.64,2,storey_building,sandcrete_block,Eastern,premium,3262,557.89,58.404,23.044,101273.91
138.69,1,bungalow,sandcrete_block,Ashanti,standard,1168,205.77,21.551,9.219,35105.68
370.31,2,bungalow,compressed_earth_block,Western,standard,5468,1003.07,105.158,52.061,149658.49
460.05,2,commercial_block,sandcrete_block,Ashanti,standard,7024,1280.27,134.202,65.186,220966.08
320.57,3,bungalow,clay_brick,Central,standard,7936,1447.65,151.742,73.412,247467.07
406.81,3,commercial_block,sandcrete_block,Ashanti,standard,11770,2082.16,218.134,97.275,370773.99
378.16,4,commercial_block,sandcrete_block,Greater Accra,premium,14152,2464.58,258.065,105.742,552238.0
462.33,4,bungalow,compressed_earth_block,Northern,standard,12488,2403.99,252.265,141.502,344282.74
211.25,1,commercial_block,sandcrete_block,Western,standard,1437,277.67,29.14,16.532,43453.49
218.37,2,commercial_block,sandcrete_block,Greater Accra,standard,3988,699.31,73.232,30.563,122365.83
492.79,4,bungalow,compressed_earth_block,Northern,premium,14710,2678.87,280.812,136.708,477522.02
445.33,4,bungalow,clay_brick,Eastern,standard,14012,2585.66,271.158,140.237,426424.42
108.8,3,bungalow,clay_brick,Eastern,standard,2825,497.35,52.092,22.444,82093.22
374.84,4,commercial_block,clay_brick,Western,standard,12734,2234.13,234.007,100.959,374744.8
380.37,2,storey_building,sandcrete_block,Greater Accra,premium,5751,1068.25,112.021,57.432,266110.72
422.35,2,bungalow,sandcrete_block,Central,standard,7001,1255.09,131.512,60.353,187101.72
588.31,4,warehouse,compressed_earth_block,Greater Accra,standard,19115,3378.96,353.959,155.626,612940.21
364.2,4,commercial_block,sandcrete_block,Eastern,standard,10700,1958.23,205.312,102.817,327514.88
307.34,4,warehouse,sandcrete_block,Northern,standard,11356,1975.19,206.832,85.526,290849.93
70.18,4,commercial_block,clay_brick,Ashanti,standard,2722,474.06,49.644,20.711,89289.98
505.13,3,bungalow,compressed_earth_block,Central,standard,12092,2249.5,235.868,119.351,362057.82
350.52,2,bungalow,sandcrete_block,Northern,premium,6524,1152.5,120.72,52.466,206061.8
424.73,2,warehouse,compressed_earth_block,Northern,standard,6556,1216.98,127.619,65.555,177574.12
458.9,2,bungalow,sandcrete_block,Greater Accra,standard,7106,1306.53,136.971,67.663,239959.09
48.33,2,warehouse,compressed_earth_block,Western,premium,685,126.94,13.311,6.776,26111.15
489.82,3,bungalow,sandcrete_block,Western,standard,14274,2498.92,261.711,110.774,430727.24
189.01,2,commercial_block,compressed_earth_block,Western,standard,3572,634.58,66.481,29.676,98611.67
157.53,4,commercial_block,compressed_earth_block,Eastern,standard,5093,932.38,97.74,47.835,142536.14
498.66,2,bungalow,clay_brick,Northern,standard,7112,1330.72,139.56,72.687,209906.31
333.72,2,warehouse,sandcrete_block,Ashanti,premium,5456,965.44,101.151,45.696,208044.54
96.35,3,commercial_block,sandcrete_block,Greater Accra,standard,2601,463.94,48.604,21.714,89094.52
207.01,4,warehouse,sandcrete_block,Eastern,standard,6322,1132.14,118.639,55.177,168939.01
138.79,4,commercial_block,clay_brick,Northern,standard,4268,797.9,83.676,43.296,136064.28
190.44,2,warehouse,sandcrete_block,Central,standard,2851,518.94,54.4,26.624,83250.93
416.91,2,storey_building,sandcrete_block,Eastern,standard,8029,1381.29,144.602,57.014,217196.21
99.72,3,warehouse,compressed_earth_block,Greater Accra,standard,2359,425.1,44.55,20.886,72403.27
160.54,2,warehouse,compressed_earth_block,Western,standard,2796,501.96,52.599,24.276,75919.15
362.14,3,commercial_block,sandcrete_block,Ashanti,standard,8004,1423.28,149.124,67.634,261627.44
499.76,3,warehouse,compressed_earth_block,Central,standard,11951,2164.49,226.877,109.425,332585.83
212.77,3,commercial_block,sandcrete_block,Greater Accra,standard,4900,865.81,90.708,40.689,171484.13
390.03,3,bungalow,clay_brick,Ashanti,standard,9681,1732.37,181.495,81.306,315469.44
59.51,4,bungalow,clay_brick,Western,standard,1745,319.89,33.532,16.297,53768.06
277.5,4,bungalow,compressed_earth_block,Central,standard,8012,1492.73,156.539,80.648,248874.29
460.18,4,commercial_block,compressed_earth_block,Ashanti,standard,17595,3038.55,318.171,130.852,508962.77
347.34,3,storey_building,compressed_earth_block,Central,standard,9039,1607.35,168.396,75.409,245513.07
556.13,1,warehouse,sandcrete_block,Ashanti,standard,3862,706.48,74.058,36.159,124844.22
120.57,4,warehouse,sandcrete_block,Eastern,standard,4104,749.71,78.593,38.648,120982.05
380.45,3,bungalow,sandcrete_block,Eastern,standard,10513,1839.65,192.651,80.557,278908.89
487.61,2,warehouse,clay_brick,Northern,standard,8777,1546.7,162.002,69.748,238139.33
132.47,3,commercial_block,clay_brick,Greater Accra,standard,3565,631.5,66.157,29.431,127692.44
197.24,4,commercial_block,compressed_earth_block,Ashanti,standard,5811,1059.11,111.025,54.363,174966.36
463.16,4,commercial_block,clay_brick,Greater Accra,standard,17607,3056.49,320.033,130.489,615937.3
96.27,2,warehouse,sandcrete_block,Northern,standard,1836,321.12,33.632,14.325,51902.85
209.11,1,bungalow,sandcrete_block,Eastern,standard,1877,325.61,34.091,13.766,48286.56
170.81,4,storey_building,clay_brick,Central,premium,5549,995.18,104.285,48.329,206318.86
487.24,4,storey_building,compressed_earth_block,Northern,standard,16225,2911.45,305.058,139.197,391913.68
140.72,2,warehouse,sandcrete_block,Eastern,standard,2579,451.06,47.24,20.062,75817.86
436.26,4,storey_building,sandcrete_block,Ashanti,premium,14566,2620.77,274.642,128.188,598874.39
304.97,1,warehouse,clay_brick,Northern,standard,2294,426.31,44.708,23.164,74180.01
365.27,1,storey_building,clay_brick,Greater Accra,standard,2656,493.34,51.734,26.567,102940.39
479.48,1,warehouse,clay_brick,Northern,premium,3904,693.6,72.67,32.827,137477.8
551.89,3,warehouse,clay_brick,Central,standard,14277,2522.58,264.219,113.924,421512.92
151.08,4,warehouse,sandcrete_block,Central,standard,4431,837.74,87.885,47.666,133473.83
447.57,1,commercial_block,clay_brick,Ashanti,standard,3495,624.06,65.384,29.501,106351.43
101.88,3,commercial_block,sandcrete_block,Western,premium,2285,417.78,43.802,21.853,91573.97
429.34,4,warehouse,compressed_earth_block,Central,standard,16631,2927.33,306.628,133.31,402838.56
567.84,3,storey_building,compressed_earth_block,Ashanti,premium,16328,2841.37,297.551,124.263,531219.72
592.86,1,storey_building,sandcrete_block,Northern,standard,5352,964.38,101.07,47.7,141388.36
552.61,2,bungalow,clay_brick,Northern,standard,10237,1800.64,188.598,81.105,280755.14
478.07,1,bungalow,compressed_earth_block,Western,standard,4273,758.13,79.423,35.304,123042.2
96.43,4,storey_building,compressed_earth_block,Central,standard,3517,613.2,64.212,26.605,86676.76
314.88,1,bungalow,clay_brick,Ashanti,premium,2834,495.57,51.899,21.827,114261.78
279.63,4,commercial_block,compressed_earth_block,Central,standard,10779,1894.82,198.485,86.941,285462.96
543.37,2,bungalow,clay_brick,Eastern,standard,8791,1613.76,169.161,82.266,267683.07
133.19,1,warehouse,clay_brick,Western,standard,1028,186.64,19.561,9.304,34595.95
125.49,3,storey_building,compressed_earth_block,Central,standard,2734,507.17,53.178,26.865,72085.85
468.04,1,warehouse,sandcrete_block,Ashanti,standard,3736,684.22,71.729,35.347,115760.64
109.77,1,commercial_block,clay_brick,Central,standard,900,161.11,16.882,7.746,27323.38
384.97,3,storey_building,sandcrete_block,Eastern,standard,9712,1703.25,178.387,75.949,249682.41
588.7,3,bungalow,compressed_earth_block,Ashanti,standard,13324,2473.77,259.411,133.195,423750.88
297.68,4,bungalow,compressed_earth_block,Northern,standard,10037,1769.86,185.384,80.352,242054.46
244.77,4,bungalow,compressed_earth_block,Greater Accra,standard,9066,1597.12,167.29,72.5,266558.67
286.39,3,warehouse,sandcrete_block,Ashanti,standard,6137,1157.34,121.404,65.103,188479.91
454.16,2,commercial_block,sandcrete_block,Central,premium,8762,1514.07,158.544,65.467,293521.29
101.66,4,storey_building,sandcrete_block,Ashanti,premium,3152,564.98,59.203,27.362,113421.99
146.64,1,storey_building,sandcrete_block,Eastern,standard,1161,210.13,22.023,10.42,31613.6
589.45,3,warehouse,clay_brick,Western,premium,15870,2821.9,295.644,132.668,596273.21
373.42,2,storey_building,compressed_earth_block,Western,premium,6724,1175.06,123.051,51.222,224348.21
294.5,1,storey_building,sandcrete_block,Eastern,standard,2173,409.31,42.932,22.692,64894.7
429.76,1,commercial_block,sandcrete_block,Eastern,standard,3062,573.05,60.106,31.757,83595.52
137.57,4,bungalow,clay_brick,Northern,standard,4540,793.98,83.158,35.489,133449.15
244.98,2,warehouse,clay_brick,Ashanti,standard,4557,806.93,84.531,37.238,152820.49
558.76,2,bungalow,compressed_earth_block,Western,standard,10233,1804.47,188.995,80.968,282624.41
145.3,1,warehouse,compressed_earth_block,Eastern,premium,1131,204.61,21.444,10.129,37339.49
151.6,3,storey_building,compressed_earth_block,Eastern,premium,3471,630.19,66.055,31.787,113001.57
597.34,4,warehouse,compressed_earth_block,Ashanti,standard,18798,3438.77,360.496,177.496,564534.89
312.27,3,storey_building,sandcrete_block,Eastern,standard,8299,1477.71,154.809,69.016,201033.84
118.9,3,bungalow,clay_brick,Greater Accra,standard,2649,492.92,51.687,26.279,102195.84
78.09,1,commercial_block,compressed_earth_block,Eastern,standard,598,110.01,11.534,5.801,15465.75
66.38,4,bungalow,clay_brick,Greater Accra,standard,2510,433.1,45.344,18.203,79393.17
477.31,3,storey_building,compressed_earth_block,Central,standard,10428,1905.25,199.716,97.183,297649.06
448.21,3,warehouse,sandcrete_block,Central,premium,11493,2000.9,209.519,86.277,376782.37
40.85,3,warehouse,compressed_earth_block,Central,standard,1069,190.72,19.983,9.068,29415.76
501.23,3,storey_building,compressed_earth_block,Western,premium,11653,2110.77,221.247,106.751,441830.53
278.34,1,commercial_block,clay_brick,Greater Accra,premium,2097,387.62,40.647,20.83,92132.27
48.2,2,storey_building,compressed_earth_block,Western,standard,801,144.24,15.118,7.203,24091.07
79.59,1,bungalow,clay_brick,Greater Accra,standard,703,126.52,13.258,6.107,23975.7
64.34,3,commercial_block,compressed_earth_block,Ashanti,standard,1862,315.06,32.97,12.113,51560.33
408.46,1,storey_building,clay_brick,Greater Accra,standard,3688,635.75,66.56,26.67,126112.81
303.69,3,warehouse,compressed_earth_block,Eastern,standard,6454,1206.44,126.53,66.208,178547.88
280.38,4,storey_building,compressed_earth_block,Greater Accra,premium,9376,1705.52,178.775,86.695,396170.52
530.05,4,commercial_block,sandcrete_block,Central,standard,20795,3589.59,375.829,151.584,535878.78
86.07,2,commercial_block,clay_brick,Eastern,standard,1378,246.92,25.876,12.078,46556.69
119.05,1,storey_building,sandcrete_block,Central,standard,861,164.03,17.211,9.526,27115.17
457.6,4,storey_building,compressed_earth_block,Greater Accra,premium,13226,2496.99,261.931,140.417,560856.21
388.1,2,bungalow,sandcrete_block,Western,premium,6141,1123.25,117.753,57.932,230274.54
438.44,3,storey_building,clay_brick,Eastern,standard,12966,2207.34,231.043,88.674,348537.12
218.02,3,bungalow,compressed_earth_block,Western,standard,5139,928.33,97.295,46.229,147485.19
401.85,1,commercial_block,clay_brick,Greater Accra,standard,3066,550.45,57.672,26.033,98803.82
297.44,3,storey_building,sandcrete_block,Ashanti,standard,7524,1333.05,139.664,62.947,214663.39
80.33,1,storey_building,sandcrete_block,Western,standard,689,121.92,12.772,5.638,19412.46
314.67,1,storey_building,clay_brick,Ashanti,standard,2574,463.5,48.574,22.733,89696.21
336.47,3,warehouse,clay_brick,Western,standard,7896,1449.35,151.959,76.173,248371.09
438.4,3,bungalow,compressed_earth_block,Ashanti,standard,9208,1700.6,178.304,89.563,271405.47
134.4,1,warehouse,sandcrete_block,Western,premium,1053,190.4,19.955,9.452,40735.33
148.74,2,warehouse,compressed_earth_block,Western,standard,2307,407.18,42.654,18.755,62130.11
94.31,4,warehouse,sandcrete_block,Eastern,premium,2965,542.39,56.86,28.0,108301.34
215.98,4,commercial_block,sandcrete_block,Eastern,premium,6772,1218.56,127.712,60.526,221961.29
327.03,4,commercial_block,clay_brick,Eastern,standard,10314,1893.63,198.52,98.041,336007.77
583.32,2,commercial_block,clay_brick,Central,premium,8815,1617.37,169.533,82.04,340425.26
101.33,2,storey_building,sandcrete_block,Eastern,premium,1621,294.29,30.849,15.027,63997.81
289.69,4,commercial_block,compressed_earth_block,Ashanti,standard,8676,1586.93,166.373,82.625,258113.97
107.62,2,warehouse,clay_brick,Central,standard,1896,334.77,35.066,15.236,60669.67
309.99,2,warehouse,compressed_earth_block,Ashanti,standard,4276,808.89,84.85,45.397,136638.24
203.75,1,bungalow,compressed_earth_block,Western,premium,1365,252.21,26.44,13.021,48547.75
318.21,2,storey_building,compressed_earth_block,Western,standard,4627,839.98,88.04,42.064,139492.48
337.75,4,storey_building,clay_brick,Greater Accra,premium,9605,1758.4,184.331,90.266,435038.21
328.01,4,commercial_block,clay_brick,Greater Accra,standard,11753,2087.68,218.71,97.364,409024.79
86.6,1,storey_building,clay_brick,Greater Accra,premium,625,112.58,11.799,5.576,27281.12
599.49,1,commercial_block,compressed_earth_block,Central,premium,4724,854.88,89.609,43.385,159039.69
139.64,2,commercial_block,clay_brick,Eastern,standard,2179,393.73,41.273,20.112,68769.64
196.32,2,bungalow,sandcrete_block,Northern,standard,2801,515.74,54.067,26.696,75995.24
532.75,2,warehouse,sandcrete_block,Eastern,standard,9133,1634.79,171.276,77.022,250645.5
343.42,1,bungalow,sandcrete_block,Greater Accra,standard,2404,456.3,47.871,26.092,91242.83
492.87,2,bungalow,sandcrete_block,Western,standard,7919,1424.92,149.321,69.479,220103.38
202.11,4,commercial_block,compressed_earth_block,Northern,standard,7919,1388.27,145.421,63.52,199529.84
156.52,4,warehouse,sandcrete_block,Western,standard,4749,875.42,91.782,45.784,131696.91
403.04,1,storey_building,compressed_earth_block,Central,premium,2718,517.17,54.254,29.326,91233.29
256.43,1,commercial_block,compressed_earth_block,Western,standard,2000,369.04,38.693,19.415,57513.78
445.68,3,bungalow,compressed_earth_block,Eastern,standard,11945,2097.98,219.727,93.479,302880.94
564.0,4,storey_building,clay_brick,Greater Accra,standard,17702,3179.32,333.129,152.241,655409.34
343.04,2,bungalow,compressed_earth_block,Western,standard,5022,922.54,96.722,48.287,144069.75
248.74,2,bungalow,sandcrete_block,Central,standard,4420,775.29,81.191,34.005,124397.29
496.91,4,bungalow,clay_brick,Central,standard,15438,2814.43,294.98,140.695,453067.41
497.59,4,warehouse,clay_brick,Central,premium,13698,2527.0,264.926,131.365,550980.65
351.16,3,bungalow,clay_brick,Central,standard,8576,1544.26,161.811,74.179,293833.03
540.83,2,commercial_block,sandcrete_block,Ashanti,standard,10392,1812.79,189.833,78.984,316873.36
598.94,3,commercial_block,clay_brick,Northern,standard,16755,2958.77,309.925,135.053,448803.78
382.45,1,commercial_block,clay_brick,Greater Accra,standard,3109,565.52,59.271,28.157,100809.42
400.96,3,warehouse,sandcrete_block,Western,standard,9581,1771.84,185.759,92.284,308080.53
293.16,3,storey_building,compressed_earth_block,Ashanti,standard,8623,1481.58,155.119,62.411,230073.46
564.2,4,commercial_block,sandcrete_block,Central,premium,21489,3710.37,388.487,157.559,718791.57
598.78,4,warehouse,clay_brick,Northern,standard,21155,3730.11,390.727,170.593,593428.37
425.81,3,bungalow,clay_brick,Eastern,premium,10728,1901.92,199.237,87.821,394401.38
265.6,4,storey_building,clay_brick,Central,premium,7972,1449.2,151.898,72.962,319391.59
343.31,1,bungalow,sandcrete_block,Central,premium,2578,470.71,49.344,24.161,92142.35
537.27,3,bungalow,clay_brick,Greater Accra,premium,12263,2228.9,233.602,110.817,535096.92
418.4,1,storey_building,clay_brick,Northern,standard,3680,660.49,69.207,31.7,110041.56
61.39,4,warehouse,sandcrete_block,Ashanti,standard,2147,371.97,38.947,15.847,63524.22
224.47,2,storey_building,compressed_earth_block,Ashanti,standard,3862,685.56,71.808,31.121,112634.29
45.99,1,warehouse,clay_brick,Northern,standard,373,68.58,7.191,3.622,10341.17
248.86,2,storey_building,sandcrete_block,Eastern,premium,3840,699.59,73.337,35.878,138494.8
426.37,2,commercial_block,clay_brick,Eastern,standard,8148,1417.13,148.391,61.137,231560.95
97.31,2,storey_building,sandcrete_block,Central,standard,1780,317.74,33.294,15.29,47647.25
370.4,3,bungalow,clay_brick,Northern,premium,10334,1789.87,187.397,75.42,386707.67
502.91,4,commercial_block,clay_brick,Northern,standard,15965,2903.35,304.36,149.36,450661.71
422.92,3,storey_building,clay_brick,Northern,standard,10127,1826.94,191.464,90.101,290533.39
582.54,2,commercial_block,clay_brick,Greater Accra,premium,8197,1555.13,163.147,88.583,401725.6
73.02,2,warehouse,clay_brick,Western,standard,1270,222.66,23.322,10.082,37783.84
423.17,4,storey_building,compressed_earth_block,Greater Accra,premium,12982,2397.08,251.352,127.918,546925.11
575.76,4,warehouse,clay_brick,Ashanti,premium,19359,3436.59,360.005,158.835,828080.33
389.21,1,commercial_block,clay_brick,Greater Accra,premium,3160,557.59,58.397,24.789,142465.41
487.35,3,bungalow,compressed_earth_block,Greater Accra,premium,12867,2285.23,239.433,108.505,497644.51
236.04,2,commercial_block,sandcrete_block,Northern,standard,4080,722.06,75.634,32.957,103804.78
430.84,2,commercial_block,compressed_earth_block,Greater Accra,premium,6155,1151.91,120.817,63.601,251461.13
309.75,1,bungalow,clay_brick,Eastern,premium,2635,470.91,49.343,22.637,92433.01
533.21,2,storey_building,clay_brick,Ashanti,standard,7647,1461.1,153.298,84.364,275972.83
268.7,3,warehouse,compressed_earth_block,Greater Accra,premium,5917,1041.65,109.099,46.696,221937.95
539.47,3,storey_building,compressed_earth_block,Western,standard,14553,2576.09,269.871,119.701,414963.22
526.63,1,warehouse,compressed_earth_block,Ashanti,standard,4838,855.1,89.572,39.132,155036.72
79.6,3,warehouse,compressed_earth_block,Northern,standard,1991,362.32,37.979,18.369,50199.88
198.58,3,commercial_block,clay_brick,Western,standard,5275,941.24,98.606,43.893,151379.69
202.49,1,commercial_block,compressed_earth_block,Ashanti,standard,1446,267.08,28.005,14.24,47173.56
189.49,1,commercial_block,sandcrete_block,Central,standard,1300,247.06,25.917,13.967,41134.74
564.05,1,commercial_block,sandcrete_block,Western,standard,5532,951.39,99.615,40.512,175219.41
324.94,2,warehouse,sandcrete_block,Northern,premium,5774,1029.72,107.877,48.09,179423.59
432.15,3,bungalow,compressed_earth_block,Ashanti,standard,11860,2095.91,219.568,97.473,314709.59
241.15,3,warehouse,clay_brick,Eastern,premium,6512,1125.92,117.878,47.187,237226.23
347.26,4,storey_building,compressed_earth_block,Northern,standard,11923,2137.38,223.944,101.588,291711.89
525.95,3,warehouse,clay_brick,Ashanti,standard,13928,2485.34,260.367,115.679,437749.18
523.96,2,commercial_block,clay_brick,Greater Accra,premium,9208,1639.35,171.736,76.07,389564.54
322.78,3,storey_building,sandcrete_block,Eastern,standard,8666,1549.4,162.344,74.042,213109.13
200.6,2,storey_building,sandcrete_block,Central,premium,2994,539.54,56.539,26.237,107289.46
79.1,3,warehouse,sandcrete_block,Central,standard,1666,320.43,33.622,18.646,54797.28
218.18,3,bungalow,sandcrete_block,Greater Accra,standard,5946,1019.66,106.756,42.887,201537.57
301.25,1,storey_building,clay_brick,Ashanti,standard,2469,453.88,47.585,23.636,90470.31
352.83,1,bungalow,sandcrete_block,Ashanti,premium,2986,532.84,55.833,25.641,122376.23
228.92,3,bungalow,sandcrete_block,Greater Accra,premium,4718,899.61,94.392,52.304,222841.97
241.07,1,warehouse,compressed_earth_block,Central,standard,1745,325.66,34.155,17.941,50789.88
54.47,1,storey_building,compressed_earth_block,Western,standard,512,87.9,9.202,3.592,13197.66
559.48,1,warehouse,compressed_earth_block,Ashanti,standard,4593,837.04,87.735,42.165,136648.75
581.98,4,bungalow,sandcrete_block,Eastern,premium,17522,3253.9,341.208,174.476,662877.92
111.22,2,storey_building,clay_brick,Ashanti,standard,1557,294.81,30.927,16.767,54526.63
123.45,2,warehouse,sandcrete_block,Western,standard,1718,324.35,34.025,18.379,53908.91
40.74,2,storey_building,clay_brick,Central,standard,744,132.83,13.919,6.419,25908.32
532.62,3,commercial_block,sandcrete_block,Greater Accra,standard,14338,2542.61,266.363,118.165,460520.45
194.32,2,storey_building,sandcrete_block,Western,standard,3227,582.57,61.056,28.911,104598.85
313.12,4,commercial_block,sandcrete_block,Western,premium,9418,1692.83,177.396,82.548,322998.7
586.69,2,warehouse,clay_brick,Western,standard,9972,1781.92,186.695,84.331,298578.94
99.42,1,commercial_block,clay_brick,Eastern,standard,746,140.69,14.758,7.951,21842.85
448.42,4,warehouse,sandcrete_block,Northern,standard,15771,2849.83,298.683,141.945,405375.96
344.56,1,warehouse,sandcrete_block,Central,standard,3215,565.54,59.231,25.236,92390.35
142.19,3,bungalow,compressed_earth_block,Ashanti,standard,3584,656.99,68.862,33.064,107396.9
70.7,3,bungalow,clay_brick,Central,standard,1566,293.96,30.826,15.852,53579.16
223.73,1,bungalow,compressed_earth_block,Northern,standard,2182,371.12,38.845,14.85,46647.1
492.84,2,storey_building,compressed_earth_block,Northern,standard,8249,1516.88,159.033,79.304,219157.45
579.2,2,storey_building,sandcrete_block,Central,standard,9798,1687.44,176.651,69.617,302353.8
265.1,4,bungalow,compressed_earth_block,Greater Accra,standard,7452,1390.96,145.883,76.3,262577.62
476.2,1,bungalow,clay_brick,Central,standard,4471,790.54,82.814,36.575,130900.94
101.42,4,warehouse,clay_brick,Western,standard,3154,582.77,61.111,31.287,98745.69
370.16,3,storey_building,sandcrete_block,Central,standard,7708,1472.45,154.494,85.358,251096.85
265.86,4,commercial_block,compressed_earth_block,Northern,standard,9411,1647.11,172.491,72.312,231436.23
465.99,2,warehouse,compressed_earth_block,Ashanti,standard,8818,1522.02,159.352,64.033,238778.19
477.04,3,warehouse,sandcrete_block,Greater Accra,standard,11253,2065.27,216.511,106.782,389261.92
537.08,3,bungalow,sandcrete_block,Central,standard,13866,2539.18,266.123,126.423,411328.72
416.45,4,storey_building,sandcrete_block,Ashanti,standard,14079,2546.76,266.914,126.472,487515.03
269.43,1,bungalow,sandcrete_block,Northern,standard,1833,353.13,37.054,20.649,55481.99
122.54,3,warehouse,sandcrete_block,Western,standard,3543,619.14,64.842,27.409,100032.49
306.03,4,warehouse,clay_brick,Ashanti,standard,8739,1639.33,171.946,90.961,295475.06
271.07,2,bungalow,sandcrete_block,Central,standard,4145,765.07,80.21,39.915,125260.41
154.41,1,bungalow,compressed_earth_block,Ashanti,premium,1528,264.13,27.657,11.318,51180.32
483.33,4,warehouse,compressed_earth_block,Eastern,standard,18138,3208.78,336.121,146.993,497623.97
527.96,3,warehouse,sandcrete_block,Northern,standard,11931,2189.49,229.559,114.995,311870.35
486.99,1,bungalow,compressed_earth_block,Eastern,standard,3430,656.31,68.86,37.882,98859.7
72.18,3,storey_building,clay_brick,Ashanti,standard,1670,309.76,32.485,16.846,56535.06
412.15,2,warehouse,clay_brick,Western,standard,6919,1250.03,130.998,61.3,217958.95
324.92,1,commercial_block,clay_brick,Western,standard,2857,507.21,53.138,23.789,88902.82
50.9,1,commercial_block,compressed_earth_block,Central,standard,412,75.56,7.922,3.962,11471.33
580.84,2,bungalow,clay_brick,Greater Accra,premium,10155,1811.46,189.815,87.455,434571.4
306.14,1,commercial_block,compressed_earth_block,Central,standard,2472,439.56,46.045,20.179,71304.58
61.83,4,warehouse,clay_brick,Ashanti,standard,1804,344.66,36.16,19.749,62797.06
84.26,1,commercial_block,clay_brick,Greater Accra,premium,592,112.77,11.832,6.479,27503.4
445.17,3,bungalow,clay_brick,Northern,standard,12646,2213.86,231.857,98.138,374565.14
231.34,2,commercial_block,sandcrete_block,Ashanti,standard,3688,650.15,68.102,29.656,112217.65
324.62,2,commercial_block,clay_brick,Western,standard,5133,929.41,97.404,45.946,166657.24
277.29,3,warehouse,compressed_earth_block,Ashanti,premium,6889,1202.42,125.914,52.316,253783.56
539.9,4,storey_building,sandcrete_block,Northern,standard,17172,3089.52,323.738,149.224,476210.19
65.71,3,storey_building,clay_brick,Greater Accra,standard,1779,317.4,33.252,14.855,66086.27
503.36,3,storey_building,clay_brick,Eastern,standard,11561,2069.1,216.808,99.654,373596.66
280.14,3,commercial_block,compressed_earth_block,Central,standard,6706,1226.21,128.53,62.087,185712.88
515.29,1,warehouse,clay_brick,Northern,standard,4188,741.98,77.726,34.206,119288.92
117.71,1,warehouse,compressed_earth_block,Eastern,standard,1030,184.43,19.328,9.041,26944.15
338.0,4,warehouse,compressed_earth_block,Western,premium,9918,1772.24,185.697,84.982,370147.57
166.58,3,warehouse,sandcrete_block,Ashanti,standard,3416,644.91,67.649,36.191,112384.01
342.24,4,commercial_block,compressed_earth_block,Central,standard,12111,2134.44,223.579,97.415,336153.35
378.17,1,bungalow,clay_brick,Greater Accra,standard,2949,531.18,55.673,26.511,104030.55
41.56,3,storey_building,sandcrete_block,Western,premium,1148,201.38,21.092,9.009,40200.42
160.02,4,bungalow,clay_brick,Northern,premium,5616,1011.67,106.018,49.529,202917.71
43.18,1,warehouse,compressed_earth_block,Central,premium,405,70.4,7.373,3.117,13826.79
273.77,4,warehouse,sandcrete_block,Western,standard,8100,1514.27,158.82,83.414,236547.07
272.8,1,storey_building,clay_brick,Northern,standard,2157,386.11,40.453,18.235,65803.11
316.79,2,bungalow,clay_brick,Central,standard,5233,942.75,98.784,45.304,157953.18
503.97,1,storey_building,sandcrete_block,Central,standard,4778,823.23,86.18,33.971,138295.88
168.46,2,warehouse,compressed_earth_block,Northern,premium,2842,505.38,52.95,23.916,91431.96
463.67,4,commercial_block,sandcrete_block,Central,standard,16568,2926.72,306.563,133.194,457552.91
536.81,2,warehouse,compressed_earth_block,Northern,premium,9861,1729.36,181.105,75.958,297994.04
222.94,2,bungalow,compressed_earth_block,Ashanti,standard,3226,591.94,62.061,30.986,97719.57
85.88,1,warehouse,compressed_earth_block,Central,premium,612,117.87,12.368,6.908,20342.68
467.03,3,commercial_block,sandcrete_block,Western,standard,13609,2372.33,248.473,106.548,378498.95
375.22,2,commercial_block,clay_brick,Western,standard,6765,1211.45,126.933,57.798,234400.52
560.94,3,warehouse,sandcrete_block,Ashanti,standard,13360,2499.49,262.174,139.235,450260.42
40.31,2,warehouse,clay_brick,Central,premium,568,107.75,11.304,6.125,23006.59
107.71,2,bungalow,compressed_earth_block,Central,standard,2011,344.51,36.062,13.98,47489.79
143.98,2,bungalow,compressed_earth_block,Western,premium,2543,441.82,46.263,18.973,92494.65
447.07,2,bungalow,compressed_earth_block,Central,premium,7925,1372.72,143.727,58.254,235537.24
493.06,2,storey_building,compressed_earth_block,Western,standard,9783,1692.94,177.282,73.706,269642.19
130.46,2,bungalow,sandcrete_block,Northern,standard,2292,401.05,41.999,17.632,60357.26
110.75,3,bungalow,sandcrete_block,Central,premium,2598,470.36,49.295,23.274,99157.98
404.92,2,bungalow,clay_brick,Western,standard,6896,1246.88,130.661,60.574,234230.92
71.69,3,storey_building,sandcrete_block,Greater Accra,standard,1775,322.2,33.763,15.619,60558.98
325.65,3,storey_building,sandcrete_block,Ashanti,premium,8240,1489.86,156.137,73.471,341887.75
138.14,2,storey_building,sandcrete_block,Northern,standard,2287,414.85,43.475,20.377,59063.75
196.29,2,commercial_block,compressed_earth_block,Northern,premium,3515,622.35,65.194,28.721,119725.76
209.47,1,warehouse,sandcrete_block,Eastern,premium,1949,343.8,36.014,15.808,64995.08
48.55,3,commercial_block,compressed_earth_block,Eastern,premium,1304,232.9,24.402,11.091,43183.03
57.34,1,bungalow,compressed_earth_block,Western,premium,460,83.14,8.713,4.11,16318.9
118.29,3,storey_building,sandcrete_block,Central,standard,3559,602.92,63.103,23.884,95204.2
268.64,1,bungalow,clay_brick,Greater Accra,premium,2460,430.11,45.043,18.9,107767.32
238.96,1,commercial_block,compressed_earth_block,Northern,standard,1781,325.23,34.096,16.869,45923.99
529.97,2,warehouse,sandcrete_block,Greater Accra,standard,9084,1623.77,170.126,76.925,277082.0
485.2,4,bungalow,compressed_earth_block,Western,standard,13267,2528.1,265.209,143.228,401753.99
428.65,2,warehouse,clay_brick,Central,standard,6814,1204.64,126.193,55.638,200701.55
479.19,1,warehouse,sandcrete_block,Central,premium,3759,674.72,70.708,33.143,132302.42
210.41,3,storey_building,sandcrete_block,Central,standard,5580,1003.58,105.174,49.4,153820.66
441.26,4,storey_building,compressed_earth_block,Western,standard,12372,2328.7,244.258,129.534,392876.27
202.77,1,storey_building,sandcrete_block,Eastern,standard,1439,264.24,27.702,13.676,40223.66
298.55,2,storey_building,clay_brick,Eastern,standard,4679,852.65,89.361,42.312,155609.96
564.36,2,storey_building,clay_brick,Western,premium,10073,1758.88,184.195,77.179,413042.58
454.08,1,warehouse,sandcrete_block,Ashanti,standard,3515,656.55,68.863,36.342,117868.29
427.77,2,bungalow,sandcrete_block,Northern,standard,7723,1384.55,145.075,66.373,185059.91
406.91,4,storey_building,sandcrete_block,Central,standard,11673,2214.1,232.307,128.053,357523.88
306.03,1,storey_building,sandcrete_block,Eastern,premium,2335,421.78,44.199,20.526,80124.97
190.79,4,warehouse,sandcrete_block,Eastern,standard,6011,1102.29,115.561,57.178,180115.26
42.27,2,bungalow,compressed_earth_block,Ashanti,standard,687,125.46,13.15,6.355,20308.7
251.25,3,commercial_block,clay_brick,Central,standard,6887,1221.05,127.923,57.204,208891.47
342.72,2,warehouse,compressed_earth_block,Western,premium,5097,943.05,98.893,50.796,174652.29
192.12,3,commercial_block,sandcrete_block,Ashanti,premium,4239,794.24,83.304,43.954,177141.15
307.69,4,storey_building,clay_brick,Northern,standard,10452,1860.0,194.871,87.692,325081.12
249.24,4,storey_building,compressed_earth_block,Greater Accra,standard,8506,1522.87,159.564,72.766,272613.25
189.19,2,warehouse,clay_brick,Eastern,standard,2626,491.3,51.528,27.01,86706.11
564.76,3,commercial_block,clay_brick,Central,standard,14685,2638.17,276.454,128.205,423937.46
149.67,4,commercial_block,sandcrete_block,Ashanti,standard,4461,813.83,85.304,41.16,147476.36
314.46,4,bungalow,clay_brick,Western,standard,11744,2012.07,210.611,81.269,364487.65
458.94,2,storey_building,clay_brick,Eastern,standard,7481,1325.77,138.887,61.626,213251.44
190.0,2,bungalow,clay_brick,Northern,standard,3460,608.78,63.767,27.639,102742.95
563.64,1,warehouse,compressed_earth_block,Eastern,standard,4349,811.61,85.116,44.172,132216.38
529.01,3,bungalow,compressed_earth_block,Central,standard,14563,2549.97,267.045,112.181,399971.79
91.36,3,warehouse,clay_brick,Northern,standard,2338,407.43,42.661,17.433,65088.93
461.08,2,storey_building,compressed_earth_block,Western,premium,7950,1379.49,144.454,59.826,269325.2
439.34,1,commercial_block,clay_brick,Central,standard,3292,603.49,63.271,31.517,103079.18
115.17,2,storey_building,sandcrete_block,Central,standard,2237,398.2,41.721,18.901,62576.13
211.42,4,commercial_block,compressed_earth_block,Central,standard,7896,1386.0,145.177,62.965,208595.91
110.22,4,commercial_block,clay_brick,Ashanti,standard,3595,637.52,66.789,29.793,128678.22
390.84,2,bungalow,sandcrete_block,Ashanti,premium,7194,1259.22,131.879,55.946,293036.59
391.43,4,storey_building,sandcrete_block,Eastern,standard,13224,2394.68,250.969,118.507,370442.59
403.19,4,bungalow,clay_brick,Northern,standard,13979,2548.79,267.153,128.44,421162.57
74.76,3,bungalow,clay_brick,Greater Accra,standard,1713,302.9,31.73,13.925,63628.07
142.0,1,storey_building,compressed_earth_block,Greater Accra,standard,1083,198.76,20.835,10.168,34320.01
481.17,3,warehouse,sandcrete_block,Northern,premium,12427,2210.83,231.603,102.492,391031.84
45.32,2,warehouse,compressed_earth_block,Central,premium,818,141.75,14.842,6.025,28888.63
282.65,4,bungalow,sandcrete_block,Ashanti,premium,9474,1711.01,179.293,82.927,358414.85
485.8,2,commercial_block,sandcrete_block,Central,premium,7196,1329.11,139.386,72.24,272077.94
226.77,4,commercial_block,clay_brick,Greater Accra,standard,8076,1413.06,147.982,62.137,263424.45
501.0,1,bungalow,sandcrete_block,Western,standard,3538,655.32,68.716,35.034,107944.49
203.84,4,commercial_block,sandcrete_block,Central,standard,7246,1277.9,133.853,57.955,206342.08
390.89,4,bungalow,clay_brick,Eastern,standard,13596,2421.75,253.721,113.821,369853.26
86.42,1,warehouse,compressed_earth_block,Central,standard,665,119.81,12.555,5.803,18720.99
195.91,1,warehouse,clay_brick,Western,standard,1740,309.11,32.383,14.381,52776.87
346.16,3,bungalow,clay_brick,Northern,premium,8404,1506.09,157.802,71.693,300733.38
320.61,3,bungalow,sandcrete_block,Ashanti,standard,8780,1531.73,160.393,66.213,246796.06
434.43,4,bungalow,clay_brick,Western,standard,12597,2343.61,245.783,127.681,412103.78
163.76,1,warehouse,sandcrete_block,Ashanti,standard,1190,217.2,22.77,11.229,36333.0
269.04,3,storey_building,sandcrete_block,Greater Accra,standard,7227,1269.0,132.912,56.974,235939.42
311.46,2,storey_building,clay_brick,Ashanti,standard,4260,812.18,85.21,46.612,146064.59
158.36,1,commercial_block,compressed_earth_block,Eastern,premium,1343,235.68,24.686,10.738,42241.75
121.41,4,storey_building,sandcrete_block,Greater Accra,standard,4647,812.02,85.044,36.127,157302.63
429.49,3,bungalow,sandcrete_block,Northern,premium,12039,2134.36,223.591,98.838,359220.39
140.94,4,storey_building,sandcrete_block,Northern,standard,4098,764.71,80.203,42.0,115140.53
495.61,2,bungalow,compressed_earth_block,Northern,standard,8887,1590.14,166.614,76.085,213789.93
442.76,1,bungalow,sandcrete_block,Central,premium,3996,707.8,74.148,32.802,147252.58
369.28,4,storey_building,sandcrete_block,Eastern,standard,12939,2308.03,241.814,109.013,332016.42
78.6,1,warehouse,clay_brick,Greater Accra,standard,621,110.7,11.598,5.216,23110.14
523.59,1,commercial_block,sandcrete_block,Northern,standard,4290,783.48,82.128,40.006,104449.7
351.69,4,commercial_block,compressed_earth_block,Ashanti,premium,10824,2012.8,211.098,110.308,413863.96
118.22,3,warehouse,sandcrete_block,Greater Accra,standard,2365,454.99,47.747,26.91,89098.38
70.29,1,bungalow,sandcrete_block,Western,standard,599,105.34,11.032,4.69,16575.21
364.4,3,bungalow,sandcrete_block,Eastern,premium,9296,1603.55,167.874,66.483,306625.67
453.19,3,commercial_block,compressed_earth_block,Northern,standard,10363,1933.3,202.758,105.748,256037.41
68.33,4,bungalow,clay_brick,Ashanti,standard,2000,367.31,38.502,18.673,66869.15
244.15,3,warehouse,compressed_earth_block,Greater Accra,standard,5321,999.91,104.88,55.608,186868.31
561.5,1,warehouse,sandcrete_block,Eastern,standard,4635,834.25,87.418,40.317,135857.03
106.59,2,commercial_block,sandcrete_block,Ashanti,premium,1635,295.13,30.933,14.776,65779.31
422.04,3,bungalow,sandcrete_block,Central,premium,10295,1845.14,193.346,89.188,359564.53
278.08,1,bungalow,clay_brick,Eastern,standard,2059,374.31,39.237,19.097,60740.65
464.94,4,warehouse,compressed_earth_block,Central,standard,14280,2527.11,264.753,118.388,364880.72
123.63,3,commercial_block,compressed_earth_block,Greater Accra,standard,3126,559.89,58.664,26.705,112397.47
79.93,4,storey_building,compressed_earth_block,Central,standard,2486,458.54,48.072,23.784,69791.66
305.82,3,storey_building,sandcrete_block,Central,standard,9092,1561.28,163.456,65.219,246499.1
555.46,4,warehouse,clay_brick,Greater Accra,standard,20283,3538.34,370.584,157.942,663552.48
386.06,3,storey_building,sandcrete_block,Ashanti,standard,9328,1681.45,176.214,82.726,288580.34
92.26,4,bungalow,sandcrete_block,Greater Accra,premium,3210,576.27,60.386,27.896,137619.11
181.27,2,bungalow,clay_brick,Central,premium,2685,499.55,52.383,26.788,102964.59
362.85,1,storey_building,sandcrete_block,Ashanti,standard,2780,504.3,52.861,25.562,87779.05
363.21,1,storey_building,compressed_earth_block,Western,standard,3422,604.29,63.303,27.976,97424.04
347.42,4,commercial_block,compressed_earth_block,Northern,standard,12896,2216.81,232.054,90.456,307801.69
284.89,2,warehouse,compressed_earth_block,Greater Accra,standard,4390,817.83,85.767,44.427,150920.63
375.24,2,warehouse,sandcrete_block,Ashanti,standard,6205,1101.01,115.335,50.699,181881.22
302.38,1,storey_building,compressed_earth_block,Greater Accra,standard,2288,417.89,43.802,21.077,79121.39
410.44,4,warehouse,clay_brick,Northern,standard,12796,2237.4,234.311,98.388,338306.91
419.51,4,storey_building,sandcrete_block,Eastern,standard,13062,2364.33,247.816,118.973,348564.4
117.37,4,storey_building,clay_brick,Ashanti,standard,4458,774.86,81.137,33.382,145957.13
524.95,2,commercial_block,clay_brick,Greater Accra,standard,10000,1730.21,181.15,72.922,350141.15
428.25,3,commercial_block,compressed_earth_block,Western,standard,11819,2073.04,217.104,91.585,316837.98
415.86,3,commercial_block,compressed_earth_block,Greater Accra,standard,11506,2044.06,214.15,96.003,351615.68
513.91,3,warehouse,sandcrete_block,Eastern,standard,11909,2222.46,233.068,120.42,350842.39
462.89,2,bungalow,clay_brick,Central,standard,7609,1367.74,143.321,66.148,230282.72
400.34,3,warehouse,sandcrete_block,Northern,standard,11197,1982.35,207.67,92.052,314490.08
454.89,4,storey_building,clay_brick,Eastern,standard,15633,2761.17,289.23,126.208,473852.43
211.68,3,commercial_block,compressed_earth_block,Eastern,standard,5417,957.09,100.261,44.189,144346.17
587.93,2,storey_building,compressed_earth_block,Ashanti,standard,10401,1855.56,194.434,89.39,273587.69
458.88,3,bungalow,compressed_earth_block,Eastern,premium,12100,2163.35,226.656,102.178,382922.79
268.58,3,warehouse,compressed_earth_block,Eastern,premium,7447,1267.65,132.679,50.481,226983.0
440.7,1,bungalow,clay_brick,Western,standard,3608,647.85,67.892,31.781,112993.66
560.36,3,bungalow,clay_brick,Central,standard,13569,2419.42,253.51,116.108,433127.04
365.12,4,bungalow,clay_brick,Greater Accra,standard,11356,2062.36,216.175,104.469,411946.29
343.34,1,warehouse,clay_brick,Western,standard,2530,481.13,50.476,27.488,93388.61
194.23,2,bungalow,sandcrete_block,Greater Accra,premium,2697,504.6,52.921,27.611,117877.78
263.69,2,commercial_block,clay_brick,Eastern,premium,5280,921.35,96.495,41.014,200519.14
391.73,2,warehouse,compressed_earth_block,Greater Accra,premium,6817,1222.42,128.095,59.244,266068.47
378.79,3,storey_building,compressed_earth_block,Ashanti,standard,9346,1675.46,175.572,81.455,274092.67
161.36,1,commercial_block,sandcrete_block,Eastern,standard,1281,232.82,24.403,11.686,35712.72
520.3,3,warehouse,clay_brick,Central,standard,14261,2500.05,261.82,110.206,449749.89
495.35,3,commercial_block,clay_brick,Ashanti,standard,10690,1983.73,208.011,106.003,370613.07
478.29,1,warehouse,compressed_earth_block,Northern,premium,3511,679.38,71.298,40.486,121627.52
531.84,4,warehouse,sandcrete_block,Central,premium,18200,3357.42,352.016,176.686,686072.6
397.35,2,commercial_block,clay_brick,Greater Accra,premium,7125,1252.88,131.229,56.627,324699.34
209.99,1,storey_building,sandcrete_block,Ashanti,standard,1726,306.14,32.071,14.226,54409.98
517.15,2,storey_building,compressed_earth_block,Central,premium,8502,1550.38,162.522,79.431,308879.85
390.84,3,commercial_block,clay_brick,Eastern,standard,9937,1779.67,186.494,86.619,307073.25
228.64,2,commercial_block,clay_brick,Northern,premium,4559,781.55,81.818,32.301,155101.47
253.09,3,commercial_block,sandcrete_block,Western,premium,5520,1023.59,107.343,55.478,173099.34
162.55,2,bungalow,compressed_earth_block,Greater Accra,standard,2689,478.77,50.158,22.401,85477.09
570.85,1,commercial_block,sandcrete_block,Eastern,standard,4218,777.09,81.476,40.852,120201.35
436.69,1,storey_building,sandcrete_block,Greater Accra,premium,3271,581.38,60.911,27.425,148379.26
421.45,1,storey_building,clay_brick,Western,premium,3103,587.61,61.645,33.484,129284.76
177.48,4,storey_building,clay_brick,Eastern,standard,6314,1139.19,119.375,55.337,184275.45
118.24,2,commercial_block,compressed_earth_block,Western,premium,1817,339.68,35.626,18.648,63257.88
167.25,3,commercial_block,clay_brick,Northern,standard,4653,819.21,85.804,36.894,146965.88
153.82,4,warehouse,sandcrete_block,Ashanti,standard,5415,962.57,100.833,44.324,168654.76
588.06,3,storey_building,compressed_earth_block,Ashanti,premium,15078,2661.46,278.812,123.551,497684.06
388.48,1,warehouse,clay_brick,Ashanti,premium,3504,606.13,63.465,25.853,142689.98
70.29,2,warehouse,compressed_earth_block,Greater Accra,standard,1204,213.88,22.409,10.117,37729.82
357.85,1,bungalow,compressed_earth_block,Eastern,standard,2727,490.07,51.358,24.043,72394.67
490.37,3,bungalow,sandcrete_block,Greater Accra,premium,11215,2088.78,219.029,111.756,546591.84
592.08,4,commercial_block,compressed_earth_block,Northern,standard,17766,3260.82,341.877,170.839,453875.6
161.02,2,storey_building,compressed_earth_block,Ashanti,standard,2754,484.28,50.721,21.64,76014.09
61.33,2,commercial_block,compressed_earth_block,Ashanti,standard,1184,207.51,21.735,9.358,28139.37
276.92,3,commercial_block,clay_brick,Northern,standard,7425,1304.26,136.61,58.874,209144.87
125.26,2,commercial_block,sandcrete_block,Western,standard,1960,359.84,37.725,18.682,62189.32
395.85,3,warehouse,clay_brick,Eastern,standard,8082,1541.01,161.66,87.416,253230.48
448.34,3,commercial_block,sandcrete_block,Western,standard,12904,2259.3,236.668,103.896,355210.11
187.76,2,storey_building,sandcrete_block,Ashanti,standard,3270,575.64,60.296,26.185,99278.29
271.2,4,storey_building,compressed_earth_block,Central,premium,9154,1638.76,171.69,77.107,299199.83
286.82,3,commercial_block,compressed_earth_block,Western,standard,6918,1238.44,129.78,60.477,198357.55
111.86,4,storey_building,clay_brick,Northern,standard,3436,638.0,66.906,34.549,102471.53
130.78,4,commercial_block,clay_brick,Central,standard,3908,705.3,73.922,35.224,119245.77
398.14,4,commercial_block,sandcrete_block,Eastern,standard,12052,2219.87,232.727,115.411,372187.4
147.83,4,warehouse,clay_brick,Central,standard,5176,922.59,96.671,44.312,154621.79
238.38,2,bungalow,sandcrete_block,Central,standard,3479,651.32,68.3,35.101,107449.41
295.32,3,commercial_block,clay_brick,Ashanti,standard,7554,1361.02,142.635,67.107,232045.98
385.29,1,bungalow,clay_brick,Ashanti,premium,3241,573.68,60.091,26.16,136018.73
250.98,4,commercial_block,clay_brick,Greater Accra,standard,8634,1560.98,163.592,77.041,316065.78
57.77,4,warehouse,sandcrete_block,Ashanti,premium,1828,334.32,35.039,16.604,74086.99
471.47,4,warehouse,compressed_earth_block,Central,premium,16261,2949.49,309.083,143.752,566597.09
136.43,2,bungalow,clay_brick,Central,standard,1936,364.59,38.242,20.309,60711.64
514.35,2,warehouse,sandcrete_block,Ashanti,standard,8111,1483.13,155.47,75.818,275136.97
115.52,2,warehouse,sandcrete_block,Northern,standard,1778,326.11,34.193,17.217,51010.56
343.35,2,warehouse,sandcrete_block,Central,standard,6018,1077.54,112.893,50.805,181673.83
256.59,3,commercial_block,compressed_earth_block,Central,standard,5764,1060.75,111.213,55.551,151018.03
557.63,3,bungalow,clay_brick,Greater Accra,premium,14707,2628.58,275.435,126.756,713784.88
393.76,4,storey_building,clay_brick,Eastern,premium,13006,2373.13,248.771,121.658,476542.69
587.26,1,warehouse,sandcrete_block,Northern,standard,5314,916.6,95.971,38.979,148560.58
259.53,3,commercial_block,clay_brick,Ashanti,standard,6950,1223.46,128.153,55.67,225160.71
530.19,3,commercial_block,clay_brick,Northern,standard,11909,2237.94,234.741,124.777,328575.17
479.04,2,bungalow,sandcrete_block,Greater Accra,standard,8159,1450.27,151.937,67.941,269276.37
57.69,1,storey_building,sandcrete_block,Ashanti,standard,492,88.18,9.239,4.199,15218.83
504.88,2,storey_building,compressed_earth_block,Eastern,premium,8621,1522.69,159.5,69.613,279439.13
572.5,2,bungalow,compressed_earth_block,Central,premium,9088,1680.04,176.183,90.955,308675.76
174.77,2,commercial_block,clay_brick,Ashanti,premium,3346,589.06,61.706,27.108,126905.48
505.55,2,warehouse,sandcrete_block,Greater Accra,standard,8422,1518.01,159.097,75.448,283256.2
91.41,1,bungalow,clay_brick,Eastern,premium,635,119.58,12.542,6.603,23924.43
106.01,3,storey_building,sandcrete_block,Greater Accra,standard,2340,430.89,45.182,23.046,85178.97
311.39,1,commercial_block,clay_brick,Eastern,premium,2413,443.53,46.505,23.504,97021.62
585.55,3,commercial_block,compressed_earth_block,Ashanti,standard,12600,2290.01,240.05,116.935,348963.36
546.96,1,commercial_block,clay_brick,Greater Accra,standard,4412,804.31,84.319,41.576,164819.78
424.29,3,warehouse,clay_brick,Central,standard,10640,1922.73,201.488,93.781,342378.05
413.36,1,bungalow,clay_brick,Northern,premium,3718,656.33,68.752,30.158,127282.62
177.15,4,warehouse,clay_brick,Western,standard,6554,1126.39,117.914,46.234,210137.13
322.12,1,bungalow,sandcrete_block,Ashanti,standard,2886,509.55,53.372,23.087,92017.95
49.88,2,commercial_block,compressed_earth_block,Ashanti,standard,873,156.47,16.395,7.526,25576.5
190.98,3,warehouse,clay_brick,Western,standard,4372,795.61,83.407,41.066,134633.47
100.2,4,storey_building,compressed_earth_block,Central,premium,2961,540.98,56.712,27.87,100260.8
83.05,2,commercial_block,clay_brick,Greater Accra,premium,1566,275.06,28.813,12.585,69740.34
51.65,3,storey_building,clay_brick,Central,standard,1292,224.27,23.485,9.753,39356.56
592.8,2,bungalow,clay_brick,Central,standard,10426,1834.88,192.196,83.455,310140.35
352.69,4,commercial_block,compressed_earth_block,Greater Accra,standard,13321,2294.01,240.186,97.146,399103.7
68.15,1,commercial_block,compressed_earth_block,Ashanti,standard,511,94.83,9.945,5.146,16153.15
357.02,4,storey_building,clay_brick,Eastern,standard,12698,2217.55,232.199,95.203,386328.31
250.57,1,storey_building,clay_brick,Greater Accra,standard,2382,417.97,43.777,18.75,84733.4
570.74,1,bungalow,sandcrete_block,Central,standard,4494,832.02,87.244,44.419,121782.75
165.6,1,bungalow,clay_brick,Greater Accra,standard,1269,232.48,24.373,12.094,45440.14
452.43,2,warehouse,compressed_earth_block,Western,standard,7499,1394.06,146.184,74.774,224440.79
504.44,4,bungalow,sandcrete_block,Eastern,standard,16287,2952.55,309.469,148.43,461416.37
467.63,2,bungalow,clay_brick,Ashanti,standard,7980,1428.94,149.724,68.395,276226.69
551.18,4,warehouse,compressed_earth_block,Eastern,standard,16139,3018.21,316.544,165.395,421151.33
307.9,4,warehouse,sandcrete_block,Western,standard,10041,1828.54,191.66,92.178,295999.79
78.51,2,warehouse,compressed_earth_block,Eastern,standard,1513,258.48,27.057,10.514,39637.66
358.79,3,bungalow,clay_brick,Central,premium,7463,1401.04,146.946,77.298,287029.4
444.14,2,commercial_block,clay_brick,Northern,standard,7476,1329.76,139.332,63.629,207896.99
484.8,1,storey_building,sandcrete_block,Western,standard,4334,749.19,78.439,31.581,130448.61
597.35,3,commercial_block,sandcrete_block,Central,premium,13101,2467.56,258.856,139.625,474925.41
340.87,4,bungalow,clay_brick,Western,standard,10724,1949.59,204.339,97.637,342968.48
289.16,2,bungalow,clay_brick,Northern,premium,4480,824.17,86.403,42.75,166547.42
474.23,1,bungalow,clay_brick,Western,premium,3178,598.8,62.808,33.273,125688.51
142.98,3,bungalow,sandcrete_block,Northern,standard,3787,672.88,70.491,31.255,108615.44
486.69,4,commercial_block,clay_brick,Western,premium,15206,2803.77,293.963,147.222,661134.83
559.42,2,commercial_block,sandcrete_block,Greater Accra,premium,9949,1719.9,180.094,74.087,413649.12
176.89,3,commercial_block,clay_brick,Ashanti,standard,4417,780.53,81.76,35.742,142272.0
373.01,1,warehouse,sandcrete_block,Greater Accra,standard,3395,600.7,62.928,27.827,105037.35
379.32,3,commercial_block,clay_brick,Eastern,standard,9205,1692.82,177.483,88.775,282380.58
126.79,4,warehouse,compressed_earth_block,Greater Accra,standard,4939,864.49,90.544,38.801,166435.97
590.02,1,bungalow,sandcrete_block,Greater Accra,premium,4854,865.86,90.729,41.758,209867.69
583.42,1,storey_building,compressed_earth_block,Eastern,standard,5409,952.15,99.735,43.371,134683.55
69.78,2,commercial_block,sandcrete_block,Western,standard,1115,199.16,20.869,9.628,32536.18
477.44,1,warehouse,compressed_earth_block,Western,standard,3463,668.39,70.15,40.196,109976.54
57.2,4,storey_building,sandcrete_block,Central,standard,1825,333.76,34.993,17.532,55449.95
108.44,1,warehouse,clay_brick,Ashanti,standard,835,154.0,16.148,8.205,30526.2
418.57,2,storey_building,compressed_earth_block,Greater Accra,standard,8036,1406.4,147.292,62.33,260555.01
561.52,3,warehouse,compressed_earth_block,Central,premium,15456,2697.08,282.414,116.028,570751.7
60.57,3,storey_building,compressed_earth_block,Northern,standard,1449,256.9,26.912,11.89,35865.26
52.67,1,commercial_block,clay_brick,Eastern,standard,407,74.02,7.759,3.747,11149.49
242.98,2,commercial_block,clay_brick,Western,standard,3663,674.84,70.758,35.7,115074.13
522.65,1,commercial_block,clay_brick,Central,standard,4017,741.9,77.798,39.841,132280.78
69.41,3,warehouse,sandcrete_block,Northern,standard,1832,328.84,34.455,15.678,50486.1
221.94,3,bungalow,compressed_earth_block,Western,premium,6575,1123.92,117.648,45.602,223060.74
365.71,2,storey_building,sandcrete_block,Northern,standard,6997,1225.68,128.374,54.973,170493.77
82.46,2,bungalow,sandcrete_block,Northern,premium,1252,225.04,23.585,11.119,43278.92
46.13,4,warehouse,compressed_earth_block,Ashanti,premium,1324,250.87,26.317,14.188,49448.3
130.63,3,storey_building,compressed_earth_block,Ashanti,standard,3580,632.52,66.253,28.695,96765.88
205.87,1,storey_building,compressed_earth_block,Ashanti,standard,1779,315.41,33.044,14.776,54146.11
247.84,2,commercial_block,compressed_earth_block,Eastern,standard,4176,759.01,79.56,38.514,103651.98
328.7,4,warehouse,sandcrete_block,Central,standard,9902,1824.38,191.297,97.106,273104.28
504.12,3,warehouse,sandcrete_block,Northern,premium,12552,2260.61,236.893,110.151,390169.16
83.33,2,storey_building,compressed_earth_block,Eastern,standard,1340,243.95,25.572,12.509,35939.86
306.52,1,bungalow,compressed_earth_block,Greater Accra,standard,2172,410.03,43.011,23.036,76543.23
244.45,1,warehouse,clay_brick,Northern,standard,2430,419.9,43.969,18.121,65837.81
562.2,4,bungalow,compressed_earth_block,Northern,standard,18050,3249.92,340.547,157.066,422101.63
529.14,1,storey_building,sandcrete_block,Ashanti,standard,4414,793.34,83.128,38.143,143593.57
382.55,1,warehouse,clay_brick,Eastern,standard,2613,499.69,52.426,28.706,87372.53
339.57,2,storey_building,sandcrete_block,Northern,standard,5008,916.99,96.132,47.458,126943.32
388.7,2,warehouse,compressed_earth_block,Eastern,standard,6865,1210.98,126.837,54.512,152183.61
567.08,4,warehouse,compressed_earth_block,Central,standard,18628,3365.93,352.806,169.892,482309.0
294.64,4,bungalow,sandcrete_block,Northern,premium,10799,1906.49,199.674,85.116,346444.67
596.58,4,bungalow,clay_brick,Central,standard,19477,3495.33,366.239,167.262,589546.72
78.98,4,storey_building,sandcrete_block,Northern,standard,2515,456.72,47.865,22.546,70778.93
413.07,1,warehouse,compressed_earth_block,Western,standard,3542,634.51,66.485,30.418,88868.51
407.56,1,commercial_block,clay_brick,Central,standard,3698,643.23,67.364,28.405,112967.16
474.79,2,bungalow,sandcrete_block,Western,premium,6724,1219.29,127.802,61.555,256379.76
342.14,4,warehouse,sandcrete_block,Western,standard,10995,2002.06,209.833,99.894,312089.0
189.91,2,warehouse,sandcrete_block,Eastern,standard,3059,565.31,59.279,30.275,89173.51
119.63,2,commercial_block,sandcrete_block,Greater Accra,standard,2210,379.36,39.715,15.724,78472.29
379.62,2,storey_building,compressed_earth_block,Northern,standard,5057,958.54,100.545,53.598,132191.83
107.27,1,commercial_block,clay_brick,Northern,standard,961,170.0,17.807,7.738,26066.25
469.89,1,commercial_block,compressed_earth_block,Central,premium,4144,736.03,77.11,34.424,132310.15
386.78,1,warehouse,compressed_earth_block,Ashanti,standard,2993,551.17,57.785,28.741,90085.39
85.16,2,storey_building,compressed_earth_block,Eastern,standard,1302,232.11,24.318,10.931,32658.4
152.57,3,commercial_block,compressed_earth_block,Central,premium,3399,619.86,64.978,31.713,116524.67
369.38,3,commercial_block,clay_brick,Eastern,premium,10431,1771.69,185.414,69.1,356681.03
311.8,4,storey_building,compressed_earth_block,Eastern,premium,12102,2141.19,224.312,99.597,422330.64
84.72,3,warehouse,compressed_earth_block,Eastern,standard,2414,417.64,43.732,17.958,60122.82
267.24,2,warehouse,clay_brick,Eastern,standard,4119,748.81,78.486,37.679,125469.35
416.4,1,warehouse,compressed_earth_block,Greater Accra,standard,3076,571.75,59.959,30.929,97251.31
109.59,3,storey_building,compressed_earth_block,Ashanti,standard,3009,524.27,54.898,22.604,92099.61
353.4,1,storey_building,compressed_earth_block,Northern,premium,2779,509.81,53.453,26.89,90189.51
411.0,2,storey_building,compressed_earth_block,Western,standard,7349,1328.69,139.256,66.133,221775.55
315.69,1,warehouse,clay_brick,Western,standard,2208,413.79,43.398,22.678,70027.14
172.08,2,bungalow,sandcrete_block,Eastern,premium,2962,520.54,54.523,23.552,103502.43
260.1,1,storey_building,compressed_earth_block,Northern,standard,2026,370.14,38.796,18.662,52059.65
392.8,2,commercial_block,clay_brick,Western,standard,5845,1076.43,112.864,56.843,192712.35
302.1,2,warehouse,compressed_earth_block,Ashanti,premium,4826,884.26,92.716,46.738,179756.05
531.27,2,warehouse,compressed_earth_block,Central,premium,7220,1352.15,141.818,74.541,246329.12
190.81,3,commercial_block,clay_brick,Greater Accra,standard,5419,939.19,98.339,40.096,178457.81
449.47,2,warehouse,sandcrete_block,Central,standard,6538,1205.31,126.372,63.328,194411.79
593.21,3,commercial_block,compressed_earth_block,Greater Accra,standard,16623,2849.39,298.311,118.992,506693.98
249.21,1,warehouse,sandcrete_block,Eastern,standard,1894,345.33,36.202,17.857,54387.23
248.65,1,warehouse,compressed_earth_block,Northern,premium,1789,341.79,35.86,19.689,58526.13
454.46,2,bungalow,sandcrete_block,Ashanti,premium,8317,1443.56,151.167,62.783,311559.54
535.44,2,storey_building,sandcrete_block,Western,premium,8181,1453.17,152.226,67.003,302747.88
269.95,3,warehouse,clay_brick,Central,premium,7510,1305.38,136.681,55.689,284216.64
90.28,3,warehouse,sandcrete_block,Eastern,standard,2286,408.91,42.845,19.514,64032.38
475.73,3,storey_building,sandcrete_block,Central,standard,12349,2168.24,227.116,98.688,335193.95
240.41,2,commercial_block,compressed_earth_block,Ashanti,standard,4442,792.06,82.988,37.606,119510.61
446.16,4,bungalow,compressed_earth_block,Greater Accra,standard,15722,2732.08,286.051,115.634,459900.61
120.21,3,storey_building,clay_brick,Greater Accra,premium,2878,517.46,54.222,24.925,128597.65
234.04,4,warehouse,compressed_earth_block,Ashanti,premium,8549,1509.78,158.131,67.793,323539.17
91.28,1,commercial_block,sandcrete_block,Western,premium,659,124.98,13.112,7.122,27134.64
56.81,3,commercial_block,clay_brick,Western,standard,1207,223.8,23.467,11.895,36382.18
212.52,4,bungalow,compressed_earth_block,Eastern,standard,6943,1245.15,130.46,59.106,184199.71
327.88,3,storey_building,sandcrete_block,Greater Accra,premium,7205,1338.82,140.38,71.071,307185.73
556.12,3,bungalow,clay_brick,Northern,standard,15632,2746.87,287.71,123.951,399521.3
239.34,3,warehouse,sandcrete_block,Greater Accra,standard,6178,1099.43,115.169,50.608,205318.9
556.88,2,commercial_block,sandcrete_block,Ashanti,standard,9620,1698.87,177.972,78.813,303085.25
513.16,4,commercial_block,sandcrete_block,Central,standard,15320,2802.75,293.813,144.107,447108.42
494.78,3,bungalow,clay_brick,Eastern,standard,12918,2284.54,239.311,104.99,383579.45
517.8,1,storey_building,clay_brick,Eastern,premium,3983,710.69,74.454,33.19,162074.27
492.06,2,warehouse,compressed_earth_block,Central,standard,8945,1553.86,162.705,66.771,222821.88
431.15,2,warehouse,compressed_earth_block,Greater Accra,standard,6623,1205.36,126.358,62.002,195104.24
483.82,3,commercial_block,sandcrete_block,Western,standard,11141,2050.17,214.971,109.039,336971.27
189.46,3,bungalow,compressed_earth_block,Ashanti,standard,4351,772.57,80.931,35.678,130129.95
319.08,3,storey_building,compressed_earth_block,Northern,standard,7154,1327.0,139.154,71.364,190600.4
316.43,4,storey_building,sandcrete_block,Eastern,standard,11838,2107.38,220.784,98.977,340038.22
592.32,4,bungalow,compressed_earth_block,Western,standard,18941,3390.06,355.272,166.674,551523.71
566.58,4,storey_building,clay_brick,Ashanti,premium,17602,3176.06,332.831,155.146,711425.58
337.67,2,commercial_block,compressed_earth_block,Central,standard,4940,912.89,95.723,48.711,143896.82
188.2,2,warehouse,clay_brick,Northern,standard,2691,507.29,53.216,28.649,78569.41
440.94,2,storey_building,compressed_earth_block,Greater Accra,standard,7937,1391.54,145.716,60.332,242513.57
577.2,2,storey_building,compressed_earth_block,Northern,premium,8733,1625.65,170.497,89.198,261733.76
398.35,1,commercial_block,compressed_earth_block,Eastern,standard,2956,550.36,57.715,29.749,82453.56
325.5,1,storey_building,compressed_earth_block,Eastern,standard,3081,536.78,56.21,23.367,75987.97
499.25,2,storey_building,compressed_earth_block,Northern,standard,8538,1535.35,160.902,75.527,219944.14
274.2,2,bungalow,sandcrete_block,Greater Accra,standard,4768,842.15,88.217,38.718,166436.16
103.46,1,bungalow,sandcrete_block,Greater Accra,premium,879,154.42,16.175,6.997,34524.8
278.24,3,commercial_block,sandcrete_block,Central,standard,6349,1158.86,121.48,59.336,190311.15
293.13,4,commercial_block,compressed_earth_block,Eastern,standard,8623,1617.82,169.678,88.952,234880.56
135.81,4,storey_building,compressed_earth_block,Eastern,standard,4458,811.7,85.091,41.721,120545.18
71.66,3,warehouse,compressed_earth_block,Central,standard,1493,280.64,29.438,15.694,42654.82
304.5,4,commercial_block,sandcrete_block,Eastern,premium,11836,2037.74,213.341,85.376,381904.64
573.83,2,commercial_block,compressed_earth_block,Central,standard,9532,1675.05,175.467,77.069,236322.0
92.76,2,warehouse,sandcrete_block,Northern,standard,1421,254.32,26.645,12.003,37542.29
301.73,1,bungalow,sandcrete_block,Central,standard,2821,488.57,51.163,21.316,77563.5
328.82,3,bungalow,clay_brick,Greater Accra,standard,9524,1642.47,171.959,68.8,342353.3
91.72,4,bungalow,clay_brick,Eastern,standard,2537,479.6,50.312,27.204,74812.17
95.52,3,storey_building,sandcrete_block,Central,premium,2408,422.62,44.261,18.748,87202.8
475.14,3,storey_building,compressed_earth_block,Ashanti,standard,13009,2301.26,241.087,107.5,388048.27
356.53,1,commercial_block,clay_brick,Northern,standard,3246,576.56,60.41,27.463,90272.11
270.18,1,warehouse,clay_brick,Eastern,standard,2117,386.25,40.488,19.691,61870.86
336.44,1,commercial_block,compressed_earth_block,Ashanti,standard,3090,546.0,57.197,25.249,88412.19
571.02,4,storey_building,compressed_earth_block,Northern,premium,18980,3385.11,354.704,163.024,651038.87
179.7,1,warehouse,compressed_earth_block,Ashanti,standard,1402,260.06,27.271,13.987,39334.47
214.11,3,bungalow,compressed_earth_block,Greater Accra,standard,6104,1059.4,110.926,45.283,169502.58
433.03,1,commercial_block,sandcrete_block,Greater Accra,standard,3234,602.22,63.157,32.789,117034.27
98.94,4,storey_building,sandcrete_block,Eastern,standard,3423,619.68,64.949,30.99,96369.02
469.01,3,storey_building,compressed_earth_block,Eastern,standard,12584,2202.18,230.615,96.347,306839.93
598.19,2,storey_building,sandcrete_block,Greater Accra,standard,8621,1582.48,165.91,82.647,308659.68
330.57,2,storey_building,sandcrete_block,Western,standard,5611,1019.42,106.852,51.405,178637.27
240.53,3,storey_building,sandcrete_block,Eastern,standard,5595,1035.56,108.571,54.185,155814.9
144.78,2,storey_building,sandcrete_block,Ashanti,standard,2436,437.85,45.881,21.147,71901.15
563.51,3,commercial_block,compressed_earth_block,Western,standard,13653,2437.8,255.401,114.513,384015.04
377.06,2,storey_building,sandcrete_block,Greater Accra,standard,7021,1225.05,128.287,53.483,215066.07
285.3,2,bungalow,clay_brick,Western,premium,4537,823.65,86.314,40.317,177859.36
515.17,1,bungalow,sandcrete_block,Ashanti,standard,4245,738.89,77.36,31.081,122759.65
378.47,3,bungalow,compressed_earth_block,Ashanti,standard,8285,1530.73,160.488,80.186,224779.27
118.8,1,storey_building,sandcrete_block,Northern,premium,905,166.14,17.419,8.724,28967.24
517.52,3,bungalow,sandcrete_block,Northern,premium,14966,2598.69,272.132,113.282,495824.46
521.34,2,storey_building,clay_brick,Eastern,standard,9095,1621.45,169.891,77.372,277133.33
331.42,4,bungalow,clay_brick,Ashanti,standard,9560,1765.55,185.119,93.287,340362.22
237.03,4,commercial_block,clay_brick,Western,standard,7859,1403.33,147.036,66.846,254176.45
578.91,2,bungalow,sandcrete_block,Greater Accra,premium,9973,1761.34,184.488,79.716,411810.11
97.41,3,commercial_block,compressed_earth_block,Central,standard,2088,383.84,40.245,20.189,58840.67
484.18,1,storey_building,sandcrete_block,Northern,standard,4214,734.37,76.907,32.27,107925.64
60.2,1,warehouse,compressed_earth_block,Northern,premium,493,87.37,9.153,4.068,15292.52
81.66,2,commercial_block,sandcrete_block,Western,standard,1540,264.01,27.638,10.848,42400.57
158.59,1,storey_building,compressed_earth_block,Greater Accra,standard,1388,246.97,25.873,11.481,43750.69
474.34,1,commercial_block,compressed_earth_block,Northern,standard,4418,764.83,80.089,33.118,105544.13
595.35,1,storey_building,clay_brick,Greater Accra,premium,4197,796.37,83.54,44.878,199639.74
127.21,2,bungalow,compressed_earth_block,Eastern,standard,2063,377.27,39.547,19.239,57286.46
401.78,2,warehouse,clay_brick,Northern,standard,5530,1037.44,108.802,56.654,167561.15
268.47,4,bungalow,clay_brick,Ashanti,standard,9611,1684.52,176.429,75.389,323247.43
187.99,4,storey_building,sandcrete_block,Western,standard,6833,1222.97,128.16,59.762,198941.55
453.22,1,commercial_block,compressed_earth_block,Greater Accra,standard,3568,637.73,66.822,30.623,116711.9
176.15,1,commercial_block,sandcrete_block,Northern,standard,1708,299.87,31.412,13.767,45223.64
427.13,4,bungalow,sandcrete_block,Northern,premium,14133,2502.43,262.167,117.142,475682.76
148.9,2,commercial_block,compressed_earth_block,Eastern,standard,2544,447.78,46.893,19.647,68966.71
234.39,4,bungalow,clay_brick,Northern,standard,8559,1531.26,160.428,72.068,236186.35
584.66,1,commercial_block,sandcrete_block,Ashanti,premium,5366,927.28,97.086,39.161,197911.17
160.41,2,storey_building,clay_brick,Greater Accra,standard,2277,423.83,44.446,22.881,86331.68
115.5,3,bungalow,clay_brick,Western,standard,3246,566.27,59.3,24.732,95556.36
340.24,4,bungalow,clay_brick,Western,standard,11863,2100.44,220.027,96.595,394293.24
149.74,1,commercial_block,clay_brick,Greater Accra,standard,1216,221.03,23.166,11.003,44018.62
148.61,3,commercial_block,compressed_earth_block,Northern,standard,3950,709.52,74.344,33.995,94780.02
102.78,4,warehouse,sandcrete_block,Central,standard,3566,646.53,67.751,31.544,102622.79
357.99,1,bungalow,compressed_earth_block,Central,standard,2670,489.37,51.305,25.514,72493.19
497.02,1,warehouse,clay_brick,Ashanti,standard,3866,705.57,73.971,36.68,128143.77
83.78,2,bungalow,compressed_earth_block,Greater Accra,standard,1246,230.82,24.206,12.544,42021.26
582.99,3,storey_building,compressed_earth_block,Western,standard,13711,2424.99,253.993,109.201,369560.06
416.21,4,warehouse,compressed_earth_block,Eastern,premium,15142,2631.01,275.483,112.351,520397.06
161.72,2,warehouse,sandcrete_block,Greater Accra,standard,2621,480.13,50.334,24.822,94915.25
399.02,3,bungalow,sandcrete_block,Western,standard,10010,1771.28,185.54,80.975,302659.16
273.73,4,storey_building,compressed_earth_block,Central,premium,10214,1762.51,184.525,73.735,332484.52
515.52,2,bungalow,clay_brick,Western,standard,9095,1609.08,168.521,71.52,247741.61
557.43,2,bungalow,sandcrete_block,Northern,premium,10280,1810.75,189.672,82.652,355077.53
457.96,1,storey_building,clay_brick,Northern,premium,3488,656.94,68.91,36.783,138969.92
443.96,4,storey_building,clay_brick,Northern,standard,15543,2862.08,300.058,148.979,464874.7
299.15,4,storey_building,sandcrete_block,Greater Accra,standard,10105,1847.81,193.693,94.032,337065.52
362.8,3,storey_building,clay_brick,Northern,premium,9655,1700.8,178.119,75.005,326686.24
497.67,4,warehouse,sandcrete_block,Greater Accra,premium,16762,2967.93,310.936,139.031,679782.86
169.14,2,storey_building,clay_brick,Northern,premium,2893,527.74,55.324,27.249,108133.32
146.88,1,bungalow,sandcrete_block,Ashanti,standard,1341,235.12,24.624,10.416,43133.94
97.4,3,commercial_block,clay_brick,Greater Accra,premium,2574,460.19,48.22,22.163,112211.59
181.15,1,commercial_block,compressed_earth_block,Greater Accra,standard,1715,294.6,30.844,12.37,53866.83
170.91,2,bungalow,compressed_earth_block,Ashanti,standard,2416,452.47,47.452,24.635,76259.54
212.87,2,warehouse,sandcrete_block,Northern,premium,3867,684.06,71.653,31.164,123396.62
81.76,2,commercial_block,sandcrete_block,Greater Accra,standard,1522,261.78,27.403,10.689,48185.48
71.29,2,storey_building,sandcrete_block,Western,standard,1204,215.75,22.606,10.36,35412.14
547.02,1,warehouse,sandcrete_block,Greater Accra,standard,5087,882.29,92.385,37.937,159415.6
485.56,3,storey_building,sandcrete_block,Eastern,standard,10578,1975.66,207.187,107.103,306955.49
411.51,4,commercial_block,sandcrete_block,Western,standard,12934,2326.94,243.862,114.607,394187.31
195.11,1,bungalow,compressed_earth_block,Eastern,standard,1748,299.33,31.333,12.203,41970.05
215.29,1,warehouse,clay_brick,Greater Accra,standard,1835,324.35,33.98,15.172,63419.06
183.2,2,bungalow,compressed_earth_block,Ashanti,premium,3237,571.9,59.915,26.739,114304.56
523.98,2,warehouse,clay_brick,Ashanti,standard,8386,1518.43,159.132,74.902,273302.17
545.95,4,warehouse,sandcrete_block,Ashanti,standard,16877,3087.89,323.724,160.163,521716.76
553.18,4,storey_building,clay_brick,Eastern,standard,19749,3476.97,364.179,156.78,611944.6
281.94,1,commercial_block,clay_brick,Greater Accra,standard,2261,406.54,42.613,20.568,89325.03
530.3,4,bungalow,clay_brick,Western,premium,15047,2794.7,293.059,150.048,640814.16
582.01,4,commercial_block,sandcrete_block,Central,standard,19769,3623.5,379.844,185.772,630568.64
423.25,4,storey_building,clay_brick,Central,premium,15035,2574.35,269.462,103.645,523671.48
298.26,1,warehouse,clay_brick,Ashanti,standard,2465,451.1,47.291,23.366,77303.0
285.59,3,bungalow,sandcrete_block,Northern,standard,6004,1145.2,120.134,64.736,177115.18
432.61,3,bungalow,clay_brick,Central,standard,11654,2074.24,217.285,95.528,377319.97
383.77,3,warehouse,sandcrete_block,Northern,standard,10188,1824.89,191.215,87.594,285440.69
537.22,2,bungalow,compressed_earth_block,Greater Accra,standard,8209,1515.92,158.951,80.579,286029.6
384.55,3,storey_building,clay_brick,Ashanti,standard,11078,1914.76,200.478,81.115,341685.29
504.34,3,storey_building,compressed_earth_block,Northern,standard,13677,2372.87,248.471,102.451,308556.54
191.81,1,storey_building,compressed_earth_block,Central,standard,1545,279.24,29.267,13.957,42941.77
302.86,2,storey_building,sandcrete_block,Eastern,premium,4336,795.29,83.364,40.472,159856.37
99.08,3,warehouse,sandcrete_block,Western,standard,2509,450.53,47.203,21.371,77792.83
508.76,1,storey_building,clay_brick,Northern,premium,4193,771.28,80.867,40.633,145030.1
272.07,1,bungalow,compressed_earth_block,Northern,standard,2219,397.17,41.615,18.944,52891.59
431.03,4,bungalow,sandcrete_block,Western,standard,13132,2419.86,253.74,128.996,396111.71
596.01,4,warehouse,compressed_earth_block,Central,standard,18013,3356.31,351.999,183.649,513476.71
346.4,3,bungalow,sandcrete_block,Ashanti,standard,8783,1581.33,165.688,75.482,268985.56
315.74,4,commercial_block,clay_brick,Western,standard,11239,2037.75,213.591,102.896,368408.57
470.49,1,warehouse,compressed_earth_block,Greater Accra,premium,4484,790.8,82.83,35.719,162552.95
228.94,4,warehouse,compressed_earth_block,Ashanti,standard,7229,1319.96,138.372,67.836,195284.61
467.91,4,storey_building,sandcrete_block,Northern,standard,16124,2850.52,298.646,134.311,419994.7
254.22,3,bungalow,compressed_earth_block,Northern,standard,6729,1219.82,127.853,61.192,181911.68
153.81,2,commercial_block,sandcrete_block,Eastern,premium,2782,487.49,51.055,21.677,93328.25
590.08,3,storey_building,sandcrete_block,Eastern,standard,14249,2550.63,267.272,123.333,425436.32
369.81,1,commercial_block,clay_brick,Central,standard,2708,497.7,52.188,26.563,84460.42
586.16,3,commercial_block,clay_brick,Western,standard,15015,2704.53,283.407,131.325,453836.74
243.43,2,storey_building,compressed_earth_block,Western,standard,4593,802.57,84.053,35.589,124771.68
502.9,2,bungalow,clay_brick,Northern,premium,7003,1296.8,135.976,68.986,240750.09
303.59,1,bungalow,sandcrete_block,Western,standard,2457,443.5,46.481,22.075,70321.5
402.29,3,commercial_block,sandcrete_block,Central,standard,9114,1699.11,178.193,92.667,276126.68
170.95,1,warehouse,sandcrete_block,Greater Accra,standard,1597,281.82,29.521,12.94,52612.3
376.02,2,warehouse,clay_brick,Greater Accra,standard,5720,1056.41,110.758,55.387,200704.73
151.66,4,warehouse,compressed_earth_block,Eastern,standard,4813,896.28,93.988,48.235,133837.26
498.21,1,commercial_block,sandcrete_block,Western,standard,3970,722.21,75.695,36.141,103876.55
129.08,4,commercial_block,clay_brick,Ashanti,standard,4760,841.57,88.161,39.014,153848.06
490.04,3,warehouse,clay_brick,Central,premium,9705,1838.62,192.855,102.455,400189.61
369.59,2,storey_building,clay_brick,Western,standard,5647,1048.82,109.987,56.646,195615.81
422.37,4,warehouse,compressed_earth_block,Western,standard,14024,2483.37,260.129,113.397,374626.07
452.67,1,warehouse,compressed_earth_block,Eastern,standard,3992,714.25,74.838,34.162,102526.44
260.57,1,bungalow,sandcrete_block,Central,standard,2146,397.42,41.671,21.096,70901.31
585.5,1,bungalow,clay_brick,Western,standard,4844,873.82,91.572,42.806,152893.61
437.21,2,bungalow,sandcrete_block,Western,premium,6417,1225.57,128.588,70.881,228015.73
517.17,2,bungalow,clay_brick,Western,premium,7836,1433.85,150.313,73.833,309589.35
311.54,1,commercial_block,sandcrete_block,Eastern,premium,2474,438.63,45.946,19.993,81248.68
421.1,4,storey_building,compressed_earth_block,Western,standard,13320,2432.1,254.956,124.947,397207.05
317.15,2,storey_building,clay_brick,Central,premium,5044,926.85,97.16,47.508,199817.46
48.11,4,warehouse,compressed_earth_block,Western,standard,1409,258.46,27.095,13.372,36264.19
55.11,4,storey_building,compressed_earth_block,Central,standard,1899,339.82,35.605,16.122,56018.31
303.07,3,bungalow,sandcrete_block,Greater Accra,premium,6728,1216.74,127.512,59.776,307106.15
555.12,2,bungalow,compressed_earth_block,Western,premium,8356,1539.09,161.364,80.579,295392.29
409.91,3,commercial_block,sandcrete_block,Central,standard,11526,2033.46,213.021,94.197,316520.46
579.18,4,storey_building,sandcrete_block,Eastern,standard,19318,3468.21,363.463,170.577,543937.88
578.46,1,storey_building,compressed_earth_block,Northern,standard,4670,843.97,88.448,41.572,124505.41
417.04,3,warehouse,compressed_earth_block,Eastern,standard,9976,1777.43,186.192,81.845,243875.37
272.66,2,storey_building,compressed_earth_block,Greater Accra,premium,4420,801.87,84.057,40.98,182485.84
247.88,3,storey_building,sandcrete_block,Eastern,standard,6839,1186.15,124.206,51.289,190571.15
229.24,2,commercial_block,clay_brick,Greater Accra,standard,3875,700.98,73.47,35.079,131589.08
83.58,3,warehouse,compressed_earth_block,Ashanti,standard,2052,365.74,38.322,17.539,60090.42
291.92,3,storey_building,sandcrete_block,Ashanti,standard,7259,1332.57,139.703,69.205,234976.12
291.84,2,warehouse,compressed_earth_block,Central,standard,4616,847.41,88.839,43.958,128685.8
450.15,2,bungalow,compressed_earth_block,Northern,standard,6729,1254.32,131.544,68.259,179476.53
330.2,1,storey_building,clay_brick,Greater Accra,standard,2867,506.3,53.037,23.33,103769.29
317.93,3,storey_building,compressed_earth_block,Western,standard,6821,1260.93,132.213,66.905,192571.98
421.45,3,storey_building,sandcrete_block,Western,standard,11854,2017.87,211.186,79.293,330989.4
350.98,3,warehouse,compressed_earth_block,Eastern,standard,9646,1687.61,176.726,73.649,256235.54
239.52,3,warehouse,clay_brick,Central,standard,5755,1036.72,108.639,50.436,178596.29
553.39,1,warehouse,clay_brick,Ashanti,standard,3845,723.56,75.895,40.333,144415.3
547.79,1,commercial_block,sandcrete_block,Greater Accra,standard,4330,786.59,82.451,39.894,147878.67
483.25,1,storey_building,clay_brick,Greater Accra,premium,4256,759.73,79.599,36.005,175406.37
94.89,1,commercial_block,clay_brick,Eastern,standard,906,158.14,16.562,7.013,24315.4
129.74,4,storey_building,clay_brick,Greater Accra,standard,3971,742.2,77.838,40.521,151547.72
292.43,3,storey_building,compressed_earth_block,Ashanti,standard,6445,1208.88,126.785,66.213,202383.97
344.67,1,bungalow,clay_brick,Northern,standard,2917,515.15,53.96,23.47,77589.16
443.82,1,commercial_block,sandcrete_block,Ashanti,standard,3549,664.45,69.691,36.762,98093.52
267.9,2,warehouse,clay_brick,Western,standard,4898,877.94,91.99,41.965,152512.22
151.01,2,warehouse,sandcrete_block,Western,standard,2645,473.99,49.668,22.872,76737.14
131.28,2,commercial_block,sandcrete_block,Northern,premium,2076,380.55,39.901,20.192,73093.44
80.96,4,storey_building,sandcrete_block,Northern,standard,2430,443.97,46.542,22.84,64173.22
113.5,4,commercial_block,compressed_earth_block,Northern,standard,3666,659.8,69.146,32.458,93826.65
123.56,3,warehouse,clay_brick,Greater Accra,standard,2601,477.33,50.039,24.534,91933.78
118.62,2,commercial_block,clay_brick,Northern,standard,1862,339.78,35.625,17.888,59676.53
438.56,3,bungalow,clay_brick,Ashanti,standard,10502,1891.49,198.246,94.506,371430.59
332.25,2,storey_building,sandcrete_block,Eastern,standard,4973,909.78,95.375,46.972,121219.34
254.62,1,commercial_block,clay_brick,Central,standard,2447,424.95,44.497,18.292,78417.62
49.48,3,storey_building,clay_brick,Ashanti,standard,1208,217.46,22.79,10.755,39746.38
241.94,2,warehouse,compressed_earth_block,Greater Accra,standard,4131,737.95,77.322,35.298,131060.29
56.73,2,storey_building,clay_brick,Northern,premium,884,158.06,16.563,7.653,32003.72
114.06,3,commercial_block,clay_brick,Central,premium,2673,506.17,53.098,28.615,113641.38
214.79,1,bungalow,clay_brick,Eastern,standard,1839,326.4,34.191,14.986,52040.27
310.14,1,commercial_block,sandcrete_block,Northern,premium,2654,478.06,50.097,23.299,85061.95
208.27,1,commercial_block,sandcrete_block,Northern,standard,1938,338.67,35.465,14.749,46307.86
185.69,4,storey_building,compressed_earth_block,Northern,standard,6421,1141.4,119.573,53.041,157093.16
501.48,2,warehouse,compressed_earth_block,Northern,standard,7579,1418.28,148.736,76.933,206655.19
476.34,1,commercial_block,sandcrete_block,Western,premium,4606,787.64,82.45,32.131,171925.86
243.67,2,commercial_block,clay_brick,Northern,standard,4358,776.08,81.315,37.001,116150.98
329.72,2,warehouse,compressed_earth_block,Western,premium,6258,1091.61,114.319,48.074,200992.87
523.21,1,warehouse,sandcrete_block,Eastern,standard,4201,758.9,79.535,37.535,112544.35
64.42,1,bungalow,clay_brick,Ashanti,standard,562,99.0,10.369,4.44,18149.73
259.06,1,storey_building,sandcrete_block,Western,premium,2465,435.23,45.591,19.977,90462.22
341.06,1,warehouse,clay_brick,Northern,standard,2936,527.9,55.319,25.666,74556.45
216.0,2,warehouse,sandcrete_block,Greater Accra,standard,3355,596.53,62.497,28.096,113252.84
598.22,1,bungalow,sandcrete_block,Greater Accra,premium,5441,954.63,99.975,42.05,238466.8
502.53,1,bungalow,clay_brick,Eastern,premium,3677,665.91,69.797,33.46,137487.46
114.03,2,commercial_block,sandcrete_block,Greater Accra,standard,1733,315.84,33.108,16.128,58443.55
394.24,4,warehouse,clay_brick,Central,standard,14566,2578.42,270.071,116.692,457468.91
579.94,3,storey_building,sandcrete_block,Northern,standard,13989,2562.36,268.605,131.284,375299.07
527.52,3,storey_building,clay_brick,Ashanti,standard,14176,2503.17,262.207,114.514,468915.99
420.81,3,storey_building,compressed_earth_block,Western,premium,9322,1716.71,179.991,90.195,341391.47
285.15,1,warehouse,clay_brick,Western,standard,2676,470.85,49.315,21.105,79359.39
446.5,3,storey_building,sandcrete_block,Central,premium,11545,2050.61,214.845,96.916,427171.41
65.55,4,warehouse,compressed_earth_block,Ashanti,standard,1853,344.7,36.151,18.864,53925.8
109.02,1,bungalow,sandcrete_block,Western,standard,793,146.16,15.325,7.755,24131.34
90.12,2,storey_building,compressed_earth_block,Central,standard,1333,244.47,25.627,12.542,36570.54
210.17,4,storey_building,compressed_earth_block,Central,standard,6142,1145.05,120.089,62.617,171236.22
295.18,4,warehouse,sandcrete_block,Greater Accra,premium,11289,1929.89,202.004,77.622,417652.49
298.95,2,commercial_block,sandcrete_block,Eastern,standard,5626,1000.12,104.774,46.588,163300.27
202.53,1,commercial_block,sandcrete_block,Greater Accra,premium,1612,293.78,30.796,15.06,62987.97
364.8,1,bungalow,clay_brick,Northern,standard,3329,589.56,61.753,26.718,87974.8
282.93,3,warehouse,compressed_earth_block,Western,standard,6989,1256.43,131.675,62.001,199573.96
313.38,1,commercial_block,sandcrete_block,Northern,standard,2212,414.12,43.431,22.567,61816.67
283.61,3,warehouse,sandcrete_block,Central,standard,7248,1280.79,134.178,59.703,232707.34
309.83,2,warehouse,sandcrete_block,Northern,standard,5733,1010.79,105.875,45.9,148539.59
448.42,2,commercial_block,sandcrete_block,Ashanti,premium,8525,1480.38,155.015,63.952,296545.22
226.86,3,bungalow,clay_brick,Northern,standard,6106,1078.96,113.035,50.422,161578.57
217.91,4,storey_building,sandcrete_block,Eastern,standard,7967,1405.55,147.208,62.677,227902.99
139.18,2,commercial_block,compressed_earth_block,Northern,premium,1877,359.54,37.727,20.992,66473.65
321.1,1,bungalow,clay_brick,Ashanti,standard,2181,417.31,43.788,24.401,71170.12
265.52,3,warehouse,sandcrete_block,Central,standard,7434,1291.56,135.253,56.448,192253.4
285.71,1,commercial_block,sandcrete_block,Central,standard,2452,441.65,46.285,21.804,67885.89
467.84,2,commercial_block,compressed_earth_block,Ashanti,premium,8245,1469.43,153.939,68.37,319093.1
454.74,2,bungalow,sandcrete_block,Greater Accra,standard,7191,1312.06,137.526,66.245,266579.42
133.93,1,storey_building,clay_brick,Eastern,premium,1035,189.86,19.905,9.852,41438.58
518.74,4,bungalow,clay_brick,Northern,premium,17159,3092.29,324.04,150.164,587579.66
187.59,3,bungalow,compressed_earth_block,Central,premium,4797,839.55,87.909,36.057,166555.27
458.98,3,warehouse,compressed_earth_block,Western,standard,11711,2062.44,216.017,92.78,340832.43
90.45,1,warehouse,sandcrete_block,Northern,standard,803,140.9,14.757,6.266,21529.58
48.72,3,warehouse,compressed_earth_block,Western,standard,1406,245.28,25.689,10.961,39084.54
450.98,3,warehouse,compressed_earth_block,Greater Accra,standard,11155,2024.63,212.175,99.41,351249.37
180.46,1,warehouse,compressed_earth_block,Ashanti,standard,1331,248.06,26.015,13.502,41430.53
236.2,3,warehouse,sandcrete_block,Northern,standard,5291,969.87,101.676,50.15,147274.19
577.61,1,storey_building,sandcrete_block,Central,premium,4890,871.5,91.308,41.235,166099.42
155.6,1,commercial_block,sandcrete_block,Western,standard,1439,250.31,26.211,10.829,43744.0
513.68,2,storey_building,compressed_earth_block,Greater Accra,standard,8329,1509.62,158.228,75.792,260995.15
146.45,2,commercial_block,clay_brick,Western,standard,2428,434.53,45.528,20.668,77872.13
224.28,4,warehouse,clay_brick,Ashanti,standard,7181,1294.01,135.605,63.302,227282.21
143.73,4,storey_building,compressed_earth_block,Greater Accra,standard,4279,775.55,81.288,38.905,145401.59
57.82,2,bungalow,clay_brick,Northern,standard,1006,178.82,18.736,8.483,27106.78
42.29,3,warehouse,clay_brick,Greater Accra,standard,1082,194.19,20.349,9.428,36954.21
53.05,2,warehouse,compressed_earth_block,Central,standard,959,170.39,17.852,8.045,26039.81
486.57,1,bungalow,clay_brick,Western,standard,4236,759.14,79.539,36.12,124027.7
295.14,3,storey_building,sandcrete_block,Greater Accra,premium,7803,1412.97,148.096,70.804,324233.98
278.31,4,bungalow,clay_brick,Greater Accra,standard,8787,1582.35,165.814,76.882,321556.43
310.25,3,warehouse,compressed_earth_block,Northern,standard,6781,1262.9,132.451,69.245,159655.53
214.23,2,storey_building,sandcrete_block,Greater Accra,standard,3434,611.1,64.019,28.413,116551.32
519.76,3,warehouse,clay_brick,Northern,standard,11067,2084.52,218.659,116.943,331211.93
596.45,4,bungalow,clay_brick,Western,premium,22744,3950.78,413.762,175.049,873908.48
283.99,3,commercial_block,compressed_earth_block,Western,standard,7567,1338.39,140.194,61.053,187378.66
281.08,4,warehouse,clay_brick,Central,premium,8477,1573.46,164.996,84.408,313286.47
537.66,4,commercial_block,compressed_earth_block,Ashanti,premium,16816,3088.96,323.824,159.323,703253.86
248.13,2,bungalow,compressed_earth_block,Northern,standard,3976,727.83,76.311,38.295,102636.85
274.92,4,storey_building,sandcrete_block,Central,premium,10195,1807.66,189.375,84.341,364306.96
417.75,1,storey_building,sandcrete_block,Western,standard,3883,681.89,71.428,31.223,110693.31
174.59,1,warehouse,clay_brick,Greater Accra,standard,1282,235.13,24.65,12.177,48138.83
580.27,4,warehouse,compressed_earth_block,Ashanti,standard,19651,3555.62,372.67,178.201,572242.55
497.28,3,warehouse,compressed_earth_block,Eastern,standard,13487,2341.39,245.206,103.289,321300.85
354.13,1,commercial_block,clay_brick,Greater Accra,premium,2576,477.47,50.07,25.709,128996.08
563.19,3,commercial_block,compressed_earth_block,Western,premium,14615,2566.72,268.838,115.653,460853.63
351.48,3,commercial_block,clay_brick,Greater Accra,standard,8087,1475.72,154.687,74.993,287589.97
137.91,2,storey_building,compressed_earth_block,Ashanti,standard,2120,394.7,41.395,21.577,59444.58
147.07,1,warehouse,sandcrete_block,Northern,premium,1126,204.0,21.379,10.049,37379.75
235.94,1,storey_building,compressed_earth_block,Western,standard,1979,353.95,37.089,17.043,55053.69
321.95,3,warehouse,clay_brick,Ashanti,standard,9024,1617.66,169.505,77.886,295551.47
144.85,2,commercial_block,compressed_earth_block,Greater Accra,premium,2282,413.03,43.292,20.795,96930.5
106.93,1,commercial_block,sandcrete_block,Ashanti,standard,904,161.19,16.889,7.656,27542.7
162.67,2,warehouse,clay_brick,Eastern,standard,2411,455.29,47.766,26.092,70709.83
466.68,4,bungalow,clay_brick,Central,standard,15244,2659.12,278.46,115.867,473725.98
77.7,3,storey_building,clay_brick,Central,standard,1743,318.92,33.433,16.434,59484.95
331.23,1,storey_building,compressed_earth_block,Northern,premium,3013,525.45,55.027,23.133,89506.59
268.69,1,commercial_block,sandcrete_block,Central,standard,2413,429.98,45.053,20.55,65751.29
105.63,1,bungalow,compressed_earth_block,Eastern,standard,813,148.04,15.515,7.38,22667.55
562.0,1,commercial_block,sandcrete_block,Ashanti,standard,4401,798.56,83.706,40.576,137835.85
63.2,1,commercial_block,compressed_earth_block,Western,standard,489,89.34,9.365,4.552,14410.39
174.94,3,storey_building,clay_brick,Eastern,standard,3898,694.78,72.791,32.727,104361.41
512.59,3,storey_building,clay_brick,Greater Accra,standard,13169,2338.86,245.017,108.565,480943.38
219.11,1,warehouse,compressed_earth_block,Greater Accra,premium,1665,305.74,32.054,15.997,70152.05
100.56,2,bungalow,clay_brick,Greater Accra,standard,1898,334.83,35.072,15.246,68306.91
528.49,2,bungalow,compressed_earth_block,Greater Accra,premium,9839,1719.95,180.108,74.758,362225.63
543.44,2,storey_building,clay_brick,Eastern,premium,7540,1434.51,150.501,82.312,303451.29
54.03,1,commercial_block,clay_brick,Western,premium,404,74.34,7.794,3.888,14333.9
348.35,2,bungalow,compressed_earth_block,Western,standard,6089,1071.45,112.223,48.232,157284.75
417.1,1,warehouse,sandcrete_block,Ashanti,standard,3656,654.25,68.552,31.304,110884.92
232.19,2,storey_building,compressed_earth_block,Central,premium,3616,665.92,69.822,35.193,136565.41
290.34,1,warehouse,sandcrete_block,Central,premium,2222,416.26,43.66,23.1,81769.51
336.29,3,warehouse,clay_brick,Ashanti,premium,7400,1336.72,140.103,66.97,303526.74
586.12,4,storey_building,clay_brick,Western,standard,20243,3544.31,371.213,158.474,658823.65
322.24,3,warehouse,compressed_earth_block,Northern,standard,7550,1377.24,144.374,70.675,202349.03
149.87,2,storey_building,clay_brick,Ashanti,standard,2153,397.4,41.662,20.619,70027.98
364.3,4,warehouse,sandcrete_block,Central,premium,13142,2303.3,241.215,101.489,471609.75
90.5,2,storey_building,clay_brick,Ashanti,premium,1496,278.11,29.164,14.936,62821.48
555.51,3,commercial_block,clay_brick,Greater Accra,standard,12732,2297.94,240.828,113.574,453941.37
441.03,4,bungalow,sandcrete_block,Northern,standard,13343,2449.58,256.829,128.748,371323.63
484.15,1,bungalow,clay_brick,Central,premium,4526,795.25,83.294,35.84,173462.21
281.33,2,warehouse,compressed_earth_block,Northern,standard,5121,924.0,96.834,45.497,137438.84
119.26,2,commercial_block,compressed_earth_block,Central,premium,2081,367.88,38.537,16.949,65678.34
104.59,4,bungalow,compressed_earth_block,Eastern,premium,2973,555.55,58.261,30.113,105708.45
112.55,1,warehouse,compressed_earth_block,Greater Accra,standard,798,146.48,15.356,7.55,28289.92
239.71,4,warehouse,clay_brick,Greater Accra,standard,6894,1313.88,137.846,75.405,272938.8
182.75,3,bungalow,clay_brick,Eastern,standard,3790,693.74,72.721,35.385,121994.46
208.54,2,bungalow,sandcrete_block,Northern,premium,3309,599.14,62.795,29.89,110143.05
576.67,3,storey_building,sandcrete_block,Central,premium,16181,2881.52,301.881,134.893,572712.52
143.17,3,storey_building,clay_brick,Northern,premium,3171,583.59,61.185,30.457,116855.7
315.2,2,bungalow,sandcrete_block,Eastern,standard,4826,870.86,91.272,43.326,148708.36
499.65,4,commercial_block,compressed_earth_block,Eastern,premium,18361,3251.61,340.619,149.75,582928.64
500.95,4,warehouse,clay_brick,Eastern,standard,13778,2562.69,268.747,138.793,439117.98
66.59,4,commercial_block,sandcrete_block,Western,standard,2573,446.73,46.781,19.475,71138.59
355.38,4,warehouse,compressed_earth_block,Eastern,standard,11094,1996.19,209.186,97.427,318765.34
512.5,4,warehouse,clay_brick,Northern,standard,14021,2655.21,278.515,148.46,451933.55
173.33,2,bungalow,sandcrete_block,Western,standard,2765,487.47,51.055,21.785,79364.76
475.22,2,bungalow,sandcrete_block,Northern,standard,8262,1469.44,153.939,68.271,207480.65
584.96,1,warehouse,sandcrete_block,Eastern,premium,4701,851.84,89.286,42.9,184005.59
180.63,3,warehouse,sandcrete_block,Western,premium,4063,754.57,79.122,40.218,160921.85
320.04,1,storey_building,sandcrete_block,Ashanti,standard,2731,476.06,49.854,20.796,83566.27
120.08,2,storey_building,clay_brick,Eastern,premium,1682,315.44,33.088,17.651,59635.17
107.59,3,bungalow,sandcrete_block,Northern,standard,2311,419.13,43.922,20.496,60536.26
373.31,3,warehouse,clay_brick,Ashanti,premium,7739,1427.15,149.627,74.685,355598.51
249.68,3,storey_building,clay_brick,Ashanti,premium,5338,973.29,102.017,49.143,184909.55
72.74,3,bungalow,clay_brick,Ashanti,standard,1815,320.52,33.574,14.641,60004.66
448.97,4,storey_building,sandcrete_block,Western,standard,14201,2625.66,275.28,137.225,443828.12
183.14,3,storey_building,clay_brick,Greater Accra,standard,3996,771.99,81.02,46.231,142458.6
398.84,1,bungalow,clay_brick,Western,standard,2874,552.31,57.954,32.322,92320.47
291.63,1,warehouse,clay_brick,Greater Accra,standard,2497,447.13,46.853,21.582,90332.63
289.97,3,commercial_block,clay_brick,Western,standard,6682,1244.53,130.512,67.343,212106.05
445.41,1,warehouse,sandcrete_block,Northern,premium,3163,577.02,60.482,29.223,106410.44
487.65,2,storey_building,compressed_earth_block,Ashanti,standard,7886,1395.07,146.127,63.364,220851.19
298.88,2,warehouse,sandcrete_block,Greater Accra,standard,5103,914.06,95.771,43.458,168663.28
444.05,2,bungalow,compressed_earth_block,Northern,standard,7348,1323.54,138.708,65.336,187614.96
173.37,4,commercial_block,clay_brick,Eastern,standard,5131,941.3,98.688,49.225,148459.61
578.19,4,bungalow,sandcrete_block,Eastern,standard,18093,3296.23,345.534,168.778,522427.04
291.27,4,warehouse,sandcrete_block,Greater Accra,premium,8922,1646.28,172.606,86.476,397790.65
304.9,4,warehouse,clay_brick,Ashanti,standard,10083,1805.02,189.153,88.057,322053.68
522.1,4,warehouse,sandcrete_block,Western,premium,14807,2788.74,292.521,155.882,534503.88
44.76,1,warehouse,compressed_earth_block,Ashanti,standard,401,71.61,7.503,3.402,11471.55
371.98,3,warehouse,compressed_earth_block,Greater Accra,standard,9480,1710.41,179.249,84.148,305447.84
152.47,4,storey_building,clay_brick,Eastern,standard,4039,784.37,82.32,46.937,130857.8
584.79,1,warehouse,clay_brick,Greater Accra,premium,4101,776.32,81.439,43.973,191552.04
568.7,2,warehouse,sandcrete_block,Ashanti,standard,9489,1636.71,171.354,68.44,295608.68
120.59,1,storey_building,sandcrete_block,Eastern,premium,1128,201.44,21.106,9.536,42225.83
380.59,1,bungalow,compressed_earth_block,Greater Accra,standard,3566,620.6,64.992,27.342,106860.38
158.02,4,storey_building,sandcrete_block,Greater Accra,premium,5952,1043.91,109.332,46.528,268695.71
246.76,2,storey_building,compressed_earth_block,Northern,standard,4399,769.98,80.64,34.158,114644.88
192.78,2,bungalow,sandcrete_block,Northern,standard,3377,607.58,63.665,29.262,90315.26
506.16,4,warehouse,compressed_earth_block,Ashanti,standard,17540,3119.45,326.813,146.342,491547.1
78.78,3,commercial_block,clay_brick,Ashanti,premium,1778,324.61,34.029,16.697,83223.7
252.71,1,warehouse,compressed_earth_block,Ashanti,standard,2376,413.57,43.31,18.153,73183.75
127.17,3,bungalow,compressed_earth_block,Ashanti,standard,3436,596.39,62.447,25.605,104565.85
297.85,2,commercial_block,clay_brick,Ashanti,standard,5254,931.83,97.615,43.069,167519.49
489.57,3,bungalow,compressed_earth_block,Greater Accra,standard,12959,2275.19,238.311,103.051,413844.58
563.65,2,warehouse,sandcrete_block,Eastern,standard,7902,1470.35,154.183,78.78,226131.63
343.11,3,storey_building,clay_brick,Greater Accra,standard,8692,1528.16,160.076,70.037,307338.28
90.15,3,storey_building,sandcrete_block,Greater Accra,standard,2245,415.97,43.617,22.142,79315.52
361.02,1,bungalow,sandcrete_block,Greater Accra,premium,2609,489.13,51.305,27.194,122101.87
476.87,1,warehouse,compressed_earth_block,Western,premium,3651,655.03,68.644,32.056,121301.83
302.77,2,commercial_block,compressed_earth_block,Greater Accra,standard,4907,886.65,92.93,44.338,160297.47
237.28,4,warehouse,compressed_earth_block,Greater Accra,standard,8208,1479.53,155.042,72.081,277081.85
544.96,2,commercial_block,clay_brick,Ashanti,standard,10204,1788.87,187.36,80.158,363437.02
117.21,1,warehouse,sandcrete_block,Eastern,standard,1001,182.46,19.125,9.277,28370.58
484.41,2,bungalow,sandcrete_block,Greater Accra,premium,7597,1367.71,143.321,66.369,325975.76
350.72,4,bungalow,sandcrete_block,Central,premium,11644,2074.65,217.364,98.115,395816.24
397.24,2,bungalow,sandcrete_block,Greater Accra,premium,5680,1050.24,110.113,55.182,234154.85
481.71,3,commercial_block,clay_brick,Western,premium,12644,2330.08,244.297,122.255,498237.54
123.69,3,commercial_block,compressed_earth_block,Greater Accra,standard,2641,509.21,53.436,30.097,95805.18
41.29,2,bungalow,clay_brick,Ashanti,standard,614,110.24,11.552,5.347,20346.61
405.46,3,storey_building,clay_brick,Northern,standard,8201,1566.13,164.311,89.929,252940.97
122.27,3,commercial_block,sandcrete_block,Northern,standard,3322,588.59,61.661,27.364,82277.42
136.47,2,storey_building,clay_brick,Ashanti,standard,2022,365.77,38.334,18.124,71614.16
325.41,3,storey_building,compressed_earth_block,Greater Accra,standard,8527,1522.2,159.48,71.712,250150.77
189.4,4,warehouse,clay_brick,Greater Accra,standard,6698,1224.09,128.315,62.525,243961.59
503.38,3,warehouse,sandcrete_block,Western,standard,12131,2201.53,230.75,110.595,371297.16
293.79,4,commercial_block,clay_brick,Ashanti,standard,9141,1699.91,178.292,93.729,320394.77
156.57,1,bungalow,clay_brick,Eastern,premium,1409,244.86,25.637,10.369,53137.22
561.33,4,storey_building,clay_brick,Central,premium,19410,3421.26,358.349,154.684,741193.24
243.59,3,commercial_block,clay_brick,Central,standard,5582,996.05,104.362,47.463,169289.85
113.24,3,storey_building,sandcrete_block,Ashanti,standard,2502,461.29,48.359,23.887,81669.47
467.78,2,commercial_block,clay_brick,Greater Accra,premium,8936,1535.89,160.804,64.602,355516.87
271.08,3,storey_building,compressed_earth_block,Northern,standard,6926,1259.89,132.065,64.104,184090.63
170.74,1,bungalow,compressed_earth_block,Ashanti,premium,1247,234.96,24.645,13.113,48507.17
52.4,2,bungalow,sandcrete_block,Eastern,premium,831,151.36,15.866,7.72,30295.33
516.74,4,warehouse,clay_brick,Central,standard,16162,2964.29,310.758,153.222,544373.6
587.97,2,storey_building,compressed_earth_block,Ashanti,standard,9419,1692.07,177.281,80.038,283385.52
283.83,3,storey_building,sandcrete_block,Ashanti,premium,7133,1309.26,137.28,69.453,270787.35
319.52,3,warehouse,compressed_earth_block,Central,standard,8102,1438.4,150.68,66.44,230682.08
390.51,2,bungalow,compressed_earth_block,Western,standard,6919,1199.6,125.597,50.551,173956.46
417.67,3,commercial_block,clay_brick,Western,standard,9021,1657.37,173.763,86.685,281650.86
102.83,1,warehouse,sandcrete_block,Northern,standard,1014,171.01,17.895,6.535,27768.56
207.89,1,commercial_block,clay_brick,Western,standard,1877,330.46,34.61,14.674,56330.33
565.67,2,bungalow,clay_brick,Greater Accra,standard,9718,1735.04,181.785,82.176,394932.19
573.65,1,storey_building,compressed_earth_block,Central,premium,4335,811.81,85.146,44.814,155429.02
359.49,1,warehouse,compressed_earth_block,Greater Accra,standard,3363,575.14,60.208,23.596,96870.0
400.91,1,storey_building,compressed_earth_block,Greater Accra,standard,3003,552.51,57.932,29.3,97181.71
545.15,4,warehouse,clay_brick,Greater Accra,premium,16749,3053.76,320.111,155.931,787178.19
332.14,1,commercial_block,sandcrete_block,Western,premium,2470,452.7,47.458,23.402,91010.25
165.8,4,bungalow,compressed_earth_block,Ashanti,standard,4970,898.28,94.142,44.432,134644.02
89.57,3,commercial_block,clay_brick,Western,standard,2023,373.29,39.135,19.398,68175.45
292.97,2,bungalow,compressed_earth_block,Western,standard,5486,960.82,100.619,42.045,145097.27
55.65,4,bungalow,sandcrete_block,Ashanti,standard,1773,322.59,33.813,16.281,58685.73
327.77,3,bungalow,clay_brick,Greater Accra,standard,7900,1452.41,152.238,73.33,263099.57
417.66,4,bungalow,compressed_earth_block,Western,standard,14320,2544.19,266.573,121.33,398131.86
544.99,2,storey_building,sandcrete_block,Eastern,standard,9710,1718.44,180.016,79.357,281865.91
551.69,2,commercial_block,sandcrete_block,Eastern,premium,9363,1680.56,176.112,82.134,340080.07
454.21,2,warehouse,clay_brick,Western,standard,8210,1459.46,152.91,68.998,250954.05
171.21,4,storey_building,sandcrete_block,Eastern,standard,5022,937.84,98.367,51.997,145253.38
155.0,2,warehouse,sandcrete_block,Western,standard,2809,494.77,51.821,22.204,85185.97
63.47,2,storey_building,clay_brick,Ashanti,standard,1168,201.44,21.091,8.547,36853.06
449.26,2,bungalow,compressed_earth_block,Northern,standard,8663,1518.17,159.006,67.978,216822.7
312.87,4,bungalow,clay_brick,Ashanti,premium,9555,1692.5,177.294,77.747,394131.31
65.85,1,bungalow,compressed_earth_block,Greater Accra,standard,576,101.54,10.634,4.53,16136.21
419.62,1,commercial_block,compressed_earth_block,Ashanti,standard,3044,555.94,58.276,28.385,82461.3
512.79,2,storey_building,compressed_earth_block,Northern,standard,8590,1530.84,160.387,72.292,240087.73
299.94,4,warehouse,compressed_earth_block,Ashanti,standard,11402,1990.77,208.483,87.574,347476.7
462.14,2,warehouse,sandcrete_block,Central,standard,8316,1477.96,154.829,68.578,222081.3
75.7,2,bungalow,sandcrete_block,Eastern,standard,1273,229.27,24.028,11.386,33791.68
483.11,4,storey_building,compressed_earth_block,Ashanti,standard,15628,2823.11,295.866,139.434,459563.61
170.94,4,warehouse,sandcrete_block,Greater Accra,standard,5979,1062.4,111.306,49.985,200265.8
174.85,2,storey_building,sandcrete_block,Western,standard,2417,453.17,47.528,24.861,73042.41
180.73,1,bungalow,sandcrete_block,Northern,standard,1581,285.9,29.963,14.1,39325.17
130.16,1,storey_building,clay_brick,Greater Accra,standard,913,171.43,17.982,9.585,33130.78
340.66,4,storey_building,compressed_earth_block,Western,standard,11839,2124.56,222.634,103.312,310393.89
57.94,4,commercial_block,compressed_earth_block,Eastern,standard,2049,367.07,38.466,17.863,55248.95
300.99,1,commercial_block,clay_brick,Central,premium,2542,446.61,46.787,20.773,96166.36
422.95,2,bungalow,clay_brick,Ashanti,standard,6615,1207.06,126.529,61.562,218181.42
523.19,3,storey_building,clay_brick,Eastern,standard,13767,2441.41,255.792,115.608,396460.67
379.58,2,bungalow,sandcrete_block,Central,standard,6288,1133.88,118.815,54.802,181089.56
486.0,1,storey_building,clay_brick,Ashanti,standard,3302,622.1,65.253,34.666,116537.45
475.82,1,warehouse,compressed_earth_block,Northern,premium,4072,713.24,74.692,31.234,131739.4
588.44,1,bungalow,clay_brick,Northern,standard,5374,959.74,100.555,45.446,156083.59
58.36,2,warehouse,clay_brick,Western,standard,1120,193.11,20.219,8.177,32005.44
235.52,2,storey_building,sandcrete_block,Northern,standard,4361,769.19,80.556,34.08,117796.26
91.1,3,commercial_block,clay_brick,Ashanti,standard,1953,358.66,37.602,18.697,69661.26
106.38,4,storey_building,compressed_earth_block,Eastern,standard,3437,617.65,64.728,30.332,93494.73
503.87,4,warehouse,clay_brick,Central,premium,15325,2831.66,296.885,148.519,612014.67
484.44,1,bungalow,clay_brick,Greater Accra,standard,3800,703.84,73.794,36.899,129387.84
95.78,1,bungalow,compressed_earth_block,Western,standard,880,155.35,16.273,7.104,23635.87
174.35,4,warehouse,clay_brick,Western,standard,5120,953.1,99.957,52.036,169377.76
64.25,4,storey_building,sandcrete_block,Ashanti,premium,2403,410.49,42.968,16.64,83035.56
488.11,4,bungalow,sandcrete_block,Greater Accra,standard,17704,3175.69,332.757,152.633,585126.78
44.25,3,bungalow,clay_brick,Northern,standard,1237,216.04,22.625,9.506,35446.66
475.63,1,storey_building,sandcrete_block,Greater Accra,premium,4126,704.91,73.796,29.193,166473.94
537.14,4,warehouse,sandcrete_block,Ashanti,premium,18322,3270.34,342.664,156.448,803956.78
484.88,4,storey_building,clay_brick,Ashanti,standard,13844,2547.88,267.13,133.487,445510.75
534.75,2,bungalow,clay_brick,Greater Accra,standard,9401,1683.09,176.323,78.41,329737.97
183.13,1,warehouse,compressed_earth_block,Eastern,standard,1396,257.3,26.973,13.236,39496.39
212.39,3,commercial_block,sandcrete_block,Ashanti,standard,6211,1094.98,114.704,50.45,187338.73
491.5,3,warehouse,sandcrete_block,Greater Accra,standard,11438,2075.58,217.561,105.149,355329.64
280.63,2,storey_building,clay_brick,Northern,standard,4821,841.52,88.133,37.353,132140.01
553.35,1,storey_building,clay_brick,Ashanti,premium,4741,848.58,88.909,40.295,191786.92
510.98,1,commercial_block,sandcrete_block,Ashanti,standard,3834,697.04,73.07,35.789,114668.56
488.49,1,warehouse,clay_brick,Northern,standard,3585,655.4,68.712,34.145,113818.99
306.1,3,storey_building,clay_brick,Central,standard,6826,1263.91,132.531,67.448,220469.22
403.99,3,storey_building,sandcrete_block,Greater Accra,standard,11413,2021.62,211.793,94.527,427349.95
572.42,1,storey_building,sandcrete_block,Greater Accra,standard,4199,799.05,83.839,46.322,145278.53
293.3,4,commercial_block,sandcrete_block,Ashanti,standard,11396,1973.94,206.688,84.619,353939.07
106.43,2,warehouse,compressed_earth_block,Ashanti,standard,1632,301.06,31.568,16.079,50009.7
217.85,3,storey_building,sandcrete_block,Northern,standard,4724,887.09,93.047,49.404,127195.76
146.98,1,warehouse,compressed_earth_block,Northern,premium,1193,213.72,22.397,10.478,35653.99
338.22,4,bungalow,clay_brick,Central,premium,12506,2201.89,230.634,99.803,476075.65
350.79,3,bungalow,clay_brick,Northern,standard,8745,1569.78,164.507,77.012,255718.4
532.01,4,warehouse,sandcrete_block,Greater Accra,standard,17768,3150.64,330.095,148.836,565947.27
464.32,1,warehouse,clay_brick,Ashanti,premium,3908,700.89,73.443,33.87,146138.84
578.77,3,storey_building,clay_brick,Central,standard,13924,2551.34,267.462,131.484,442287.55
286.11,4,bungalow,clay_brick,Central,standard,8576,1608.97,168.753,88.646,289689.31
392.7,3,storey_building,sandcrete_block,Greater Accra,standard,9468,1699.43,178.086,82.773,343334.34
558.09,4,storey_building,clay_brick,Central,standard,20059,3479.31,364.359,152.279,541878.02
85.23,3,warehouse,sandcrete_block,Greater Accra,premium,2234,390.77,40.921,16.984,93120.87
229.3,2,storey_building,sandcrete_block,Ashanti,standard,3640,674.38,70.719,36.39,118914.12
354.18,1,commercial_block,sandcrete_block,Western,standard,2848,504.53,52.852,23.231,87761.93
178.51,1,commercial_block,clay_brick,Ashanti,standard,1389,258.64,27.125,14.172,47754.9
218.28,2,commercial_block,sandcrete_block,Central,premium,3679,659.66,69.112,31.135,145234.41
169.8,2,commercial_block,sandcrete_block,Western,standard,2600,482.89,50.64,26.097,79466.02
109.52,4,storey_building,clay_brick,Eastern,standard,3602,636.15,66.641,29.382,109907.33
446.69,2,bungalow,sandcrete_block,Central,standard,7401,1342.68,140.732,67.556,207268.84
293.87,1,storey_building,sandcrete_block,Ashanti,standard,2610,462.05,48.399,21.137,83870.92
50.41,3,storey_building,sandcrete_block,Greater Accra,standard,1394,241.57,25.292,10.156,44669.37
323.3,2,warehouse,sandcrete_block,Central,premium,4775,863.39,90.485,42.677,174513.74
419.6,4,commercial_block,clay_brick,Northern,standard,13931,2533.16,265.469,124.385,395739.03
437.27,1,bungalow,sandcrete_block,Eastern,standard,3801,672.35,70.427,30.636,110838.95
188.6,2,bungalow,sandcrete_block,Central,standard,3563,623.27,65.273,27.481,103008.26
464.99,3,storey_building,compressed_earth_block,Northern,standard,11339,2022.46,211.889,95.138,302959.14
491.09,3,bungalow,sandcrete_block,Western,standard,12814,2277.52,238.59,105.62,378938.59
374.74,3,bungalow,clay_brick,Western,premium,10262,1794.7,187.93,77.63,377407.85
430.66,3,bungalow,compressed_earth_block,Northern,standard,11963,2096.21,219.546,93.668,312885.05
189.8,3,storey_building,compressed_earth_block,Ashanti,standard,4721,841.37,88.144,39.19,130305.07
312.42,2,storey_building,clay_brick,Ashanti,standard,4825,877.47,91.981,44.805,157775.0
482.45,2,bungalow,clay_brick,Eastern,standard,7846,1418.46,148.663,70.451,245354.47
247.75,3,commercial_block,compressed_earth_block,Northern,standard,5501,989.04,103.639,47.926,137025.91
506.2,1,commercial_block,sandcrete_block,Central,standard,3582,666.77,69.923,36.113,114381.2
89.54,2,bungalow,compressed_earth_block,Western,standard,1358,249.56,26.166,13.102,39173.01
521.59,4,warehouse,sandcrete_block,Northern,standard,14111,2659.35,278.938,147.828,419971.94
132.3,3,warehouse,compressed_earth_block,Central,standard,3703,652.62,68.37,30.412,99040.09
298.98,2,warehouse,clay_brick,Eastern,standard,4655,837.06,87.723,41.186,135481.74
482.02,1,storey_building,compressed_earth_block,Greater Accra,standard,4020,731.8,76.712,37.396,124454.62
494.38,3,storey_building,clay_brick,Eastern,standard,12696,2242.98,234.974,104.159,377896.41
391.91,2,commercial_block,clay_brick,Western,standard,5819,1052.44,110.306,52.604,172159.73
242.73,1,storey_building,clay_brick,Eastern,standard,2280,392.78,41.124,16.604,68211.15
365.22,4,storey_building,compressed_earth_block,Western,standard,10804,1990.85,208.744,105.38,318544.69
462.56,2,storey_building,sandcrete_block,Western,standard,9212,1616.27,169.289,72.884,265715.18
523.98,4,warehouse,compressed_earth_block,Northern,standard,20145,3539.4,370.734,160.672,428407.04
350.99,3,commercial_block,sandcrete_block,Eastern,premium,9622,1684.19,176.391,75.134,357939.17
475.93,4,storey_building,compressed_earth_block,Central,standard,15167,2744.69,287.663,136.672,415143.49
551.49,4,storey_building,sandcrete_block,Ashanti,standard,15194,2874.06,301.477,161.127,542867.26
363.78,2,warehouse,sandcrete_block,Western,standard,6157,1098.31,115.064,51.403,183604.87
378.45,1,commercial_block,clay_brick,Greater Accra,standard,3330,575.74,60.27,23.565,114133.84
422.18,3,storey_building,compressed_earth_block,Northern,standard,9580,1741.44,182.521,87.118,255058.86
338.44,1,storey_building,compressed_earth_block,Eastern,standard,2461,461.69,48.418,25.102,69277.45
321.64,2,bungalow,compressed_earth_block,Eastern,standard,5259,933.86,97.847,44.525,134404.3
478.73,2,commercial_block,compressed_earth_block,Northern,standard,8776,1490.42,155.976,58.003,231981.22
425.05,1,storey_building,sandcrete_block,Greater Accra,standard,3206,601.3,63.072,33.531,122995.87
594.84,3,warehouse,sandcrete_block,Central,premium,14536,2608.08,273.298,126.491,512489.42
266.32,2,warehouse,compressed_earth_block,Eastern,premium,4127,751.88,78.811,38.055,122779.77
149.36,3,commercial_block,clay_brick,Western,standard,4027,705.22,73.857,31.209,116190.74
431.21,1,warehouse,clay_brick,Ashanti,premium,3351,598.61,62.718,28.347,136309.83
427.55,1,warehouse,clay_brick,Ashanti,premium,3598,643.43,67.42,30.856,156642.21
438.83,1,storey_building,sandcrete_block,Eastern,standard,4356,757.05,79.282,33.31,110853.09
478.25,4,commercial_block,sandcrete_block,Eastern,premium,14917,2744.22,287.735,145.25,508363.55
587.52,1,storey_building,sandcrete_block,Ashanti,standard,4290,808.56,84.826,46.091,143872.24
452.58,3,warehouse,compressed_earth_block,Eastern,premium,9792,1828.66,191.777,99.55,353180.87
118.47,1,bungalow,compressed_earth_block,Northern,standard,1076,187.19,19.599,7.948,26749.82
229.45,1,commercial_block,clay_brick,Eastern,standard,2213,386.64,40.492,17.069,59821.07
423.69,3,warehouse,clay_brick,Ashanti,standard,9303,1704.81,178.725,88.295,317175.13
595.5,4,warehouse,sandcrete_block,Central,standard,22141,3939.73,412.791,187.671,599491.99
184.87,3,bungalow,compressed_earth_block,Northern,standard,4885,884.12,92.65,43.226,119947.52
583.35,4,warehouse,sandcrete_block,Western,standard,17710,3151.3,330.162,148.765,507294.75
462.92,1,warehouse,clay_brick,Ashanti,standard,4285,758.45,79.447,34.665,140253.88
589.84,4,commercial_block,clay_brick,Northern,standard,18773,3338.47,349.779,158.068,501022.16
471.77,1,bungalow,sandcrete_block,Western,standard,4432,765.86,80.19,32.641,125004.98
456.26,4,bungalow,clay_brick,Northern,premium,15852,2865.29,300.267,140.128,575216.6
593.32,3,storey_building,compressed_earth_block,Eastern,standard,15268,2799.77,293.525,145.681,391216.25
342.77,3,storey_building,compressed_earth_block,Eastern,standard,9566,1688.77,176.897,77.207,253610.65
338.47,2,commercial_block,clay_brick,Eastern,standard,5880,1031.31,108.016,46.247,178029.13
41.13,2,commercial_block,compressed_earth_block,Eastern,premium,666,117.78,12.337,5.401,22639.82
580.72,3,storey_building,compressed_earth_block,Western,standard,15974,2761.1,289.116,118.712,404648.55
597.16,3,bungalow,sandcrete_block,Western,premium,15030,2658.07,278.434,121.8,527808.76
77.34,1,bungalow,clay_brick,Eastern,premium,633,114.97,12.051,5.779,24863.28
474.47,3,bungalow,compressed_earth_block,Central,premium,12337,2166.48,226.906,96.877,446984.51
188.82,3,commercial_block,clay_brick,Central,standard,4303,807.78,84.724,44.676,145077.9
191.73,2,bungalow,compressed_earth_block,Western,standard,3642,633.99,66.4,28.285,92640.97
90.29,1,storey_building,clay_brick,Central,premium,717,127.23,13.328,5.868,28080.39
110.49,1,commercial_block,sandcrete_block,Northern,standard,1021,179.1,18.758,8.029,25295.95
242.58,4,warehouse,compressed_earth_block,Eastern,standard,6873,1288.92,135.191,71.454,217093.49
168.41,2,storey_building,compressed_earth_block,Ashanti,standard,3114,545.78,57.161,24.298,87064.64
107.22,3,warehouse,clay_brick,Central,standard,2209,419.03,43.958,23.682,79662.23
238.48,2,storey_building,compressed_earth_block,Ashanti,standard,4307,761.67,79.788,35.096,132847.94
214.16,3,storey_building,compressed_earth_block,Western,standard,5776,1009.69,105.724,43.372,162251.67
574.58,3,warehouse,compressed_earth_block,Northern,premium,15435,2789.19,292.344,140.143,473677.09
127.74,4,warehouse,clay_brick,Central,standard,4555,813.99,85.291,39.063,139292.67
103.45,2,storey_building,sandcrete_block,Eastern,premium,1858,334.21,35.024,16.437,63163.86
182.27,2,warehouse,compressed_earth_block,Northern,standard,2552,467.83,49.045,24.214,59998.72
69.33,3,bungalow,sandcrete_block,Greater Accra,standard,1522,289.74,30.399,16.655,52131.81
534.18,1,bungalow,clay_brick,Northern,standard,4083,737.21,77.26,36.31,122451.28
208.13,3,commercial_block,clay_brick,Greater Accra,standard,4495,800.77,83.898,37.839,170178.26
515.28,1,bungalow,clay_brick,Greater Accra,standard,4512,782.97,81.981,33.32,152068.0
172.73,1,storey_building,clay_brick,Eastern,premium,1500,269.31,28.223,13.199,56851.11
481.25,2,bungalow,compressed_earth_block,Western,standard,7699,1416.36,148.469,72.249,227305.24
243.68,3,warehouse,clay_brick,Central,standard,5438,988.64,103.632,50.289,172123.54
596.61,1,warehouse,sandcrete_block,Ashanti,standard,5440,969.29,101.563,46.428,166211.11
128.33,4,storey_building,sandcrete_block,Northern,standard,4780,831.99,87.128,36.453,116655.28
409.04,1,commercial_block,sandcrete_block,Ashanti,premium,3729,649.99,68.068,28.468,146603.79
263.4,1,storey_building,compressed_earth_block,Greater Accra,standard,2233,404.92,42.44,20.254,80540.77
281.67,3,warehouse,sandcrete_block,Eastern,standard,7841,1360.21,142.427,58.427,217532.86
544.81,2,commercial_block,sandcrete_block,Northern,premium,8236,1549.32,162.516,86.764,263427.29
327.21,3,commercial_block,clay_brick,Western,standard,7630,1366.4,143.172,65.472,261092.54
261.73,4,storey_building,sandcrete_block,Eastern,premium,9069,1597.74,167.354,72.51,336964.1
102.17,3,bungalow,compressed_earth_block,Greater Accra,premium,2735,485.1,50.816,22.288,108187.68
235.08,1,commercial_block,compressed_earth_block,Eastern,standard,1926,352.57,36.964,18.408,54377.25
153.55,2,commercial_block,sandcrete_block,Central,standard,2509,441.69,46.268,20.339,67428.36
402.53,3,commercial_block,compressed_earth_block,Greater Accra,standard,10096,1793.92,187.927,83.151,306528.3
552.91,4,warehouse,compressed_earth_block,Central,premium,16238,3025.77,317.348,166.565,597508.73
295.96,1,warehouse,clay_brick,Greater Accra,premium,2704,471.57,49.38,20.382,125435.33
214.31,1,storey_building,sandcrete_block,Eastern,standard,1583,298.72,31.334,16.694,47036.48
281.58,1,warehouse,compressed_earth_block,Ashanti,premium,2562,456.78,47.858,21.639,100703.74
69.43,1,bungalow,clay_brick,Greater Accra,standard,484,92.04,9.655,5.236,18687.84
591.37,2,warehouse,clay_brick,Northern,standard,10403,1817.73,190.366,80.289,302315.59
450.09,4,bungalow,sandcrete_block,Northern,standard,13518,2436.08,255.304,120.337,380448.46
244.78,2,commercial_block,sandcrete_block,Central,standard,3588,667.98,70.055,36.48,121590.87
72.73,1,bungalow,compressed_earth_block,Eastern,standard,615,110.33,11.56,5.303,14772.71
436.88,4,warehouse,compressed_earth_block,Ashanti,standard,15769,2815.52,295.009,134.802,448120.24
304.14,4,warehouse,clay_brick,Northern,standard,10385,1825.98,191.225,80.337,278872.02
128.12,1,storey_building,compressed_earth_block,Eastern,standard,1017,187.06,19.612,9.848,26648.61
436.78,1,warehouse,clay_brick,Eastern,standard,3597,638.78,66.911,29.157,111190.6
146.04,3,bungalow,clay_brick,Ashanti,standard,3477,628.32,65.86,31.797,121781.8
302.9,2,bungalow,clay_brick,Central,standard,4287,811.9,85.166,45.592,133230.01
167.49,2,storey_building,clay_brick,Greater Accra,standard,3072,547.68,57.386,26.256,103264.64
282.1,3,storey_building,compressed_earth_block,Eastern,premium,6690,1187.79,124.421,54.394,221337.86
167.75,3,bungalow,sandcrete_block,Northern,standard,3557,669.12,70.184,37.238,105280.16
143.86,2,bungalow,compressed_earth_block,Ashanti,standard,2450,442.09,46.33,21.67,71502.76
252.03,2,warehouse,compressed_earth_block,Eastern,standard,4043,736.82,77.236,37.57,105014.36
415.11,4,bungalow,sandcrete_block,Western,premium,13778,2519.72,264.109,127.247,515479.81
339.33,4,bungalow,compressed_earth_block,Ashanti,standard,9323,1776.8,186.408,101.626,309100.56
317.28,2,commercial_block,clay_brick,Eastern,standard,5707,994.3,104.124,43.529,165475.71
127.7,3,warehouse,clay_brick,Central,standard,3198,568.37,59.546,26.666,96912.45
359.69,3,warehouse,compressed_earth_block,Central,standard,9287,1664.4,174.38,78.629,273684.76
559.6,3,storey_building,clay_brick,Northern,premium,12631,2276.73,238.617,113.305,451568.93
487.92,4,commercial_block,sandcrete_block,Ashanti,standard,15941,2721.73,284.913,111.311,422830.94
527.97,2,warehouse,compressed_earth_block,Northern,standard,8810,1530.94,160.307,65.951,221742.04
368.52,2,commercial_block,sandcrete_block,Eastern,standard,6467,1160.11,121.566,56.251,188141.24
294.41,2,commercial_block,clay_brick,Ashanti,premium,4557,816.87,85.612,40.516,182267.9
281.93,4,warehouse,compressed_earth_block,Northern,standard,10248,1768.44,185.154,74.563,212949.21
67.96,2,storey_building,sandcrete_block,Northern,standard,1287,223.28,23.379,9.562,31042.72
255.58,1,bungalow,compressed_earth_block,Ashanti,standard,2054,369.59,38.731,18.062,52375.79
191.88,1,commercial_block,clay_brick,Eastern,standard,1595,286.76,30.052,14.103,50369.37
283.09,1,warehouse,compressed_earth_block,Greater Accra,standard,2229,397.48,41.65,19.182,75654.49
164.71,2,bungalow,clay_brick,Eastern,premium,2597,470.2,49.275,23.034,96195.38
511.08,2,warehouse,sandcrete_block,Central,standard,7008,1343.87,141.004,77.957,207087.54
78.12,4,storey_building,compressed_earth_block,Central,standard,2761,493.73,51.726,23.12,75212.49
287.94,1,bungalow,compressed_earth_block,Western,premium,2023,375.64,39.391,20.192,79983.45
385.8,3,bungalow,clay_brick,Northern,premium,9628,1743.92,182.775,86.815,340739.51
419.43,4,storey_building,clay_brick,Western,standard,16000,2787.58,291.928,122.583,503145.32
296.71,2,bungalow,compressed_earth_block,Northern,standard,5098,910.29,95.375,43.253,123906.0
561.23,3,commercial_block,compressed_earth_block,Central,standard,12623,2404.31,252.243,137.608,396753.46
52.91,1,commercial_block,clay_brick,Eastern,standard,381,71.72,7.522,3.999,11978.34
283.06,3,bungalow,clay_brick,Eastern,standard,7128,1243.61,130.231,54.341,196984.07
284.58,1,warehouse,sandcrete_block,Greater Accra,standard,2564,455.06,47.672,21.147,89423.37
424.92,4,storey_building,compressed_earth_block,Ashanti,standard,14747,2610.64,273.491,121.412,380692.21
504.31,1,storey_building,compressed_earth_block,Ashanti,standard,4550,789.36,82.657,34.186,118625.53
595.85,3,warehouse,compressed_earth_block,Western,standard,15780,2823.96,295.893,135.113,466263.22
450.19,3,warehouse,compressed_earth_block,Ashanti,premium,10472,1901.11,199.272,96.181,432593.82
152.23,2,warehouse,sandcrete_block,Central,standard,2064,389.84,40.895,22.032,63778.13
237.65,1,bungalow,sandcrete_block,Greater Accra,standard,1735,317.2,33.252,16.289,63253.0
253.84,2,warehouse,compressed_earth_block,Eastern,standard,4658,828.4,86.781,38.358,126355.54
215.99,1,storey_building,sandcrete_block,Central,premium,2076,349.97,36.621,13.331,72689.86
311.52,1,commercial_block,compressed_earth_block,Western,premium,2524,456.23,47.805,21.991,83301.02
228.8,3,commercial_block,clay_brick,Central,standard,5426,996.03,104.42,51.677,175282.94
501.59,4,storey_building,sandcrete_block,Northern,standard,18772,3265.24,341.877,138.427,523591.06
258.81,2,commercial_block,compressed_earth_block,Western,standard,4104,741.26,77.681,36.345,112920.71
53.12,2,bungalow,sandcrete_block,Northern,standard,964,165.49,17.324,6.826,22490.2
186.29,3,commercial_block,sandcrete_block,Greater Accra,premium,5309,925.3,96.904,40.876,230995.23
528.24,4,storey_building,clay_brick,Central,standard,18356,3255.14,341.006,151.074,582733.91
587.56,4,storey_building,clay_brick,Northern,premium,20005,3463.69,362.621,144.437,670476.34
475.93,1,warehouse,clay_brick,Greater Accra,standard,3754,692.03,72.548,35.753,135636.52
510.97,4,commercial_block,sandcrete_block,Western,standard,19124,3351.57,351.048,151.364,587915.05
273.43,3,storey_building,clay_brick,Greater Accra,premium,6645,1197.63,125.51,58.948,286212.33
465.06,2,storey_building,clay_brick,Greater Accra,standard,7269,1293.06,135.487,61.996,277462.43
98.17,1,storey_building,sandcrete_block,Northern,premium,847,146.44,15.332,6.156,25494.23
330.23,1,bungalow,clay_brick,Ashanti,standard,3057,541.69,56.743,24.865,108524.83
136.7,2,warehouse,clay_brick,Greater Accra,standard,2443,434.68,45.54,20.374,87184.23
597.75,2,storey_building,compressed_earth_block,Greater Accra,standard,10738,1901.5,199.171,86.262,345671.95
180.93,4,warehouse,clay_brick,Western,standard,6334,1133.79,118.804,54.692,202773.46
411.18,2,storey_building,compressed_earth_block,Central,standard,5911,1095.92,114.923,58.934,157161.54
394.9,4,commercial_block,sandcrete_block,Northern,premium,11630,2123.48,222.603,109.077,369295.3
541.38,1,warehouse,sandcrete_block,Northern,standard,3927,739.37,77.558,41.53,109566.11
487.42,1,commercial_block,compressed_earth_block,Central,premium,4642,778.28,81.429,28.863,158438.04
201.65,4,commercial_block,clay_brick,Central,standard,6904,1221.64,127.986,57.217,216239.56
463.61,1,bungalow,clay_brick,Central,standard,3555,651.77,68.326,33.543,111333.49
65.84,3,warehouse,clay_brick,Western,standard,1693,302.66,31.712,14.424,51097.25
556.85,1,storey_building,compressed_earth_block,Greater Accra,standard,4646,847.6,88.849,43.218,149129.83
290.88,4,storey_building,clay_brick,Central,standard,10112,1767.81,185.148,78.814,312871.38
439.23,3,storey_building,clay_brick,Central,premium,9635,1763.93,184.923,91.414,389267.52
275.29,3,warehouse,sandcrete_block,Northern,standard,7247,1274.81,133.527,57.644,190363.78
212.54,1,commercial_block,clay_brick,Eastern,premium,1558,297.43,31.207,17.183,60666.54
401.72,3,bungalow,sandcrete_block,Ashanti,standard,9131,1652.62,173.212,82.672,306381.51
501.45,2,storey_building,clay_brick,Ashanti,standard,9008,1556.11,162.912,64.871,287567.65
266.07,2,storey_building,compressed_earth_block,Eastern,standard,5037,855.19,89.517,34.677,120216.69
166.67,2,commercial_block,compressed_earth_block,Ashanti,standard,2517,460.22,48.247,23.794,72183.7
139.78,3,warehouse,compressed_earth_block,Northern,standard,3522,637.99,66.863,31.519,86021.62
128.61,4,storey_building,compressed_earth_block,Central,premium,4827,851.72,89.215,38.799,173664.31
332.67,1,commercial_block,compressed_earth_block,Greater Accra,premium,2844,503.5,52.743,23.145,111833.46
416.38,3,commercial_block,clay_brick,Eastern,standard,11520,2014.73,210.988,88.321,330877.22
126.9,4,warehouse,sandcrete_block,Eastern,standard,4729,832.61,87.212,37.865,128023.24
495.73,1,warehouse,clay_brick,Greater Accra,standard,4385,783.68,82.117,37.714,178898.84
285.9,4,bungalow,clay_brick,Central,premium,8065,1531.19,160.627,86.649,343570.75
122.37,4,commercial_block,compressed_earth_block,Central,standard,4215,754.57,79.064,36.141,111073.26
254.43,3,bungalow,clay_brick,Greater Accra,standard,5373,994.61,104.289,52.858,195745.63
295.57,3,warehouse,sandcrete_block,Greater Accra,standard,8460,1458.09,152.658,61.311,259913.52
581.08,2,warehouse,sandcrete_block,Western,standard,9190,1707.74,179.09,92.576,263878.57
157.24,4,warehouse,clay_brick,Eastern,standard,5163,946.31,99.217,49.724,158873.4
480.69,4,warehouse,sandcrete_block,Western,standard,15424,2829.67,296.632,145.36,452614.41
332.77,2,warehouse,clay_brick,Northern,standard,4590,874.12,91.703,49.806,144778.86
146.51,1,storey_building,sandcrete_block,Greater Accra,standard,1028,191.43,20.076,10.397,37393.7
496.68,2,storey_building,compressed_earth_block,Greater Accra,standard,9142,1596.29,167.17,70.164,288725.93
357.64,3,bungalow,clay_brick,Eastern,standard,9770,1719.36,180.087,77.594,268714.02
113.17,4,storey_building,clay_brick,Central,standard,4109,722.59,75.677,32.065,125864.95
345.2,3,storey_building,sandcrete_block,Northern,standard,9452,1684.57,176.495,79.676,257064.22
92.14,1,storey_building,compressed_earth_block,Northern,premium,638,122.36,12.839,7.086,21957.04
253.68,2,storey_building,compressed_earth_block,Eastern,standard,3460,657.83,69.013,37.545,90227.23
411.07,3,bungalow,compressed_earth_block,Ashanti,premium,9427,1740.83,182.54,92.949,350398.06
488.47,4,warehouse,clay_brick,Eastern,standard,14372,2624.62,275.146,135.428,436959.13
319.5,1,bungalow,clay_brick,Central,standard,2574,473.39,49.627,24.464,78150.19
202.4,3,bungalow,compressed_earth_block,Western,standard,4829,865.07,90.646,41.653,127062.9
182.96,1,warehouse,clay_brick,Central,standard,1667,291.01,30.473,12.573,49038.95
586.06,1,storey_building,sandcrete_block,Eastern,premium,4990,917.51,96.181,47.043,174779.45
106.83,4,storey_building,sandcrete_block,Central,standard,3775,667.21,69.889,30.413,107390.26
496.29,2,bungalow,clay_brick,Ashanti,premium,9168,1605.45,168.136,71.053,397389.39
583.45,2,bungalow,clay_brick,Eastern,standard,8553,1590.9,166.835,86.085,265083.7
404.78,1,storey_building,compressed_earth_block,Eastern,standard,3412,603.87,63.249,27.187,93287.19
58.34,2,bungalow,compressed_earth_block,Ashanti,standard,1004,177.57,18.601,8.194,27976.19
48.06,3,warehouse,sandcrete_block,Central,standard,1025,191.61,20.095,10.498,32761.85
79.2,4,storey_building,sandcrete_block,Greater Accra,standard,3029,526.7,55.152,22.72,101713.6
439.99,4,storey_building,compressed_earth_block,Eastern,premium,14575,2592.85,271.65,122.144,493352.91
203.86,3,bungalow,compressed_earth_block,Eastern,standard,5778,1004.29,105.16,43.208,156416.67
137.34,4,commercial_block,compressed_earth_block,Northern,standard,4517,812.34,85.133,40.066,109825.88
462.11,1,storey_building,sandcrete_block,Eastern,standard,3530,635.66,66.624,31.799,92832.25
284.35,1,storey_building,sandcrete_block,Eastern,standard,2020,393.59,41.318,24.294,59747.58
265.06,2,bungalow,clay_brick,Greater Accra,premium,4635,816.22,85.489,36.695,199427.44
458.77,2,storey_building,sandcrete_block,Central,standard,7516,1319.78,138.207,57.59,198786.82
517.23,1,warehouse,clay_brick,Eastern,standard,3662,672.55,70.508,34.87,114789.52
273.63,4,warehouse,compressed_earth_block,Western,standard,7764,1441.72,151.182,77.412,231580.78
186.1,3,commercial_block,compressed_earth_block,Western,premium,5147,879.87,92.099,35.559,162663.61
331.17,4,bungalow,sandcrete_block,Central,standard,11670,2094.59,219.494,101.899,337114.67
170.06,1,bungalow,sandcrete_block,Central,standard,1454,255.4,26.748,11.309,38390.92
352.23,4,warehouse,compressed_earth_block,Northern,standard,12940,2231.68,233.623,91.951,355451.38
278.15,3,commercial_block,sandcrete_block,Northern,standard,6082,1137.36,119.303,63.631,161564.35
191.45,2,bungalow,sandcrete_block,Ashanti,standard,3397,604.59,63.342,28.465,111478.35
133.84,4,bungalow,sandcrete_block,Central,standard,4174,762.63,79.943,38.982,125628.61
362.63,2,commercial_block,compressed_earth_block,Greater Accra,standard,7425,1281.05,134.134,54.648,235379.03
473.3,3,warehouse,compressed_earth_block,Ashanti,standard,11538,2084.76,218.491,103.353,337882.77
236.3,4,bungalow,sandcrete_block,Eastern,standard,8112,1424.84,149.219,62.852,222639.3
464.05,4,warehouse,clay_brick,Eastern,standard,14726,2603.57,272.768,122.279,466331.42
132.4,2,warehouse,sandcrete_block,Central,standard,2558,446.86,46.795,19.549,67192.52
210.89,2,bungalow,compressed_earth_block,Western,standard,3012,565.68,59.333,31.367,88755.29
328.68,4,storey_building,clay_brick,Eastern,premium,10136,1812.96,189.976,87.789,423665.51
109.36,4,commercial_block,sandcrete_block,Northern,standard,3927,697.9,73.118,32.843,98359.31
117.72,3,commercial_block,compressed_earth_block,Eastern,standard,3287,574.2,60.143,25.945,91697.18
413.44,1,warehouse,compressed_earth_block,Greater Accra,standard,3801,664.48,69.583,28.871,110962.8
49.09,3,storey_building,compressed_earth_block,Northern,standard,1192,213.77,22.399,10.279,29458.31
271.74,1,bungalow,clay_brick,Western,standard,2496,440.78,46.178,20.586,75804.44
396.62,3,warehouse,compressed_earth_block,Eastern,standard,9624,1770.03,185.578,92.775,260117.38
455.52,1,warehouse,clay_brick,Greater Accra,standard,3698,652.31,68.32,29.204,128150.7
383.39,1,storey_building,sandcrete_block,Ashanti,premium,2797,501.96,52.595,24.034,102781.81
195.3,1,storey_building,clay_brick,Greater Accra,standard,1541,280.31,29.38,14.05,53628.79
381.51,4,storey_building,clay_brick,Eastern,premium,14543,2533.88,265.341,110.097,571112.04
144.66,2,commercial_block,compressed_earth_block,Northern,standard,2392,425.81,44.612,20.076,59326.7
421.69,3,bungalow,clay_brick,Greater Accra,premium,11498,2043.77,214.111,95.345,526053.84
456.54,2,warehouse,compressed_earth_block,Ashanti,standard,7285,1347.5,141.292,71.653,196962.23
269.47,1,storey_building,compressed_earth_block,Northern,standard,2599,443.51,46.424,17.951,56237.47
316.68,1,bungalow,compressed_earth_block,Ashanti,standard,2467,455.61,47.769,23.898,72572.55
103.12,2,bungalow,clay_brick,Northern,standard,1795,319.53,33.474,14.835,49969.55
268.98,2,warehouse,clay_brick,Ashanti,premium,4065,748.78,78.497,38.616,171097.04
384.85,1,warehouse,sandcrete_block,Eastern,standard,3116,567.6,59.491,28.427,80012.02
302.87,4,commercial_block,sandcrete_block,Greater Accra,standard,9561,1716.03,179.825,83.495,301329.42
84.28,2,storey_building,sandcrete_block,Eastern,standard,1473,256.12,26.821,11.178,39624.4
92.27,2,bungalow,clay_brick,Eastern,standard,1469,261.76,27.425,12.384,47763.44
252.35,3,warehouse,clay_brick,Eastern,standard,5222,1000.5,104.986,58.736,157527.71
445.35,1,commercial_block,clay_brick,Ashanti,standard,3362,614.13,64.374,31.213,110012.66
544.1,4,warehouse,sandcrete_block,Western,standard,17475,3148.16,329.93,155.381,565482.94
413.11,2,storey_building,compressed_earth_block,Ashanti,standard,6875,1217.78,127.573,56.481,206669.8
314.41,4,commercial_block,clay_brick,Western,standard,9434,1709.75,179.172,83.561,282270.69
111.99,2,commercial_block,compressed_earth_block,Greater Accra,premium,1988,351.18,36.787,16.176,80359.68
369.55,3,warehouse,clay_brick,Ashanti,standard,10173,1804.68,189.035,82.209,351987.65
385.93,4,commercial_block,clay_brick,Western,standard,14539,2618.29,274.4,129.315,482086.8
429.98,2,bungalow,clay_brick,Ashanti,standard,6945,1220.55,127.839,54.913,230112.04
274.72,2,commercial_block,clay_brick,Northern,standard,5290,929.47,97.35,41.693,152211.86
268.65,4,storey_building,compressed_earth_block,Eastern,standard,9072,1609.19,168.584,75.121,257064.75
580.61,2,storey_building,clay_brick,Greater Accra,standard,8884,1660.17,174.103,90.086,338033.1
372.95,1,storey_building,compressed_earth_block,Northern,standard,3196,561.76,58.834,25.014,80484.71
272.45,1,bungalow,clay_brick,Central,standard,2290,415.26,43.523,20.702,73412.07
301.22,2,bungalow,clay_brick,Ashanti,standard,4961,880.25,92.208,40.41,165184.7
163.58,4,warehouse,clay_brick,Ashanti,standard,4692,870.09,91.244,47.071,156932.37
61.39,4,storey_building,clay_brick,Eastern,standard,2004,357.93,37.507,17.361,62278.82
316.53,2,warehouse,clay_brick,Western,standard,5690,1015.42,106.379,47.468,174181.32
81.29,1,warehouse,clay_brick,Greater Accra,standard,568,106.33,11.153,5.914,20726.68
99.78,3,storey_building,sandcrete_block,Eastern,premium,2364,441.94,46.349,24.138,87300.04
521.68,2,storey_building,compressed_earth_block,Greater Accra,standard,8610,1502.77,157.386,66.698,267018.2
171.46,2,warehouse,clay_brick,Northern,standard,3217,566.02,59.285,25.496,92745.14
525.06,1,bungalow,clay_brick,Ashanti,standard,4644,819.15,85.793,36.591,153114.78
425.43,4,bungalow,clay_brick,Greater Accra,premium,13432,2447.6,256.561,124.351,544766.16
354.93,3,commercial_block,clay_brick,Eastern,premium,7981,1467.73,153.889,77.344,278457.49
373.85,2,warehouse,clay_brick,Eastern,standard,6613,1168.59,122.406,53.234,190291.71
128.46,3,storey_building,sandcrete_block,Eastern,premium,3433,599.43,62.779,26.652,105076.47
253.36,3,storey_building,sandcrete_block,Western,standard,6590,1155.14,120.981,51.499,186196.38
108.83,2,storey_building,sandcrete_block,Northern,standard,1766,325.0,34.074,17.065,51556.7
493.85,1,warehouse,clay_brick,Ashanti,standard,4448,782.79,81.982,34.724,141164.07
63.54,4,bungalow,compressed_earth_block,Northern,standard,1874,360.38,37.82,21.43,53650.27
577.51,2,storey_building,clay_brick,Northern,premium,8069,1521.98,159.647,85.167,300638.27
175.36,3,commercial_block,sandcrete_block,Central,standard,4990,860.13,90.046,35.634,135157.36
343.64,4,commercial_block,compressed_earth_block,Northern,standard,10257,1907.8,200.085,104.445,272818.33
581.46,2,storey_building,clay_brick,Eastern,standard,9716,1767.0,185.217,89.631,301147.27
40.31,1,bungalow,clay_brick,Northern,standard,284,52.83,5.541,2.865,7209.26
530.57,4,commercial_block,sandcrete_block,Ashanti,premium,16066,2886.02,302.405,138.743,613290.62
529.63,1,bungalow,clay_brick,Central,standard,4577,808.89,84.733,37.128,138880.14
222.43,1,storey_building,clay_brick,Northern,premium,1726,315.94,33.12,16.262,63892.63
245.26,4,warehouse,compressed_earth_block,Northern,standard,7692,1406.68,147.465,72.537,202144.84
546.26,4,commercial_block,sandcrete_block,Western,premium,18925,3326.14,348.424,153.006,692106.35
412.61,1,commercial_block,sandcrete_block,Central,standard,3037,553.0,57.97,28.361,88924.92
491.97,2,warehouse,sandcrete_block,Greater Accra,standard,8017,1473.83,154.509,76.295,281299.14
198.86,4,warehouse,sandcrete_block,Ashanti,standard,7301,1280.77,134.142,57.293,227116.8
368.08,1,commercial_block,clay_brick,Western,premium,2965,537.03,56.288,26.992,112105.27
423.63,3,warehouse,compressed_earth_block,Greater Accra,standard,10340,1891.04,198.243,97.602,343345.38
495.06,4,commercial_block,sandcrete_block,Greater Accra,premium,17968,3170.55,332.116,145.189,827522.96
510.61,3,warehouse,compressed_earth_block,Central,standard,11401,2068.55,216.825,104.818,311857.78
260.93,4,storey_building,compressed_earth_block,Greater Accra,premium,7380,1378.8,144.607,75.608,278880.87
474.61,1,bungalow,sandcrete_block,Western,standard,4589,798.78,83.653,35.225,134984.87
562.6,2,bungalow,clay_brick,Greater Accra,premium,10077,1764.64,184.832,79.826,504046.57
514.88,1,commercial_block,compressed_earth_block,Northern,premium,4973,843.49,88.274,32.841,154463.69
285.52,1,warehouse,compressed_earth_block,Greater Accra,standard,2409,436.07,45.702,21.576,80946.15
175.1,2,warehouse,compressed_earth_block,Western,standard,2564,477.88,50.117,26.014,73396.35
546.64,4,commercial_block,clay_brick,Greater Accra,standard,16167,2948.81,309.112,150.748,601306.83
314.69,3,bungalow,compressed_earth_block,Eastern,standard,7451,1370.62,143.708,72.258,193072.12
497.23,2,bungalow,sandcrete_block,Northern,premium,7361,1341.03,140.556,67.243,239116.42
214.08,1,bungalow,sandcrete_block,Western,standard,1913,341.54,35.783,16.122,52469.97
49.0,1,bungalow,sandcrete_block,Ashanti,premium,380,68.53,7.182,3.398,14560.61
209.01,4,bungalow,compressed_earth_block,Western,standard,7665,1353.51,141.777,61.766,222260.96
448.67,2,commercial_block,clay_brick,Central,standard,8778,1505.18,157.567,61.793,226619.57
332.39,4,bungalow,compressed_earth_block,Central,standard,11371,2041.39,213.888,97.125,331451.55
557.24,3,storey_building,clay_brick,Central,premium,12697,2326.01,243.844,120.154,500278.99
332.92,1,bungalow,sandcrete_block,Central,premium,2828,496.57,52.009,22.248,108655.2
543.91,3,bungalow,sandcrete_block,Greater Accra,standard,14791,2587.76,270.975,111.931,480897.47
293.1,3,warehouse,sandcrete_block,Greater Accra,premium,6458,1199.55,125.795,64.911,296685.78
181.91,4,commercial_block,clay_brick,Ashanti,standard,6590,1162.94,121.82,53.344,214476.58
574.41,4,storey_building,clay_brick,Ashanti,standard,17926,3321.5,348.316,179.419,612762.6
597.53,2,storey_building,compressed_earth_block,Ashanti,standard,8898,1641.36,172.097,86.722,256505.52
336.39,2,commercial_block,sandcrete_block,Northern,standard,4966,914.21,95.861,48.693,138129.65
219.45,1,bungalow,clay_brick,Eastern,premium,1592,292.76,30.693,15.245,61789.52
491.97,2,bungalow,sandcrete_block,Northern,standard,9260,1569.45,164.249,61.208,241071.79
148.42,4,commercial_block,clay_brick,Ashanti,premium,5705,977.85,102.37,40.533,218647.14
278.85,3,bungalow,sandcrete_block,Central,standard,7687,1377.89,144.37,65.619,202306.67
121.63,1,warehouse,sandcrete_block,Eastern,standard,1004,180.37,18.902,8.828,27614.02
409.2,2,storey_building,sandcrete_block,Ashanti,standard,7128,1284.23,134.572,62.178,223012.57
114.68,4,commercial_block,sandcrete_block,Central,premium,3577,645.95,67.701,32.248,134274.32
572.98,3,warehouse,compressed_earth_block,Northern,standard,13112,2327.78,243.885,110.086,305645.55
152.47,2,storey_building,sandcrete_block,Eastern,standard,2563,454.02,47.553,20.405,66159.0
101.39,2,warehouse,sandcrete_block,Northern,standard,1772,316.54,33.165,14.986,48651.96
300.66,2,commercial_block,sandcrete_block,Western,standard,4520,807.49,84.606,38.479,128570.7
525.38,4,warehouse,clay_brick,Western,standard,16521,2918.63,305.716,132.835,499806.37
50.65,4,warehouse,clay_brick,Ashanti,standard,1797,323.26,33.872,15.539,61645.74
350.16,1,storey_building,sandcrete_block,Eastern,standard,3270,584.92,61.286,27.916,84369.85
131.32,1,warehouse,compressed_earth_block,Western,standard,1059,193.44,20.276,9.81,30167.7
469.65,4,bungalow,compressed_earth_block,Ashanti,standard,16038,2864.71,300.174,137.851,488590.7
514.36,2,bungalow,sandcrete_block,Ashanti,standard,8832,1578.27,165.352,74.246,288300.88
297.86,4,commercial_block,sandcrete_block,Ashanti,standard,10861,1891.97,198.145,83.839,293133.72
234.12,1,storey_building,clay_brick,Ashanti,standard,1988,350.28,36.687,15.711,62091.61
94.9,3,commercial_block,clay_brick,Central,premium,2152,395.54,41.464,20.326,81349.97
238.68,3,commercial_block,clay_brick,Greater Accra,standard,5847,1048.99,109.934,51.665,232535.96
417.86,1,commercial_block,sandcrete_block,Central,standard,3778,663.52,69.495,29.75,107886.48
432.31,2,warehouse,sandcrete_block,Ashanti,standard,6296,1172.55,122.957,63.006,210470.97
343.66,2,commercial_block,compressed_earth_block,Greater Accra,standard,4803,891.19,93.461,48.456,167348.01
329.07,2,bungalow,sandcrete_block,Northern,standard,5380,957.5,100.311,44.737,153268.82
269.57,3,commercial_block,compressed_earth_block,Central,premium,6755,1219.81,127.84,60.394,237161.46
197.63,3,warehouse,compressed_earth_block,Eastern,premium,4909,880.15,92.225,42.288,146567.43
407.93,3,storey_building,compressed_earth_block,Central,standard,11423,1991.96,208.597,86.89,305163.29
294.29,3,warehouse,sandcrete_block,Central,standard,6935,1242.41,130.178,59.381,191791.64
571.04,4,commercial_block,compressed_earth_block,Greater Accra,standard,18678,3346.9,350.736,163.667,660751.82
589.48,4,bungalow,sandcrete_block,Greater Accra,standard,20934,3726.18,390.41,177.109,756518.0
208.69,1,commercial_block,compressed_earth_block,Greater Accra,standard,1684,301.1,31.552,14.619,57423.24
50.22,4,warehouse,sandcrete_block,Western,premium,1853,323.8,33.909,14.224,62509.38
273.37,1,storey_building,clay_brick,Ashanti,standard,2133,393.71,41.279,20.712,74327.25
366.82,2,storey_building,clay_brick,Ashanti,standard,5880,1031.79,108.061,45.844,203415.77
467.34,3,warehouse,compressed_earth_block,Ashanti,premium,10418,1917.04,200.996,100.877,358898.51
494.09,2,bungalow,compressed_earth_block,Western,premium,8502,1539.1,161.303,76.235,322261.18
493.93,4,bungalow,sandcrete_block,Northern,standard,18033,3181.31,333.225,144.354,434689.71
127.43,3,bungalow,sandcrete_block,Central,premium,3126,564.78,59.191,27.957,112945.65
180.06,2,bungalow,clay_brick,Ashanti,standard,2737,509.44,53.428,27.89,86059.1
218.42,3,bungalow,sandcrete_block,Eastern,standard,5806,1038.49,108.805,49.137,161831.57
591.4,3,warehouse,sandcrete_block,Eastern,standard,16033,2812.96,294.598,124.591,431187.98
72.7,2,warehouse,sandcrete_block,Greater Accra,standard,1157,205.12,21.487,9.439,38344.12
523.33,1,warehouse,compressed_earth_block,Northern,standard,4307,780.42,81.8,39.294,112542.46
472.26,3,warehouse,sandcrete_block,Eastern,standard,11889,2133.41,223.577,104.85,314401.92
411.98,1,bungalow,compressed_earth_block,Central,standard,3601,630.45,66.027,27.97,100733.48
275.89,2,bungalow,sandcrete_block,Eastern,standard,4769,845.79,88.595,38.589,130570.78
507.62,3,warehouse,sandcrete_block,Greater Accra,premium,10688,2008.16,210.612,110.039,471943.5
179.76,1,bungalow,compressed_earth_block,Ashanti,premium,1540,277.64,29.095,13.556,57083.63
593.85,1,warehouse,clay_brick,Greater Accra,standard,5490,978.53,102.521,46.24,195169.69
543.39,2,storey_building,sandcrete_block,Ashanti,standard,8875,1646.97,172.721,89.478,267622.47
262.82,3,warehouse,sandcrete_block,Central,standard,5431,1016.46,106.6,55.352,180911.87
234.13,2,bungalow,clay_brick,Central,standard,3788,683.07,71.583,33.486,122175.11
294.76,3,storey_building,clay_brick,Northern,standard,7285,1301.11,136.326,62.003,197199.77
591.43,1,bungalow,clay_brick,Greater Accra,standard,5019,913.43,95.732,45.351,196041.31
513.19,1,bungalow,clay_brick,Central,standard,3608,675.9,70.889,37.185,123297.16
140.6,1,commercial_block,sandcrete_block,Greater Accra,premium,1288,217.2,22.73,8.467,47129.55
437.54,4,storey_building,sandcrete_block,Greater Accra,premium,13690,2525.65,264.767,130.04,594592.82
81.85,1,bungalow,compressed_earth_block,Greater Accra,premium,745,127.69,13.364,5.065,28997.67
395.06,3,commercial_block,clay_brick,Eastern,standard,10969,1926.21,201.775,88.518,321532.64
486.18,3,storey_building,compressed_earth_block,Eastern,standard,13265,2359.65,247.209,110.491,354668.39
121.77,1,bungalow,sandcrete_block,Western,premium,1082,194.16,20.344,9.254,41320.2
482.01,3,warehouse,sandcrete_block,Ashanti,standard,12691,2227.61,233.307,99.432,393846.99
110.2,1,storey_building,sandcrete_block,Western,premium,916,162.51,17.023,7.466,32170.23
407.52,4,commercial_block,compressed_earth_block,Northern,standard,14673,2563.54,268.419,109.464,379346.2
108.72,3,warehouse,compressed_earth_block,Western,standard,2431,453.39,47.551,24.864,70413.78
593.77,3,commercial_block,sandcrete_block,Northern,standard,15928,2838.44,297.381,133.797,449921.23
199.51,2,warehouse,compressed_earth_block,Central,standard,3349,594.09,62.245,28.209,94320.25
311.71,3,commercial_block,clay_brick,Northern,premium,8150,1433.42,150.152,65.695,297407.25
59.13,2,warehouse,clay_brick,Greater Accra,standard,853,159.53,16.733,8.847,32197.03
300.81,3,bungalow,clay_brick,Ashanti,standard,7849,1368.28,143.281,59.316,241939.44
228.26,3,storey_building,sandcrete_block,Ashanti,premium,5185,941.26,98.661,47.604,219366.82
579.93,4,storey_building,clay_brick,Ashanti,standard,21452,3780.82,396.038,172.858,708618.22
509.66,1,bungalow,compressed_earth_block,Northern,standard,4081,744.63,78.052,37.713,97629.6
125.87,1,storey_building,sandcrete_block,Eastern,standard,1056,191.83,20.105,9.574,31820.44
345.34,3,commercial_block,compressed_earth_block,Central,standard,8054,1440.52,150.956,70.298,227486.49
375.89,1,warehouse,compressed_earth_block,Central,standard,2900,532.89,55.867,27.71,85592.6
333.31,3,commercial_block,clay_brick,Greater Accra,premium,8190,1473.67,154.419,71.119,369247.04
478.52,4,commercial_block,clay_brick,Greater Accra,standard,15799,2848.51,298.552,142.384,574289.85
412.65,4,bungalow,clay_brick,Northern,premium,13673,2425.84,254.106,111.033,454077.38
169.08,4,warehouse,clay_brick,Greater Accra,standard,6216,1064.5,111.432,43.518,224387.03
339.59,1,bungalow,compressed_earth_block,Central,standard,2774,496.32,52.002,23.59,75900.41
67.8,4,bungalow,clay_brick,Ashanti,standard,2038,371.77,38.971,19.008,71493.79
285.5,4,commercial_block,clay_brick,Ashanti,standard,10172,1776.73,186.069,78.229,318604.98
338.11,4,storey_building,compressed_earth_block,Greater Accra,premium,9496,1777.11,186.371,96.793,396783.16
43.47,3,commercial_block,sandcrete_block,Greater Accra,standard,1180,212.5,22.269,10.411,41148.91
126.89,4,storey_building,compressed_earth_block,Eastern,standard,4691,832.88,87.26,39.219,124347.92
305.49,2,commercial_block,sandcrete_block,Northern,premium,5195,908.1,95.111,40.704,177212.2
495.33,2,storey_building,sandcrete_block,Eastern,premium,8022,1416.77,148.411,65.172,280875.31
311.97,1,warehouse,sandcrete_block,Ashanti,standard,2885,504.16,52.797,22.141,91551.38
461.35,1,storey_building,clay_brick,Central,standard,3892,680.15,71.223,29.56,118969.38
130.0,4,storey_building,sandcrete_block,Eastern,premium,4983,880.53,92.243,40.833,175007.4
557.34,1,commercial_block,sandcrete_block,Northern,standard,4333,783.25,82.099,39.663,123087.44
167.15,1,bungalow,clay_brick,Ashanti,standard,1384,250.93,26.299,12.443,50305.26
436.64,3,bungalow,sandcrete_block,Greater Accra,premium,9929,1829.21,191.804,97.423,406836.84
463.25,1,storey_building,compressed_earth_block,Central,standard,3585,646.57,67.763,32.028,96097.93
80.02,3,bungalow,sandcrete_block,Northern,standard,1914,350.37,36.73,18.117,55407.19
173.97,3,storey_building,compressed_earth_block,Northern,standard,4791,835.69,87.513,36.486,116422.66
550.43,4,commercial_block,sandcrete_block,Ashanti,premium,18393,3244.82,339.857,145.863,692040.61
531.7,2,storey_building,clay_brick,Greater Accra,standard,9589,1695.22,177.589,78.603,307678.05
404.35,4,commercial_block,compressed_earth_block,Ashanti,standard,15333,2684.53,281.159,119.696,414465.46
245.7,3,bungalow,sandcrete_block,Eastern,standard,5580,1010.42,105.901,50.457,153582.85
250.91,4,commercial_block,compressed_earth_block,Western,standard,8940,1555.08,162.828,66.472,257149.51
224.97,2,commercial_block,sandcrete_block,Central,standard,3497,636.67,66.738,32.46,96783.34
163.13,2,bungalow,sandcrete_block,Eastern,standard,2560,466.18,48.866,23.673,73407.88
486.01,3,warehouse,compressed_earth_block,Ashanti,standard,13272,2307.23,241.594,99.388,372620.93
445.45,3,commercial_block,sandcrete_block,Northern,standard,12258,2130.04,223.03,90.995,328568.75
183.06,4,bungalow,compressed_earth_block,Central,premium,6014,1070.75,112.178,50.254,204300.89
326.61,1,warehouse,compressed_earth_block,Eastern,standard,2759,483.76,50.671,21.927,77513.76
46.94,1,storey_building,compressed_earth_block,Ashanti,standard,410,73.08,7.657,3.471,12053.34
536.48,3,commercial_block,sandcrete_block,Eastern,standard,14444,2449.53,256.338,94.528,375202.02
169.24,4,storey_building,clay_brick,Central,standard,5514,1012.67,106.158,52.046,174373.32
162.31,1,commercial_block,sandcrete_block,Northern,standard,1251,226.4,23.731,11.441,33192.89
416.5,1,commercial_block,sandcrete_block,Greater Accra,premium,3230,563.39,59.002,24.881,136244.58
201.34,3,bungalow,compressed_earth_block,Western,standard,4844,878.84,92.109,43.763,152921.24
550.2,3,bungalow,compressed_earth_block,Greater Accra,standard,12899,2361.31,247.567,123.55,424873.99
257.81,2,warehouse,clay_brick,Eastern,premium,4151,752.35,78.858,37.959,158400.86
178.5,2,commercial_block,sandcrete_block,Northern,standard,3277,574.24,60.139,25.419,84713.42
481.46,4,storey_building,sandcrete_block,Central,standard,15256,2827.97,296.576,153.78,456069.69
289.44,4,bungalow,compressed_earth_block,Central,standard,9662,1752.64,183.703,88.263,256089.22
366.37,1,commercial_block,compressed_earth_block,Ashanti,premium,2963,527.35,55.254,25.143,107570.11
299.1,3,bungalow,clay_brick,Ashanti,premium,6506,1182.58,123.931,58.071,264401.29
564.47,1,storey_building,clay_brick,Eastern,standard,4192,786.89,82.528,43.155,118439.37
331.1,1,warehouse,sandcrete_block,Central,standard,2385,440.07,46.143,23.353,67741.44
213.28,2,bungalow,sandcrete_block,Western,standard,3105,588.52,61.744,33.697,95656.02
233.51,3,bungalow,clay_brick,Western,standard,5814,1056.01,110.687,53.309,186786.81
314.23,1,storey_building,compressed_earth_block,Greater Accra,standard,2745,485.72,50.881,22.401,77634.41
141.0,1,bungalow,clay_brick,Eastern,standard,1131,206.54,21.651,10.516,35813.82
152.64,2,storey_building,compressed_earth_block,Western,standard,2247,421.64,44.222,23.257,66171.0
165.08,4,commercial_block,sandcrete_block,Ashanti,standard,4942,898.73,94.207,45.675,165017.68
157.83,2,commercial_block,sandcrete_block,Greater Accra,premium,2666,479.41,50.239,23.417,114820.83
172.79,1,storey_building,compressed_earth_block,Central,premium,1566,273.4,28.63,11.873,51973.67
581.81,3,storey_building,clay_brick,Eastern,standard,14749,2659.61,278.731,131.43,436859.89
487.57,4,commercial_block,compressed_earth_block,Greater Accra,standard,17402,3024.48,316.699,130.321,530993.17
483.36,1,warehouse,compressed_earth_block,Central,standard,4344,759.88,79.585,33.887,120047.74
564.37,1,commercial_block,compressed_earth_block,Eastern,standard,4791,845.06,88.506,37.698,126993.38
310.97,3,bungalow,clay_brick,Central,standard,8379,1493.25,156.45,70.606,258767.35
463.19,1,storey_building,sandcrete_block,Northern,standard,3438,638.56,66.961,34.29,101655.53
532.56,4,storey_building,clay_brick,Greater Accra,premium,18103,3302.05,346.134,168.311,791008.74
279.21,1,warehouse,compressed_earth_block,Ashanti,standard,2233,411.24,43.112,21.214,68925.88
352.25,3,storey_building,compressed_earth_block,Eastern,standard,8415,1552.95,162.807,80.642,207437.23
107.77,4,bungalow,compressed_earth_block,Central,standard,3036,571.45,59.942,31.963,87791.42
212.1,4,bungalow,sandcrete_block,Eastern,standard,6800,1216.0,127.418,58.574,206599.56
539.67,4,commercial_block,compressed_earth_block,Central,standard,16506,3102.92,325.48,173.653,462468.03
446.6,2,bungalow,compressed_earth_block,Northern,premium,6701,1220.9,127.957,60.691,201375.02
593.26,1,warehouse,compressed_earth_block,Eastern,standard,5169,944.72,99.031,48.285,145278.74
405.3,2,warehouse,clay_brick,Northern,standard,6326,1135.11,118.954,55.535,177314.16
237.12,3,bungalow,clay_brick,Western,standard,5540,1011.1,105.991,51.796,192167.34
532.23,3,commercial_block,sandcrete_block,Ashanti,standard,13450,2445.45,256.307,122.217,426908.02
397.19,3,warehouse,clay_brick,Eastern,standard,8492,1613.57,169.29,92.79,265007.24
528.43,2,warehouse,compressed_earth_block,Ashanti,standard,7865,1441.03,151.076,75.023,239441.17
81.33,3,warehouse,compressed_earth_block,Greater Accra,standard,2095,373.39,39.12,17.677,64636.8
231.65,4,bungalow,clay_brick,Western,standard,7947,1388.77,145.436,60.921,239990.24
352.36,2,warehouse,clay_brick,Eastern,premium,6651,1173.18,122.888,53.585,232072.22
141.98,2,warehouse,clay_brick,Greater Accra,standard,2492,446.65,46.805,21.729,89627.62
409.87,4,storey_building,compressed_earth_block,Northern,premium,14448,2566.3,268.883,121.894,482815.75
439.3,4,bungalow,sandcrete_block,Greater Accra,standard,11833,2258.15,236.912,129.468,421708.84
558.17,4,bungalow,sandcrete_block,Greater Accra,standard,19491,3467.34,363.267,163.162,643277.18
405.91,1,storey_building,compressed_earth_block,Ashanti,premium,3595,643.22,67.398,30.836,130673.46
172.31,3,storey_building,sandcrete_block,Northern,premium,4519,800.4,83.861,37.977,148421.45
276.01,2,storey_building,sandcrete_block,Central,standard,4581,813.6,85.243,38.513,123150.38
266.67,3,storey_building,compressed_earth_block,Western,standard,6319,1169.88,122.671,62.429,184339.19
516.83,3,warehouse,sandcrete_block,Ashanti,premium,12495,2289.1,239.939,115.76,502953.8
591.08,3,storey_building,sandcrete_block,Eastern,standard,12391,2388.52,250.658,141.752,363115.53
549.34,2,storey_building,sandcrete_block,Central,standard,8822,1629.29,170.815,84.946,265504.39
384.75,2,storey_building,compressed_earth_block,Ashanti,premium,6813,1174.45,122.964,49.565,251054.61
337.54,3,storey_building,clay_brick,Greater Accra,premium,8570,1500.88,157.181,66.172,331977.2
337.22,1,storey_building,clay_brick,Eastern,standard,2757,488.5,51.175,22.661,82663.04
263.23,4,bungalow,sandcrete_block,Western,standard,8224,1493.57,156.568,76.573,235565.18
70.17,4,commercial_block,clay_brick,Ashanti,standard,2451,433.88,45.453,20.127,80686.17
255.91,3,warehouse,sandcrete_block,Northern,premium,6253,1122.81,117.645,53.554,216045.88
426.36,1,bungalow,sandcrete_block,Central,standard,3620,638.77,66.913,29.349,99112.81
479.3,4,warehouse,compressed_earth_block,Western,standard,18159,3139.57,328.738,134.41,452677.81
45.7,4,bungalow,compressed_earth_block,Greater Accra,standard,1740,297.18,31.107,12.006,49629.99
533.36,4,storey_building,compressed_earth_block,Eastern,premium,15779,2933.25,307.537,153.962,543679.83
292.99,3,storey_building,clay_brick,Greater Accra,standard,7846,1378.97,144.41,60.519,299877.09
299.03,4,storey_building,compressed_earth_block,Ashanti,standard,11063,1955.13,204.801,89.595,329834.71
595.47,3,warehouse,clay_brick,Western,standard,13394,2490.54,261.176,134.583,453408.59
187.04,1,warehouse,clay_brick,Eastern,standard,1536,273.04,28.608,13.024,51838.08
461.26,4,storey_building,clay_brick,Northern,standard,16094,2836.52,297.135,130.505,450258.08
373.58,3,warehouse,clay_brick,Eastern,premium,10330,1781.99,186.576,75.389,368034.5
453.4,3,storey_building,compressed_earth_block,Ashanti,standard,11279,2020.25,211.69,97.328,321911.52
68.3,1,bungalow,sandcrete_block,Eastern,standard,451,86.29,9.053,4.917,13754.95
400.99,3,warehouse,compressed_earth_block,Greater Accra,standard,10614,1862.8,195.118,84.542,333053.46
501.87,3,storey_building,clay_brick,Western,standard,13688,2356.49,246.699,97.73,472934.55
443.88,1,commercial_block,clay_brick,Eastern,standard,4163,719.57,75.347,30.934,125990.78
406.08,2,warehouse,compressed_earth_block,Central,standard,6273,1137.83,119.262,57.308,175086.97
548.27,4,bungalow,clay_brick,Eastern,standard,18546,3323.96,348.263,157.636,557429.3
154.82,1,bungalow,sandcrete_block,Greater Accra,standard,1286,226.94,23.768,10.123,44381.85
249.16,4,warehouse,clay_brick,Central,standard,9460,1649.18,172.714,72.845,277127.92
112.03,4,commercial_block,sandcrete_block,Ashanti,standard,3978,723.57,75.843,36.625,128562.36
374.87,1,warehouse,clay_brick,Western,standard,2806,517.85,54.302,27.703,92513.36
510.17,4,bungalow,sandcrete_block,Western,standard,15388,2714.11,284.301,124.039,456994.1
372.67,1,bungalow,clay_brick,Western,standard,2660,490.01,51.378,25.961,83407.57
181.82,2,commercial_block,clay_brick,Eastern,standard,2657,502.09,52.667,28.072,76370.41
200.12,4,warehouse,clay_brick,Northern,standard,7169,1243.4,130.211,54.448,204590.69
341.07,4,commercial_block,clay_brick,Greater Accra,standard,11147,2059.66,215.965,109.43,410305.55
398.11,4,warehouse,compressed_earth_block,Central,premium,15185,2710.99,284.043,128.769,508963.03
253.65,4,bungalow,clay_brick,Central,standard,9281,1609.98,168.574,68.677,268413.14
102.88,1,commercial_block,compressed_earth_block,Greater Accra,premium,794,148.1,15.534,8.194,34282.66
447.55,4,storey_building,compressed_earth_block,Northern,standard,16857,2997.64,314.089,143.263,398725.25
416.51,4,commercial_block,sandcrete_block,Northern,standard,14808,2623.65,274.869,123.097,423387.39
333.34,1,commercial_block,clay_brick,Central,standard,3038,529.92,55.492,23.05,94588.13
193.7,2,storey_building,compressed_earth_block,Central,standard,2911,550.37,57.737,31.225,80404.24
369.23,1,storey_building,clay_brick,Northern,standard,3005,537.24,56.284,25.165,92535.25
360.49,4,bungalow,compressed_earth_block,Western,standard,11133,2087.07,218.909,115.846,364705.72
386.68,3,warehouse,sandcrete_block,Central,premium,9279,1676.39,175.727,85.583,346360.69
497.07,2,bungalow,sandcrete_block,Northern,premium,9435,1614.16,168.973,66.121,273373.37
317.63,4,commercial_block,clay_brick,Central,standard,12558,2191.73,229.537,97.039,365640.83
345.71,1,bungalow,compressed_earth_block,Central,standard,3090,547.87,57.386,24.84,86834.15
40.15,3,storey_building,compressed_earth_block,Greater Accra,standard,866,159.4,16.711,8.252,29338.67
508.71,1,bungalow,clay_brick,Greater Accra,premium,4761,816.7,85.488,33.102,221607.96
207.87,1,bungalow,compressed_earth_block,Eastern,standard,1722,315.05,33.023,15.952,47691.68
352.24,1,warehouse,sandcrete_block,Western,standard,2827,502.0,52.592,23.456,80518.6
63.63,1,bungalow,sandcrete_block,Ashanti,standard,536,94.02,9.846,4.169,15295.32
449.16,2,bungalow,clay_brick,Greater Accra,standard,7393,1302.36,136.403,58.24,263198.45
110.44,4,warehouse,sandcrete_block,Northern,standard,3238,608.12,63.785,33.758,90143.03
158.54,1,commercial_block,compressed_earth_block,Central,standard,1134,208.46,21.856,10.937,29895.28
49.49,2,commercial_block,sandcrete_block,Greater Accra,standard,772,140.9,14.769,7.18,26434.24
443.22,4,storey_building,clay_brick,Ashanti,standard,15161,2745.34,287.722,136.035,472360.85
588.02,2,bungalow,sandcrete_block,Greater Accra,standard,9875,1802.34,188.927,91.763,363679.95
198.92,2,commercial_block,sandcrete_block,Central,standard,3373,612.13,64.164,31.065,103442.58
189.85,3,warehouse,sandcrete_block,Ashanti,standard,4292,802.14,84.131,44.26,128560.26
197.63,2,storey_building,compressed_earth_block,Eastern,standard,2923,547.18,57.398,30.756,87553.63
65.03,3,storey_building,sandcrete_block,Northern,standard,1626,289.28,30.306,13.559,45429.73
371.82,2,commercial_block,compressed_earth_block,Greater Accra,standard,6503,1141.79,119.588,51.237,209173.69
149.99,4,commercial_block,compressed_earth_block,Ashanti,standard,5645,980.77,102.702,42.516,149781.12
552.94,2,storey_building,compressed_earth_block,Ashanti,standard,10275,1776.09,185.965,75.642,290405.09
426.38,2,bungalow,clay_brick,Western,premium,7156,1285.44,134.685,61.312,272451.35
70.9,3,bungalow,clay_brick,Central,standard,2036,355.55,37.236,15.688,56859.58
510.14,4,commercial_block,compressed_earth_block,Western,standard,16053,2889.06,302.744,140.391,458661.78
409.76,2,storey_building,clay_brick,Ashanti,standard,7633,1327.59,139.011,56.992,231952.42
218.74,3,warehouse,sandcrete_block,Northern,standard,4501,837.03,87.774,44.99,108975.94
163.32,1,warehouse,clay_brick,Eastern,premium,1202,220.23,23.085,11.206,46485.46
345.85,1,bungalow,sandcrete_block,Western,standard,2915,515.99,54.057,24.102,88086.66
400.3,3,commercial_block,compressed_earth_block,Central,standard,9220,1684.67,176.607,86.793,246858.97
503.7,4,bungalow,clay_brick,Central,standard,14657,2721.66,285.399,146.095,455736.11
101.34,2,bungalow,sandcrete_block,Central,standard,1526,283.59,29.741,15.452,41963.39
90.13,1,warehouse,sandcrete_block,Western,standard,700,125.62,13.163,6.084,20353.86
330.78,4,storey_building,sandcrete_block,Ashanti,standard,10382,1857.69,194.666,90.195,340281.82
414.53,4,warehouse,clay_brick,Central,standard,14344,2549.38,267.068,118.185,459973.95
254.95,2,storey_building,clay_brick,Ashanti,standard,3671,668.95,70.123,34.173,122044.78
222.78,3,storey_building,compressed_earth_block,Eastern,standard,4994,903.18,94.658,44.851,125885.6
104.31,3,warehouse,clay_brick,Eastern,standard,2308,440.66,46.234,25.45,68825.53
382.44,4,bungalow,sandcrete_block,Northern,standard,11321,2077.33,217.769,106.938,327606.68
118.78,3,storey_building,compressed_earth_block,Greater Accra,standard,3129,549.19,57.528,25.176,89304.97
221.33,3,warehouse,sandcrete_block,Greater Accra,standard,5365,948.92,99.398,43.355,166348.2
136.71,1,storey_building,sandcrete_block,Greater Accra,standard,994,182.34,19.117,9.535,35270.8
594.65,2,warehouse,clay_brick,Western,standard,10145,1844.78,193.346,91.896,293943.81
481.29,2,warehouse,compressed_earth_block,Ashanti,standard,8659,1549.04,162.328,75.546,257082.68
459.17,3,warehouse,sandcrete_block,Eastern,standard,10025,1874.07,196.553,102.99,292168.09
179.87,4,warehouse,clay_brick,Central,standard,6943,1209.96,126.708,52.912,212623.62
302.66,3,storey_building,compressed_earth_block,Northern,standard,8344,1470.72,154.029,65.309,200913.31
149.94,1,storey_building,sandcrete_block,Ashanti,premium,1282,231.27,24.24,11.597,50925.94
569.11,4,commercial_block,clay_brick,Western,standard,18851,3430.33,359.595,175.863,583880.85
236.88,4,storey_building,compressed_earth_block,Central,standard,7150,1294.57,135.68,64.484,215744.74
516.95,4,commercial_block,sandcrete_block,Eastern,standard,14749,2715.15,284.675,142.823,438124.41
341.73,4,commercial_block,compressed_earth_block,Greater Accra,standard,9753,1843.11,193.319,102.215,333273.6
424.07,2,bungalow,clay_brick,Western,standard,7139,1260.39,132.016,56.987,215398.25
590.88,1,bungalow,sandcrete_block,Western,standard,4721,854.16,89.518,42.188,143279.88
554.26,4,commercial_block,sandcrete_block,Western,standard,19505,3468.78,363.413,162.914,601002.95
207.58,3,storey_building,clay_brick,Ashanti,standard,4394,812.87,85.229,42.918,154080.15
434.24,1,commercial_block,sandcrete_block,Central,standard,3796,668.33,70.008,30.586,100885.55
195.22,3,bungalow,sandcrete_block,Northern,standard,5286,928.85,97.279,41.243,141216.15
590.78,1,commercial_block,compressed_earth_block,Northern,standard,5010,890.44,93.295,42.253,137027.04
89.59,3,storey_building,compressed_earth_block,Central,standard,2451,435.56,45.633,20.543,62907.01
365.75,1,commercial_block,sandcrete_block,Ashanti,premium,2953,545.69,57.21,28.451,123680.91
431.62,3,warehouse,sandcrete_block,Greater Accra,standard,9452,1758.09,184.365,94.896,315946.16
390.49,2,storey_building,compressed_earth_block,Western,standard,6456,1154.11,120.944,56.38,183540.58
165.41,4,commercial_block,clay_brick,Northern,standard,6295,1094.1,114.563,46.957,165841.75
315.91,2,commercial_block,clay_brick,Central,standard,4959,894.92,93.794,44.536,156993.7
374.07,3,warehouse,compressed_earth_block,Western,standard,10564,1844.61,193.177,81.209,272759.26
148.77,4,bungalow,sandcrete_block,Ashanti,standard,5309,928.58,97.247,40.917,151612.63
475.88,1,storey_building,compressed_earth_block,Eastern,standard,4465,763.97,79.976,31.465,113431.7
467.36,1,warehouse,clay_brick,Greater Accra,standard,3350,619.39,64.943,32.688,134324.42
447.33,3,commercial_block,sandcrete_block,Greater Accra,standard,10811,1949.72,204.345,97.099,380850.53
179.88,4,bungalow,clay_brick,Eastern,premium,6002,1076.28,112.779,51.968,241407.15
186.03,4,warehouse,clay_brick,Central,premium,6944,1222.99,128.104,55.648,254464.89
357.39,4,bungalow,sandcrete_block,Greater Accra,standard,12687,2210.52,231.491,96.925,419604.74
308.25,1,warehouse,compressed_earth_block,Northern,premium,2835,495.26,51.869,21.988,90276.44
152.65,1,warehouse,compressed_earth_block,Ashanti,premium,1135,205.29,21.516,10.2,43183.19
335.29,3,storey_building,sandcrete_block,Central,standard,6926,1295.8,135.908,71.46,196011.02
527.96,4,warehouse,sandcrete_block,Eastern,premium,18256,3263.68,341.961,155.772,634708.73
585.13,1,storey_building,clay_brick,Ashanti,standard,4257,784.36,82.238,41.272,148621.82
415.88,3,bungalow,compressed_earth_block,Ashanti,standard,10157,1810.56,189.678,84.41,304915.55
497.13,3,bungalow,compressed_earth_block,Central,standard,13839,2400.41,251.331,102.025,371374.25
512.79,4,storey_building,compressed_earth_block,Northern,standard,18302,3247.32,340.16,148.826,435582.02
149.76,2,storey_building,sandcrete_block,Northern,premium,2998,509.73,53.358,20.776,94516.47
490.57,4,bungalow,compressed_earth_block,Ashanti,standard,15407,2797.12,293.193,141.722,451405.43
130.69,1,bungalow,clay_brick,Ashanti,standard,906,171.03,17.939,9.506,33025.32
213.71,4,bungalow,sandcrete_block,Western,standard,6645,1199.19,125.674,59.013,202204.24
541.61,4,bungalow,compressed_earth_block,Ashanti,standard,16120,2924.76,306.505,143.443,470536.84
269.4,1,storey_building,clay_brick,Northern,standard,2151,394.03,41.303,20.017,61421.1
591.95,2,commercial_block,sandcrete_block,Ashanti,standard,10191,1824.65,191.185,87.212,301438.15
210.75,2,commercial_block,clay_brick,Eastern,standard,3425,616.64,64.62,30.078,107332.52
72.43,2,warehouse,sandcrete_block,Northern,premium,1101,201.9,21.167,10.506,38959.44
354.78,3,bungalow,compressed_earth_block,Western,standard,9087,1617.89,169.487,74.971,263187.26
336.65,4,warehouse,clay_brick,Eastern,premium,10909,1983.14,207.862,99.797,398971.5
93.41,3,warehouse,clay_brick,Eastern,standard,2435,423.7,44.364,18.085,69289.04
106.32,4,storey_building,sandcrete_block,Greater Accra,premium,3310,606.6,63.601,31.995,134714.83
152.37,1,bungalow,compressed_earth_block,Northern,standard,1095,207.38,21.755,11.753,27185.6
501.47,1,commercial_block,clay_brick,Eastern,premium,4367,765.05,80.122,33.823,159237.8
175.86,3,bungalow,clay_brick,Eastern,premium,4967,863.44,90.412,37.175,173378.75
357.49,3,commercial_block,compressed_earth_block,Northern,premium,8564,1565.85,164.143,80.129,259012.71
70.96,1,storey_building,compressed_earth_block,Central,standard,552,99.18,10.393,4.854,16098.88
423.16,3,commercial_block,sandcrete_block,Eastern,standard,11080,1973.72,206.798,93.942,293271.84
329.12,4,commercial_block,sandcrete_block,Central,standard,10048,1829.02,191.722,93.045,312196.29
244.14,1,warehouse,sandcrete_block,Ashanti,standard,1861,343.66,36.034,18.282,60665.27
127.38,1,warehouse,compressed_earth_block,Western,standard,1203,207.37,21.709,8.605,32868.88
123.74,1,warehouse,sandcrete_block,Eastern,standard,1076,194.43,20.374,9.434,28551.84
40.5,4,bungalow,compressed_earth_block,Western,standard,1426,257.71,27.009,12.776,40711.3
160.92,3,commercial_block,sandcrete_block,Central,standard,3782,680.4,71.291,32.476,104453.28
298.27,3,storey_building,sandcrete_block,Central,standard,7109,1260.12,132.017,59.067,216312.44
449.6,2,warehouse,sandcrete_block,Western,standard,6938,1245.2,130.5,61.657,223737.09
494.06,2,commercial_block,sandcrete_block,Eastern,standard,8697,1531.54,160.445,71.274,244792.05
185.95,4,commercial_block,sandcrete_block,Greater Accra,premium,5630,1037.23,108.749,54.462,236415.42
275.55,1,storey_building,sandcrete_block,Central,standard,2454,434.4,45.512,20.457,70514.42
424.54,2,warehouse,compressed_earth_block,Central,standard,6966,1240.76,129.983,57.687,200245.6
52.68,4,storey_building,clay_brick,Central,standard,1730,313.67,32.876,15.645,55331.92
103.02,3,bungalow,compressed_earth_block,Central,premium,2797,492.49,51.587,22.424,97935.71
455.81,2,warehouse,sandcrete_block,Greater Accra,premium,7607,1364.61,142.985,65.412,330969.9
463.4,1,storey_building,clay_brick,Western,standard,3993,701.69,73.489,31.217,124648.17
551.45,4,bungalow,sandcrete_block,Greater Accra,standard,18320,3226.24,337.932,146.525,605811.63
321.65,1,commercial_block,compressed_earth_block,Ashanti,standard,2759,504.31,52.863,25.666,75963.47
245.84,2,commercial_block,sandcrete_block,Northern,standard,3409,620.84,65.076,31.451,102468.74
554.86,3,commercial_block,sandcrete_block,Greater Accra,premium,15762,2720.67,284.834,113.523,651992.06
512.57,4,commercial_block,clay_brick,Western,premium,15698,2860.95,299.827,141.009,646540.87
410.93,4,commercial_block,clay_brick,Ashanti,standard,12324,2261.67,237.131,119.122,434168.93
574.94,2,bungalow,sandcrete_block,Western,standard,9586,1705.55,178.687,80.201,276058.83
534.1,4,commercial_block,sandcrete_block,Central,standard,20378,3564.45,373.332,160.043,571899.74
486.94,2,commercial_block,compressed_earth_block,Greater Accra,standard,7903,1423.66,149.198,70.036,259425.74
430.78,3,warehouse,clay_brick,Eastern,standard,10519,1914.33,200.637,95.462,290457.81
150.25,4,warehouse,clay_brick,Ashanti,standard,4322,817.81,85.788,46.086,160755.94
179.8,4,bungalow,sandcrete_block,Central,standard,5824,1022.11,107.049,45.585,151984.87
282.81,4,storey_building,clay_brick,Central,premium,9540,1736.58,182.014,87.063,362397.61
316.45,3,warehouse,compressed_earth_block,Eastern,standard,7828,1386.76,145.281,64.686,219919.43
112.12,3,storey_building,clay_brick,Western,standard,2394,447.98,46.983,24.537,83656.19
52.31,3,commercial_block,compressed_earth_block,Northern,standard,1203,216.96,22.735,10.512,29575.46
273.15,1,warehouse,sandcrete_block,Eastern,standard,2034,374.42,39.258,19.803,58436.31
472.75,4,commercial_block,compressed_earth_block,Western,standard,15131,2754.46,288.715,139.113,392574.73
88.97,1,commercial_block,compressed_earth_block,Greater Accra,premium,814,145.85,15.281,6.907,31104.95
484.65,3,bungalow,sandcrete_block,Ashanti,standard,11153,2058.27,215.764,105.526,382900.97
193.73,2,commercial_block,compressed_earth_block,Central,standard,3825,670.15,70.187,29.879,99115.5
467.97,1,warehouse,clay_brick,Central,premium,4067,716.2,75.015,32.236,147259.79
327.39,2,bungalow,sandcrete_block,Eastern,premium,5772,1041.23,109.108,50.456,223681.01
398.57,4,commercial_block,clay_brick,Northern,premium,13705,2435.7,255.195,115.413,435647.84
504.15,2,commercial_block,clay_brick,Ashanti,standard,8606,1578.77,165.494,80.552,282278.85
267.64,2,commercial_block,clay_brick,Greater Accra,standard,5110,898.28,94.095,41.091,181452.72
126.63,2,commercial_block,sandcrete_block,Northern,standard,2067,364.11,38.136,16.35,55064.89
40.09,2,bungalow,clay_brick,Greater Accra,standard,722,128.12,13.421,5.909,26622.97
502.99,1,storey_building,clay_brick,Greater Accra,standard,4928,826.39,86.465,30.839,170478.9
93.49,2,commercial_block,compressed_earth_block,Greater Accra,standard,1604,281.86,29.528,13.131,54178.14
335.85,4,commercial_block,clay_brick,Western,standard,9647,1785.02,187.167,94.837,326415.12
383.92,2,warehouse,compressed_earth_block,Greater Accra,standard,7281,1260.47,131.982,54.07,233410.18
594.08,2,bungalow,sandcrete_block,Western,premium,8253,1563.81,164.037,87.689,310559.48
261.11,3,storey_building,clay_brick,Central,standard,5614,1042.09,109.273,55.715,166018.78
407.28,4,bungalow,clay_brick,Central,standard,14260,2565.71,268.853,124.11,441556.2
569.16,3,bungalow,sandcrete_block,Northern,standard,15063,2637.87,276.242,115.473,373426.79
129.99,4,bungalow,sandcrete_block,Greater Accra,standard,5160,878.39,91.95,35.872,168160.29
168.02,3,warehouse,sandcrete_block,Greater Accra,premium,3989,698.13,73.122,31.462,157786.84
380.92,1,warehouse,clay_brick,Greater Accra,standard,2638,487.63,51.127,25.695,104571.41
76.51,3,bungalow,clay_brick,Eastern,standard,1687,310.69,32.573,16.182,50278.48
43.37,1,commercial_block,sandcrete_block,Northern,standard,334,59.73,6.259,2.875,8703.4
441.59,1,storey_building,sandcrete_block,Central,standard,3512,648.34,67.98,34.399,105673.33
220.22,3,commercial_block,clay_brick,Ashanti,premium,4953,891.03,93.373,43.451,201273.69
367.39,2,warehouse,sandcrete_block,Central,standard,5909,1091.33,114.423,57.459,167318.64
267.45,1,commercial_block,compressed_earth_block,Ashanti,standard,2105,378.01,39.617,18.775,56766.37
356.86,2,storey_building,compressed_earth_block,Western,standard,5337,972.02,101.891,49.536,156007.14
506.22,4,bungalow,compressed_earth_block,Ashanti,premium,17021,3018.03,316.181,141.092,626992.07
96.25,3,bungalow,sandcrete_block,Greater Accra,standard,1998,385.27,40.432,22.912,73382.63
361.61,2,bungalow,clay_brick,Ashanti,standard,6274,1111.46,116.43,51.171,207628.22
304.46,1,storey_building,sandcrete_block,Western,premium,2379,435.14,45.624,22.916,96958.06
68.06,3,warehouse,compressed_earth_block,Eastern,standard,1654,304.51,31.921,15.597,47017.17
539.0,3,commercial_block,sandcrete_block,Greater Accra,premium,13249,2333.8,244.471,107.225,566757.93
139.12,1,commercial_block,sandcrete_block,Northern,standard,1246,217.64,22.794,9.749,31609.13
455.94,2,warehouse,compressed_earth_block,Ashanti,standard,8308,1465.84,153.571,68.827,254927.36
348.36,3,storey_building,compressed_earth_block,Greater Accra,standard,9858,1738.12,182.054,78.536,332535.24
516.05,4,commercial_block,clay_brick,Ashanti,standard,16775,3039.66,318.594,152.517,563993.65
188.35,2,bungalow,compressed_earth_block,Central,standard,3538,619.53,64.884,27.473,88260.59
316.87,3,storey_building,compressed_earth_block,Northern,standard,8823,1522.8,159.433,64.015,206173.77
291.12,2,storey_building,clay_brick,Eastern,standard,4475,781.34,81.822,34.12,134405.57
459.0,2,commercial_block,clay_brick,Western,standard,7579,1401.16,146.904,73.443,223156.55
502.9,4,storey_building,clay_brick,Eastern,standard,18764,3278.04,343.282,143.526,531734.49
319.1,2,storey_building,clay_brick,Western,standard,6241,1097.4,114.946,49.771,195652.09
322.8,1,warehouse,clay_brick,Northern,standard,2948,510.09,53.404,21.373,82673.39
63.58,3,warehouse,clay_brick,Eastern,standard,1642,294.65,30.879,14.465,47999.62
80.93,2,warehouse,clay_brick,Central,premium,1543,267.18,27.975,11.355,54786.14
61.91,1,bungalow,clay_brick,Ashanti,standard,574,101.57,10.639,4.624,17376.15
544.62,2,storey_building,sandcrete_block,Ashanti,standard,9158,1640.78,171.918,78.407,283692.51
177.53,3,bungalow,compressed_earth_block,Central,standard,4958,860.44,90.095,36.848,126070.04
271.57,4,storey_building,clay_brick,Greater Accra,standard,10132,1778.46,186.26,79.057,356217.4
174.3,4,commercial_block,sandcrete_block,Greater Accra,standard,4918,908.23,95.232,48.275,168830.51
355.18,4,storey_building,clay_brick,Northern,standard,12420,2199.16,230.385,102.302,349761.67
231.15,3,commercial_block,compressed_earth_block,Western,premium,6855,1188.56,124.467,51.946,221362.76
408.18,3,storey_building,compressed_earth_block,Ashanti,standard,8829,1650.78,173.128,90.246,263409.89
374.82,1,warehouse,compressed_earth_block,Eastern,standard,3360,603.05,63.198,29.57,87823.37
271.56,3,bungalow,compressed_earth_block,Ashanti,standard,6534,1173.13,122.927,56.642,186039.91
76.85,1,storey_building,compressed_earth_block,Greater Accra,standard,684,121.15,12.693,5.741,22967.01
287.41,3,warehouse,clay_brick,Greater Accra,standard,6340,1156.0,121.172,58.633,245747.62
209.17,1,commercial_block,compressed_earth_block,Ashanti,standard,1652,303.66,31.839,16.09,51312.8
280.03,2,bungalow,clay_brick,Greater Accra,standard,4527,805.13,84.342,37.148,176028.09
472.06,1,storey_building,sandcrete_block,Eastern,standard,4121,726.31,76.078,33.037,112469.94
290.36,2,storey_building,sandcrete_block,Eastern,standard,5070,920.67,96.491,45.708,148156.1
196.95,4,warehouse,compressed_earth_block,Northern,premium,6640,1199.78,125.732,58.782,226737.92
283.66,2,commercial_block,sandcrete_block,Greater Accra,premium,4441,810.61,84.983,42.165,195317.32
323.06,1,bungalow,clay_brick,Northern,standard,2771,490.82,51.41,22.257,81117.43
439.07,4,storey_building,compressed_earth_block,Eastern,standard,15465,2788.97,292.269,136.435,417848.27
52.18,4,bungalow,sandcrete_block,Eastern,premium,1828,324.56,34.0,15.091,60096.13
275.96,4,storey_building,sandcrete_block,Greater Accra,standard,9077,1630.64,170.872,79.09,302581.93
332.54,3,commercial_block,sandcrete_block,Western,standard,7193,1323.2,138.736,69.802,212501.17
154.7,3,warehouse,sandcrete_block,Western,premium,3817,691.35,72.456,34.238,141082.93
357.0,1,commercial_block,sandcrete_block,Greater Accra,standard,3251,565.58,59.234,25.13,105289.01
135.49,2,warehouse,sandcrete_block,Western,standard,2229,399.94,41.902,18.893,65190.82
540.4,2,storey_building,sandcrete_block,Greater Accra,premium,10276,1796.8,188.152,77.813,415250.26
263.42,1,warehouse,clay_brick,Eastern,standard,2342,413.85,43.349,18.811,63855.16
325.6,4,commercial_block,sandcrete_block,Greater Accra,standard,10229,1861.74,195.166,95.638,339400.63
507.14,4,storey_building,compressed_earth_block,Central,standard,17711,3112.43,325.976,138.877,486189.43
371.5,3,commercial_block,compressed_earth_block,Greater Accra,premium,9044,1629.07,170.702,78.578,353434.27
522.26,3,bungalow,compressed_earth_block,Central,standard,14183,2463.06,257.94,108.106,344293.39
471.74,4,warehouse,sandcrete_block,Ashanti,standard,17497,3014.6,315.639,128.096,496980.73
282.56,2,commercial_block,sandcrete_block,Central,standard,4346,801.19,84.001,42.08,125447.39
242.66,3,bungalow,clay_brick,Central,premium,6637,1180.09,123.628,54.968,266289.67
556.47,2,bungalow,sandcrete_block,Central,standard,8973,1628.99,170.747,82.367,263142.05
235.99,4,storey_building,sandcrete_block,Ashanti,standard,8510,1494.02,156.48,67.097,239554.31
193.33,3,commercial_block,clay_brick,Western,standard,4666,815.32,85.38,35.55,137168.95
470.96,2,commercial_block,compressed_earth_block,Eastern,premium,8791,1540.53,161.37,70.469,310844.91
241.25,1,warehouse,clay_brick,Eastern,premium,1972,363.93,38.155,19.023,83574.78
589.73,4,warehouse,compressed_earth_block,Eastern,standard,20643,3741.4,392.114,185.518,587458.85
64.74,3,commercial_block,clay_brick,Ashanti,standard,1338,255.24,26.781,14.825,45665.65
587.22,1,bungalow,clay_brick,Ashanti,standard,5521,955.67,100.055,40.063,175737.48
270.83,2,bungalow,sandcrete_block,Ashanti,standard,3645,705.45,74.029,41.661,128580.98
46.72,3,commercial_block,compressed_earth_block,Eastern,premium,1173,211.15,22.129,10.431,38554.37
337.06,3,warehouse,sandcrete_block,Western,standard,8770,1538.47,161.122,68.135,270219.52
158.19,3,bungalow,compressed_earth_block,Western,standard,3220,622.19,65.297,37.09,101375.19
355.92,3,warehouse,clay_brick,Central,standard,7950,1504.24,157.814,86.084,262387.05
161.53,3,warehouse,compressed_earth_block,Greater Accra,standard,3574,650.43,68.169,32.344,113277.67
583.39,3,warehouse,sandcrete_block,Greater Accra,standard,15874,2796.73,292.963,128.416,518436.87
94.21,3,storey_building,compressed_earth_block,Eastern,standard,2149,393.18,41.222,20.587,61624.75
318.45,4,storey_building,clay_brick,Northern,premium,11120,1978.03,207.244,93.753,393309.64
558.26,3,warehouse,clay_brick,Eastern,standard,11655,2193.26,230.05,121.951,353658.1
103.64,3,bungalow,clay_brick,Eastern,standard,2680,474.5,49.71,22.162,79831.83
535.99,3,storey_building,clay_brick,Eastern,standard,14718,2549.49,266.947,108.798,474179.39
376.36,2,warehouse,compressed_earth_block,Ashanti,standard,5917,1073.5,112.509,53.39,166964.13
66.31,1,warehouse,compressed_earth_block,Greater Accra,standard,549,96.44,10.102,4.376,18379.1
334.03,4,warehouse,compressed_earth_block,Northern,standard,9515,1760.23,184.551,92.348,254352.27
474.69,2,bungalow,compressed_earth_block,Eastern,standard,7693,1397.92,146.502,68.904,208227.0
517.42,1,bungalow,compressed_earth_block,Ashanti,standard,4199,765.65,80.252,38.579,127615.26
492.95,2,warehouse,sandcrete_block,Central,premium,7229,1314.7,137.827,68.019,250131.65
213.08,3,commercial_block,compressed_earth_block,Ashanti,standard,5221,918.76,96.227,41.132,154630.82
201.62,1,warehouse,compressed_earth_block,Northern,premium,1658,306.6,32.147,16.221,51374.22
411.13,4,bungalow,compressed_earth_block,Ashanti,standard,12153,2223.77,233.131,115.243,376030.69
139.28,2,commercial_block,sandcrete_block,Greater Accra,standard,2243,408.23,42.791,20.7,74971.46
185.02,2,storey_building,compressed_earth_block,Western,premium,2844,522.14,54.737,26.871,94547.68
581.96,1,warehouse,clay_brick,Ashanti,standard,4071,776.49,81.477,45.341,134592.96
152.15,4,bungalow,clay_brick,Central,standard,5705,1007.58,105.542,46.004,182741.55
489.67,2,storey_building,sandcrete_block,Central,standard,9197,1621.23,169.832,74.801,252808.07
72.23,4,storey_building,clay_brick,Central,standard,2412,423.47,44.353,18.969,74305.67
238.97,3,storey_building,sandcrete_block,Western,standard,5289,976.08,102.349,52.019,164452.18
253.55,2,commercial_block,sandcrete_block,Northern,standard,4786,825.0,86.385,35.33,119126.09
74.7,2,storey_building,sandcrete_block,Northern,standard,1135,206.32,21.626,10.424,26424.8
510.13,1,bungalow,compressed_earth_block,Greater Accra,standard,4189,752.52,78.851,36.151,124183.61
158.88,1,bungalow,clay_brick,Greater Accra,standard,1206,221.3,23.201,11.536,44059.58
451.23,1,warehouse,compressed_earth_block,Western,standard,4197,730.96,76.551,32.274,108939.63
433.34,4,bungalow,sandcrete_block,Western,standard,12537,2408.0,252.692,142.169,391513.43
457.02,3,commercial_block,compressed_earth_block,Greater Accra,standard,9901,1861.73,195.263,102.557,365944.65
532.03,2,warehouse,sandcrete_block,Central,standard,9650,1726.46,180.905,83.116,253627.1
500.65,3,storey_building,clay_brick,Greater Accra,standard,13480,2349.03,245.971,101.262,502209.06
323.57,1,bungalow,compressed_earth_block,Northern,premium,2576,465.95,48.841,23.622,82006.52
286.21,3,bungalow,compressed_earth_block,Eastern,standard,7526,1319.21,138.158,58.364,181952.21
154.84,1,bungalow,sandcrete_block,Central,standard,1333,234.47,24.556,10.416,37867.89
256.32,1,storey_building,compressed_earth_block,Western,standard,1844,336.29,35.247,16.885,48269.75
555.72,4,bungalow,sandcrete_block,Northern,standard,16607,3085.33,323.534,165.524,461821.83
352.88,1,warehouse,clay_brick,Western,standard,3133,547.79,57.382,25.143,95611.34
393.94,4,bungalow,sandcrete_block,Northern,standard,14209,2569.03,269.253,127.938,391391.28
230.7,3,storey_building,clay_brick,Western,standard,5001,932.76,97.81,49.939,171277.09
508.8,2,warehouse,clay_brick,Northern,premium,9246,1595.83,167.083,67.339,324425.51
98.65,3,commercial_block,sandcrete_block,Western,premium,2832,487.17,51.004,20.418,96197.27
269.77,3,warehouse,sandcrete_block,Northern,standard,7360,1293.51,135.497,59.342,193585.52
394.66,4,commercial_block,compressed_earth_block,Western,standard,11584,2100.23,220.158,107.286,314819.02
84.76,4,bungalow,compressed_earth_block,Greater Accra,premium,2567,459.22,48.109,21.474,110489.85
537.83,3,bungalow,clay_brick,Central,standard,12710,2281.96,239.158,113.121,420779.71
272.75,1,storey_building,sandcrete_block,Ashanti,premium,2314,426.74,44.742,22.399,82215.54
460.06,2,commercial_block,clay_brick,Northern,premium,7732,1359.82,142.439,62.092,282027.88
350.42,1,bungalow,sandcrete_block,Ashanti,standard,3109,560.85,58.776,27.547,97923.68
94.14,3,storey_building,clay_brick,Eastern,standard,2245,400.42,41.95,18.762,63736.84
493.38,4,bungalow,sandcrete_block,Northern,standard,17321,3118.09,326.758,152.436,458969.18
435.12,4,commercial_block,compressed_earth_block,Central,standard,16215,2831.18,296.49,124.234,403785.44
85.53,4,bungalow,clay_brick,Greater Accra,premium,2531,468.74,49.151,24.988,110926.32
441.72,4,warehouse,clay_brick,Central,standard,15521,2767.34,289.984,134.04,465393.95
438.46,3,warehouse,compressed_earth_block,Greater Accra,standard,12063,2110.39,221.006,92.527,392901.97
518.95,2,bungalow,clay_brick,Ashanti,standard,9706,1697.24,177.757,75.66,318840.52
289.53,2,warehouse,clay_brick,Central,standard,5139,911.8,95.517,42.103,165024.02
432.55,1,bungalow,compressed_earth_block,Eastern,standard,3949,695.55,72.854,31.548,98833.66
224.72,4,storey_building,clay_brick,Central,premium,7769,1379.63,144.521,63.451,296671.36
364.55,1,storey_building,sandcrete_block,Ashanti,standard,2768,494.75,51.838,23.542,92664.43
126.4,3,warehouse,sandcrete_block,Central,premium,3413,602.76,63.134,27.197,117345.36
577.39,3,warehouse,sandcrete_block,Central,standard,14647,2573.34,269.54,116.558,399700.09
522.53,1,bungalow,sandcrete_block,Western,standard,4906,863.94,90.488,38.84,140752.64
256.85,3,storey_building,compressed_earth_block,Ashanti,standard,5383,1014.44,106.395,55.792,164976.65
68.76,2,bungalow,sandcrete_block,Central,premium,992,185.19,19.42,9.975,36144.99
96.63,1,bungalow,compressed_earth_block,Northern,standard,908,158.9,16.642,7.064,21543.68
461.58,2,bungalow,clay_brick,Ashanti,premium,8470,1485.16,155.543,66.057,331952.03
525.45,1,storey_building,sandcrete_block,Central,standard,5153,897.47,93.987,39.473,150716.18
380.43,2,bungalow,compressed_earth_block,Greater Accra,standard,5484,1018.13,106.753,53.967,179421.08
509.66,2,warehouse,compressed_earth_block,Northern,standard,7421,1374.79,144.174,74.541,191280.53
211.92,1,commercial_block,clay_brick,Eastern,premium,1558,289.02,30.31,15.693,62748.99
185.27,3,bungalow,sandcrete_block,Central,standard,4532,814.18,85.322,39.895,126443.96
198.97,1,warehouse,clay_brick,Ashanti,premium,1738,309.29,32.402,14.412,75865.56
252.78,1,bungalow,clay_brick,Central,premium,2235,387.98,40.623,16.487,82995.7
108.16,1,bungalow,clay_brick,Ashanti,premium,776,142.63,14.954,7.472,32144.38
89.17,1,bungalow,sandcrete_block,Eastern,standard,650,118.91,12.464,6.053,17801.02
205.63,4,bungalow,clay_brick,Central,standard,6755,1238.6,129.861,64.984,201895.08
196.94,2,bungalow,sandcrete_block,Eastern,standard,3553,634.63,66.489,29.893,100146.69
578.23,2,commercial_block,sandcrete_block,Western,premium,10420,1853.99,194.241,87.363,406875.95
539.75,2,storey_building,compressed_earth_block,Northern,standard,8191,1503.05,157.577,78.182,206245.2
92.58,4,warehouse,sandcrete_block,Western,standard,3482,608.38,63.714,26.862,108415.8
104.25,3,warehouse,clay_brick,Western,premium,2753,489.34,51.269,23.173,108919.26
45.52,1,warehouse,clay_brick,Greater Accra,standard,385,67.42,7.061,3.018,13482.78
400.25,4,warehouse,clay_brick,Northern,standard,13499,2483.29,260.38,131.689,364123.03
57.45,3,commercial_block,sandcrete_block,Northern,standard,1483,265.42,27.807,12.452,37925.36
532.56,1,commercial_block,sandcrete_block,Northern,standard,3882,723.48,75.872,39.288,109607.72
123.55,2,bungalow,sandcrete_block,Eastern,standard,2261,399.59,41.856,18.214,61891.52
161.28,1,bungalow,compressed_earth_block,Central,standard,1411,250.75,26.267,11.512,37931.73
210.67,3,commercial_block,sandcrete_block,Western,standard,5715,987.8,103.414,41.106,164813.34
224.79,3,commercial_block,clay_brick,Northern,standard,6468,1133.27,118.691,50.529,186251.91
307.94,1,commercial_block,sandcrete_block,Central,standard,2455,439.86,46.095,21.496,76272.56
432.21,4,warehouse,clay_brick,Central,standard,15259,2650.3,277.481,111.616,445492.62
44.74,1,warehouse,compressed_earth_block,Northern,premium,361,65.0,6.811,3.19,11292.99
362.25,3,storey_building,sandcrete_block,Eastern,premium,8040,1455.07,152.483,71.195,290136.11
334.33,2,commercial_block,sandcrete_block,Greater Accra,standard,6299,1091.85,114.33,47.095,207989.41
50.42,3,warehouse,compressed_earth_block,Ashanti,standard,1113,204.28,21.417,10.658,32932.57
87.86,3,commercial_block,compressed_earth_block,Central,standard,2321,416.28,43.617,19.873,60439.8
148.63,2,bungalow,compressed_earth_block,Greater Accra,standard,2701,469.52,49.171,20.722,89278.23
70.26,1,commercial_block,sandcrete_block,Central,standard,631,112.62,11.798,5.284,18730.93
95.62,3,storey_building,clay_brick,Central,standard,2770,472.48,49.451,18.744,82823.57
92.04,2,commercial_block,sandcrete_block,Greater Accra,standard,1280,242.2,25.408,13.712,44487.9
539.72,3,warehouse,sandcrete_block,Central,standard,11706,2190.51,229.724,119.171,346032.19
453.69,2,commercial_block,clay_brick,Central,standard,8027,1430.45,149.852,66.345,252290.37
102.2,4,warehouse,sandcrete_block,Western,standard,3661,655.67,68.705,31.663,108300.72
293.73,1,storey_building,compressed_earth_block,Greater Accra,standard,2622,469.7,49.214,22.402,82705.9
207.76,1,bungalow,clay_brick,Western,premium,1569,289.57,30.359,15.075,66545.31
77.32,3,warehouse,clay_brick,Western,standard,1761,320.36,33.583,16.451,60713.31
262.72,1,commercial_block,compressed_earth_block,Greater Accra,standard,2355,417.58,43.741,19.127,72244.57
348.59,4,bungalow,clay_brick,Central,standard,12786,2258.28,236.583,105.323,391206.4
390.1,2,commercial_block,clay_brick,Western,standard,6781,1190.35,124.689,54.454,198764.71
229.01,3,commercial_block,clay_brick,Northern,standard,5598,1029.75,107.965,54.05,154881.41
581.69,1,commercial_block,sandcrete_block,Western,standard,5080,890.78,93.283,38.93,157324.08
236.6,2,commercial_block,sandcrete_block,Northern,standard,4356,763.04,79.918,34.208,99951.86
403.08,1,warehouse,compressed_earth_block,Greater Accra,standard,3621,627.59,65.715,27.018,115183.48
117.17,2,bungalow,clay_brick,Ashanti,premium,2205,379.35,39.717,15.952,84961.95
80.17,3,storey_building,compressed_earth_block,Greater Accra,standard,1999,355.33,37.222,16.367,57228.43
428.19,3,storey_building,compressed_earth_block,Central,standard,11413,1991.33,208.507,85.163,334711.61
102.18,4,commercial_block,clay_brick,Central,premium,3293,588.03,61.619,28.506,126292.63
288.33,3,warehouse,compressed_earth_block,Northern,standard,8762,1471.92,154.022,55.982,178090.66
85.57,4,bungalow,compressed_earth_block,Greater Accra,standard,2722,488.57,51.197,23.726,87328.87
431.04,3,storey_building,clay_brick,Greater Accra,premium,11772,2083.82,218.321,98.29,565115.3
378.96,2,storey_building,sandcrete_block,Eastern,standard,6177,1121.71,117.572,56.468,168917.94
394.5,2,storey_building,compressed_earth_block,Greater Accra,standard,7252,1283.39,134.444,59.338,238671.06
245.73,2,warehouse,clay_brick,Central,standard,4327,770.21,80.694,36.315,138817.35
363.69,2,commercial_block,sandcrete_block,Greater Accra,standard,6166,1104.73,115.749,52.599,215518.73
83.82,1,warehouse,sandcrete_block,Greater Accra,premium,594,114.16,11.981,6.766,27875.5
481.21,2,bungalow,compressed_earth_block,Ashanti,standard,6913,1283.53,134.579,67.862,203167.04
146.3,2,warehouse,compressed_earth_block,Central,standard,2198,394.54,41.346,19.294,56566.33
545.21,1,storey_building,sandcrete_block,Western,premium,4607,825.66,86.515,39.745,171307.0
529.59,1,warehouse,clay_brick,Ashanti,standard,3688,680.75,71.374,35.752,113263.27
387.76,2,bungalow,sandcrete_block,Eastern,standard,6661,1188.74,124.54,55.798,168284.44
561.99,1,commercial_block,sandcrete_block,Eastern,standard,4865,877.9,91.999,42.904,133712.78
459.95,3,bungalow,compressed_earth_block,Northern,premium,9931,1829.86,191.848,95.737,311940.69
195.25,1,storey_building,sandcrete_block,Central,premium,1781,319.32,33.459,15.345,58530.95
470.36,3,bungalow,compressed_earth_block,Greater Accra,standard,12353,2216.72,232.284,107.291,390632.74
73.44,3,storey_building,clay_brick,Greater Accra,premium,1605,301.6,31.638,16.984,81238.72
201.62,3,bungalow,sandcrete_block,Eastern,standard,5790,1007.73,105.534,44.268,155703.32
52.03,4,bungalow,compressed_earth_block,Greater Accra,standard,2020,347.22,36.351,14.442,64417.28
126.37,1,warehouse,compressed_earth_block,Ashanti,standard,859,164.3,17.238,9.477,27729.18
171.34,3,bungalow,sandcrete_block,Central,standard,4112,747.17,78.316,37.735,126727.28
302.11,4,warehouse,clay_brick,Eastern,standard,10025,1796.68,188.239,84.832,288141.38
74.04,1,warehouse,clay_brick,Western,standard,615,108.87,11.404,4.976,17912.15
324.09,1,bungalow,sandcrete_block,Greater Accra,premium,2548,458.24,48.022,22.473,108657.56
595.68,4,bungalow,clay_brick,Eastern,standard,21795,3857.18,404.073,178.854,601988.23
59.48,1,warehouse,compressed_earth_block,Greater Accra,standard,527,93.55,9.801,4.408,17851.72
326.66,1,bungalow,sandcrete_block,Eastern,standard,2502,450.61,47.222,22.122,72836.78
109.21,1,storey_building,clay_brick,Central,standard,929,166.84,17.483,8.092,28268.99
590.79,3,commercial_block,sandcrete_block,Greater Accra,standard,15851,2756.42,288.656,120.663,508390.62
410.18,1,commercial_block,sandcrete_block,Eastern,standard,3445,616.59,64.605,29.398,99879.83
186.54,3,bungalow,sandcrete_block,Northern,standard,4805,856.5,89.735,40.392,129766.28
78.31,2,storey_building,compressed_earth_block,Eastern,standard,1141,209.37,21.948,10.708,31866.42
327.65,3,commercial_block,clay_brick,Western,standard,8224,1491.63,156.358,76.039,244123.79
249.74,4,storey_building,clay_brick,Ashanti,standard,7385,1370.68,143.729,73.326,258251.11
223.35,2,commercial_block,clay_brick,Western,standard,3808,682.34,71.498,32.801,121570.84
81.53,3,warehouse,compressed_earth_block,Northern,standard,2121,378.54,39.661,17.929,53015.05
269.13,2,bungalow,sandcrete_block,Ashanti,premium,4888,859.64,90.046,39.3,194740.1
479.26,1,warehouse,compressed_earth_block,Western,standard,3691,681.38,71.44,35.826,98271.5
391.14,1,warehouse,clay_brick,Greater Accra,premium,3636,639.9,67.028,29.14,161707.68
52.95,2,storey_building,compressed_earth_block,Northern,standard,956,168.65,17.666,7.689,22954.19
508.2,4,storey_building,sandcrete_block,Ashanti,standard,17413,3040.24,318.389,133.867,573847.45
156.85,1,warehouse,sandcrete_block,Ashanti,standard,1271,229.16,24.012,11.005,36827.54
291.4,2,bungalow,sandcrete_block,Ashanti,standard,5760,1024.84,107.377,48.698,175689.38
133.61,3,storey_building,clay_brick,Northern,standard,3336,594.99,62.334,27.853,105240.06
146.26,2,storey_building,compressed_earth_block,Eastern,standard,2859,496.6,52.009,22.008,77644.19
121.76,2,storey_building,sandcrete_block,Western,premium,2102,373.24,39.1,17.331,73070.66
314.2,3,bungalow,compressed_earth_block,Greater Accra,premium,7273,1335.18,139.98,69.535,295984.2
225.79,1,warehouse,sandcrete_block,Greater Accra,premium,2126,372.05,38.963,16.334,88432.85
92.98,1,commercial_block,compressed_earth_block,Western,standard,812,146.82,15.386,7.222,20112.15
288.77,1,commercial_block,sandcrete_block,Eastern,standard,2435,437.72,45.874,21.664,72234.07
194.96,3,commercial_block,compressed_earth_block,Northern,standard,4996,876.82,91.84,39.637,107115.18
159.42,4,warehouse,sandcrete_block,Eastern,premium,6006,1038.19,108.702,44.118,186067.45
82.93,4,bungalow,clay_brick,Ashanti,standard,2689,494.24,51.818,25.903,93573.97
572.37,1,bungalow,clay_brick,Eastern,premium,5044,885.22,92.705,38.959,184572.7
44.72,4,commercial_block,sandcrete_block,Northern,standard,1536,277.62,29.097,13.826,38249.61
544.37,2,storey_building,compressed_earth_block,Ashanti,standard,8196,1475.45,154.612,71.683,239904.66
171.99,2,commercial_block,sandcrete_block,Greater Accra,standard,2626,470.84,49.335,22.554,89377.99
439.82,2,warehouse,compressed_earth_block,Greater Accra,premium,7940,1369.23,143.334,56.16,281491.16
426.84,1,bungalow,compressed_earth_block,Western,standard,3710,666.69,69.851,31.578,100785.95
317.79,4,storey_building,clay_brick,Northern,premium,9132,1722.41,180.684,97.294,339290.63
133.52,3,bungalow,compressed_earth_block,Northern,standard,3723,646.72,67.714,27.472,85130.23
362.38,4,bungalow,clay_brick,Western,standard,10370,1953.6,204.931,109.886,350989.32
442.69,2,storey_building,clay_brick,Greater Accra,standard,6463,1203.99,126.253,64.638,249958.03
75.67,4,commercial_block,compressed_earth_block,Central,standard,2486,441.6,46.265,20.748,69607.88
483.25,2,warehouse,compressed_earth_block,Central,premium,6596,1250.84,131.227,71.405,241539.06
51.58,1,storey_building,compressed_earth_block,Northern,standard,423,77.02,8.074,3.967,10456.31
214.24,2,bungalow,compressed_earth_block,Greater Accra,standard,3916,694.85,72.787,31.87,110284.74
477.8,2,warehouse,clay_brick,Greater Accra,premium,6748,1239.19,129.905,63.75,325252.8
541.47,1,warehouse,sandcrete_block,Central,standard,4799,838.3,87.795,37.19,127847.17
455.95,2,warehouse,compressed_earth_block,Central,standard,8365,1447.21,151.513,60.454,210403.17
327.77,1,warehouse,compressed_earth_block,Western,premium,2448,447.64,46.927,23.084,84232.0
292.56,1,warehouse,compressed_earth_block,Central,standard,2079,388.69,40.763,21.201,60113.34
195.37,2,commercial_block,clay_brick,Central,premium,3725,663.11,69.479,31.64,134997.6
148.9,3,warehouse,clay_brick,Central,standard,3807,678.94,71.131,31.976,120715.98
499.35,2,bungalow,sandcrete_block,Central,premium,6993,1317.26,138.159,72.74,275322.8
43.75,3,bungalow,compressed_earth_block,Eastern,standard,1121,197.98,20.738,9.023,28251.99
512.79,4,warehouse,clay_brick,Western,standard,19423,3367.41,352.604,144.815,602098.95
241.78,1,commercial_block,compressed_earth_block,Northern,premium,2038,362.66,37.989,16.654,66770.27
325.57,1,commercial_block,compressed_earth_block,Ashanti,standard,2495,445.65,46.689,20.899,73235.3
427.62,2,commercial_block,sandcrete_block,Northern,standard,7443,1315.43,137.789,60.094,205276.81
280.12,1,warehouse,compressed_earth_block,Northern,standard,2236,412.72,43.271,21.643,60235.95
410.44,4,bungalow,compressed_earth_block,Ashanti,standard,11723,2192.37,229.969,122.779,356956.71
149.31,3,storey_building,compressed_earth_block,Northern,standard,4147,738.98,77.436,35.818,101754.8
451.68,2,storey_building,sandcrete_block,Western,premium,6236,1140.75,119.588,58.878,249455.32
443.93,2,bungalow,compressed_earth_block,Central,standard,6940,1285.9,134.837,68.689,193635.04
597.59,4,storey_building,compressed_earth_block,Greater Accra,standard,17682,3269.76,342.844,173.401,586740.46
105.93,2,warehouse,sandcrete_block,Northern,standard,1493,279.71,29.338,15.498,41135.98
377.09,2,commercial_block,clay_brick,Greater Accra,premium,6660,1153.5,120.774,48.92,291031.91
530.61,4,warehouse,clay_brick,Northern,standard,16023,2985.17,313.041,160.931,483024.76
569.38,3,commercial_block,compressed_earth_block,Western,premium,15103,2731.73,286.272,133.71,483211.5
49.21,4,warehouse,compressed_earth_block,Greater Accra,standard,1560,288.38,30.24,15.455,48165.04
459.96,4,storey_building,compressed_earth_block,Greater Accra,standard,13535,2520.66,264.343,136.729,447110.35
523.1,2,warehouse,compressed_earth_block,Northern,standard,7812,1421.31,148.995,73.013,200879.52
314.75,2,bungalow,sandcrete_block,Greater Accra,standard,4277,790.79,82.906,41.199,142895.52
298.47,2,bungalow,clay_brick,Western,premium,5024,882.99,92.485,39.859,205325.71
306.2,1,storey_building,sandcrete_block,Western,standard,2591,468.17,49.063,22.979,71766.05
96.47,3,storey_building,clay_brick,Greater Accra,standard,2217,408.76,42.854,21.307,87066.41
596.58,1,warehouse,clay_brick,Central,standard,4917,877.77,91.96,41.159,141020.54
134.82,2,commercial_block,compressed_earth_block,Northern,standard,1919,347.86,36.454,16.995,51464.11
374.19,1,warehouse,clay_brick,Ashanti,standard,2773,515.98,54.116,28.369,94254.42
178.58,1,warehouse,compressed_earth_block,Western,standard,1411,256.56,26.893,13.021,39016.86
155.11,1,warehouse,clay_brick,Northern,standard,1317,239.41,25.095,12.112,39470.59
395.81,2,bungalow,compressed_earth_block,Ashanti,standard,6095,1117.87,117.191,57.769,198292.45
268.63,2,storey_building,compressed_earth_block,Ashanti,standard,4947,868.59,90.971,38.808,148222.76
181.89,1,storey_building,clay_brick,Ashanti,standard,1665,293.04,30.694,13.294,56979.71
382.54,3,commercial_block,sandcrete_block,Central,standard,10180,1828.96,191.621,86.393,311493.34
520.33,3,storey_building,sandcrete_block,Greater Accra,standard,12841,2252.28,235.903,101.389,413486.47
239.24,2,storey_building,compressed_earth_block,Central,standard,3331,636.36,66.766,36.718,97355.91
174.16,4,storey_building,sandcrete_block,Eastern,premium,5277,949.7,99.525,46.517,189220.22
311.98,3,bungalow,compressed_earth_block,Greater Accra,premium,7084,1268.31,132.892,60.651,263114.57
578.76,3,bungalow,sandcrete_block,Northern,standard,11945,2236.69,234.578,122.438,332254.84
513.41,1,commercial_block,sandcrete_block,Greater Accra,standard,4012,724.86,75.973,36.251,140206.42
363.07,2,warehouse,sandcrete_block,Northern,standard,5987,1065.52,111.618,49.134,168176.95
199.34,1,storey_building,sandcrete_block,Northern,premium,1848,318.65,33.365,13.626,58829.89
488.01,3,bungalow,compressed_earth_block,Eastern,standard,12627,2277.98,238.69,109.323,336441.83
451.36,1,bungalow,sandcrete_block,Central,standard,3797,686.68,71.961,33.604,119309.53
264.77,4,storey_building,sandcrete_block,Greater Accra,premium,7956,1473.5,154.512,78.978,335195.3
249.04,2,bungalow,sandcrete_block,Western,standard,3859,718.2,75.306,38.067,129389.32
295.4,2,warehouse,sandcrete_block,Northern,standard,5672,984.8,103.129,43.096,146675.1
483.85,2,bungalow,compressed_earth_block,Ashanti,premium,7309,1347.35,141.266,70.882,279349.74
298.07,2,bungalow,compressed_earth_block,Eastern,standard,5809,997.36,104.413,41.387,141257.48
361.15,2,commercial_block,sandcrete_block,Central,standard,5482,971.67,101.796,45.4,152897.82
252.28,4,storey_building,clay_brick,Western,standard,8579,1511.18,158.282,68.22,272549.45
164.6,1,commercial_block,clay_brick,Western,standard,1388,250.6,26.261,12.255,43511.62
90.61,1,bungalow,compressed_earth_block,Northern,premium,763,135.53,14.199,6.354,24133.08
470.28,2,commercial_block,sandcrete_block,Western,standard,7625,1378.65,144.502,69.358,235998.33
203.87,3,warehouse,compressed_earth_block,Greater Accra,standard,5639,980.87,102.715,42.701,189519.64
193.76,1,bungalow,sandcrete_block,Northern,standard,1556,278.97,29.235,13.672,43214.83
167.26,2,bungalow,clay_brick,Eastern,premium,3038,543.18,56.919,26.339,110263.23
277.26,1,bungalow,compressed_earth_block,Western,standard,2391,431.88,45.258,21.022,65632.06
260.6,4,warehouse,clay_brick,Eastern,premium,8740,1540.7,161.381,70.035,368031.21
393.71,1,commercial_block,sandcrete_block,Central,premium,2837,523.75,54.92,28.03,105046.07
287.63,1,storey_building,sandcrete_block,Northern,standard,2338,426.35,44.685,21.335,62243.38
120.84,1,bungalow,compressed_earth_block,Western,standard,1058,188.06,19.7,8.688,30411.92
561.95,4,warehouse,sandcrete_block,Ashanti,premium,17077,3197.02,335.3,175.387,679599.08
555.89,2,commercial_block,compressed_earth_block,Ashanti,premium,10584,1846.1,193.322,80.449,367632.77
503.52,4,bungalow,sandcrete_block,Western,premium,16123,2937.48,307.878,146.893,602694.77
143.36,4,bungalow,sandcrete_block,Central,standard,5049,892.74,93.514,40.856,143583.8
274.71,1,commercial_block,clay_brick,Central,standard,2258,404.69,42.408,19.714,68940.7
70.69,3,commercial_block,clay_brick,Northern,standard,1854,333.73,34.975,16.499,49385.54
148.81,3,commercial_block,compressed_earth_block,Ashanti,standard,4228,731.72,76.616,31.293,124731.97
82.17,1,bungalow,compressed_earth_block,Eastern,standard,569,105.08,11.017,5.485,15328.95
420.13,4,commercial_block,sandcrete_block,Western,standard,15163,2648.27,277.354,117.597,397482.93
307.87,1,warehouse,clay_brick,Western,standard,2373,443.9,46.554,24.215,81200.42
317.76,3,commercial_block,compressed_earth_block,Western,standard,7588,1358.49,142.353,65.799,222390.58
61.68,3,warehouse,compressed_earth_block,Northern,standard,1591,285.01,29.868,13.946,38003.47
129.09,1,bungalow,clay_brick,Central,standard,959,179.36,18.812,9.872,31691.93
276.35,4,storey_building,compressed_earth_block,Western,standard,9230,1681.53,176.249,84.642,263439.98
379.75,1,storey_building,clay_brick,Northern,standard,3247,558.38,58.46,23.419,89791.32
519.4,3,storey_building,compressed_earth_block,Western,standard,11279,2072.6,217.307,109.107,344223.16
412.81,1,commercial_block,clay_brick,Western,premium,3443,609.5,63.845,27.879,132986.56
204.35,2,storey_building,compressed_earth_block,Western,standard,3543,640.64,67.139,31.529,95910.56
379.85,4,commercial_block,compressed_earth_block,Ashanti,standard,13785,2433.23,254.845,108.873,418065.14
574.57,2,storey_building,sandcrete_block,Western,standard,10588,1859.75,194.798,84.384,325442.52
584.95,4,storey_building,compressed_earth_block,Central,standard,22546,3925.2,411.039,170.855,592011.54
581.27,3,commercial_block,clay_brick,Central,standard,14981,2685.03,281.377,131.365,482990.41
567.25,3,commercial_block,sandcrete_block,Central,premium,12329,2274.41,238.47,120.005,478919.04
566.2,4,warehouse,clay_brick,Eastern,standard,19566,3512.79,368.075,168.535,590879.42
368.87,4,storey_building,clay_brick,Northern,standard,12929,2269.35,237.683,101.709,371323.57
220.48,2,bungalow,compressed_earth_block,Northern,standard,3859,713.02,74.766,38.051,89634.51
346.98,3,warehouse,compressed_earth_block,Eastern,standard,8551,1570.24,164.615,81.217,252908.2
236.23,1,commercial_block,sandcrete_block,Central,standard,2318,400.35,41.919,17.109,65568.68
96.72,4,storey_building,clay_brick,Northern,standard,3064,562.96,59.018,29.121,86442.4
429.0,2,commercial_block,sandcrete_block,Ashanti,premium,6274,1111.81,116.466,51.163,248422.63
47.93,3,bungalow,compressed_earth_block,Ashanti,premium,1233,221.27,23.186,10.724,47023.56
582.57,1,warehouse,clay_brick,Northern,premium,5313,903.05,94.519,36.04,175847.49
500.14,4,bungalow,sandcrete_block,Western,standard,13766,2597.51,272.43,142.964,404332.38
45.47,2,warehouse,sandcrete_block,Central,standard,635,118.89,12.469,6.483,19380.37
334.12,3,warehouse,compressed_earth_block,Central,standard,6850,1299.91,136.373,74.11,205243.57
103.58,3,bungalow,clay_brick,Central,standard,2188,417.66,43.819,23.96,63770.31
302.26,2,commercial_block,compressed_earth_block,Greater Accra,standard,5689,979.37,102.514,39.561,160477.72
499.7,2,bungalow,sandcrete_block,Ashanti,premium,9174,1577.77,165.165,64.734,342259.91
504.3,2,warehouse,sandcrete_block,Northern,premium,9329,1650.41,172.878,75.379,295668.51
370.65,2,warehouse,clay_brick,Eastern,standard,6059,1115.56,116.958,58.335,181872.09
519.59,4,bungalow,sandcrete_block,Ashanti,standard,18157,3253.12,340.853,155.197,579590.38
342.45,1,storey_building,compressed_earth_block,Greater Accra,premium,2672,486.04,50.952,24.988,105377.75
84.36,1,commercial_block,clay_brick,Eastern,standard,786,136.81,14.326,5.919,21724.45
343.1,1,warehouse,compressed_earth_block,Greater Accra,standard,3133,555.61,58.201,25.509,101503.15
227.78,4,bungalow,compressed_earth_block,Central,standard,6435,1239.91,130.123,73.783,198778.71
111.15,3,commercial_block,compressed_earth_block,Central,standard,3060,542.96,56.883,25.422,82174.35
274.63,4,storey_building,compressed_earth_block,Western,standard,9068,1626.79,170.468,78.761,250309.46
64.35,2,commercial_block,compressed_earth_block,Northern,premium,1113,199.06,20.856,9.441,35098.5
194.61,4,warehouse,sandcrete_block,Western,standard,6937,1251.08,131.103,60.94,206802.92
154.53,4,bungalow,clay_brick,Western,standard,4469,858.69,90.103,50.274,153151.26
288.88,4,commercial_block,clay_brick,Western,standard,10173,1821.79,190.879,86.644,304672.7
547.29,2,warehouse,clay_brick,Western,standard,9042,1622.8,170.056,79.052,310096.27
518.46,4,commercial_block,clay_brick,Western,standard,18729,3265.7,342.045,146.824,514756.85
203.29,3,warehouse,sandcrete_block,Central,standard,4232,805.92,84.556,46.474,135396.48
237.12,4,warehouse,clay_brick,Central,standard,6836,1276.0,133.823,69.822,232178.82
488.46,4,warehouse,sandcrete_block,Greater Accra,standard,17144,3013.6,315.645,135.908,571527.86
525.97,4,warehouse,compressed_earth_block,Western,standard,15544,2967.92,311.402,171.925,489451.96
56.94,3,storey_building,compressed_earth_block,Eastern,standard,1562,275.06,28.81,12.475,40327.72
428.2,3,bungalow,clay_brick,Ashanti,premium,9550,1793.97,188.168,99.722,408382.98
103.54,3,bungalow,compressed_earth_block,Greater Accra,standard,2630,464.87,48.69,20.922,84374.39
436.31,4,warehouse,clay_brick,Northern,standard,12393,2310.29,242.253,123.356,358079.45
161.66,4,warehouse,clay_brick,Eastern,standard,5980,1046.33,109.597,47.502,180709.77
307.57,4,warehouse,clay_brick,Greater Accra,standard,11361,1995.72,209.037,90.261,430469.87
242.15,2,storey_building,compressed_earth_block,Western,standard,3493,645.14,67.647,34.323,104561.64
533.36,1,storey_building,clay_brick,Ashanti,standard,4322,774.79,81.17,36.203,156522.58
204.67,4,warehouse,clay_brick,Northern,standard,7891,1392.06,145.814,63.435,223150.11
179.33,1,warehouse,clay_brick,Northern,premium,1659,292.19,30.606,13.314,55357.37
377.71,2,warehouse,clay_brick,Western,standard,5572,1014.48,106.347,52.088,187331.31
64.22,4,bungalow,compressed_earth_block,Greater Accra,standard,2112,378.67,39.677,18.076,73163.01
375.36,4,warehouse,clay_brick,Ashanti,standard,13155,2363.11,247.63,114.837,437578.05
126.65,1,commercial_block,sandcrete_block,Western,standard,951,172.28,18.057,8.635,27782.69
445.49,3,warehouse,sandcrete_block,Northern,standard,12721,2191.52,229.444,92.034,346367.38
399.26,2,bungalow,clay_brick,Greater Accra,standard,5607,1059.61,111.157,59.949,219523.97
305.46,3,warehouse,compressed_earth_block,Western,premium,8626,1492.61,156.268,62.443,289384.58
226.98,1,warehouse,sandcrete_block,Central,standard,1668,310.15,32.523,16.695,52666.44
447.21,1,bungalow,sandcrete_block,Ashanti,standard,3502,641.71,67.27,32.999,112707.55
482.63,4,commercial_block,clay_brick,Western,standard,14360,2636.35,276.402,137.895,448540.2
199.44,1,bungalow,sandcrete_block,Eastern,standard,1817,316.44,33.139,13.895,48625.65
219.53,1,commercial_block,clay_brick,Eastern,standard,2057,351.63,36.806,14.22,58248.76
241.77,4,bungalow,sandcrete_block,Greater Accra,premium,8202,1489.3,156.09,74.215,364113.86
219.51,2,bungalow,clay_brick,Central,premium,3441,622.94,65.29,31.081,147392.25
263.63,3,warehouse,compressed_earth_block,Eastern,premium,6146,1154.1,121.04,63.197,209876.92
151.09,1,bungalow,sandcrete_block,Central,standard,1096,204.48,21.446,11.223,35126.48
69.49,1,bungalow,clay_brick,Ashanti,standard,509,92.89,9.738,4.738,17635.83
407.79,4,bungalow,compressed_earth_block,Northern,standard,13316,2436.1,255.393,126.36,337726.62
105.44,1,storey_building,compressed_earth_block,Northern,standard,888,157.86,16.537,7.302,22170.48
492.59,3,commercial_block,compressed_earth_block,Eastern,standard,14474,2486.87,260.341,102.669,374580.7
147.74,3,commercial_block,compressed_earth_block,Northern,premium,4182,729.63,76.411,32.125,119151.08
371.4,2,warehouse,sandcrete_block,Northern,standard,6109,1074.48,112.535,47.997,157837.69
409.25,2,commercial_block,sandcrete_block,Central,standard,7280,1280.14,134.089,58.151,225423.08
322.33,1,warehouse,compressed_earth_block,Northern,premium,2523,469.45,49.225,24.999,81305.27
374.41,3,storey_building,sandcrete_block,Ashanti,premium,7872,1493.66,156.717,86.395,332098.07
85.06,1,warehouse,sandcrete_block,Western,standard,826,146.73,15.373,6.934,23318.13
475.84,2,warehouse,clay_brick,Ashanti,standard,7767,1362.25,142.671,60.643,244105.79
373.95,2,bungalow,clay_brick,Central,standard,6369,1133.69,118.753,51.802,189329.37
227.76,1,warehouse,compressed_earth_block,Central,standard,1677,318.71,33.438,18.297,49724.57
487.36,1,commercial_block,compressed_earth_block,Ashanti,premium,3881,695.72,72.903,33.67,141017.23
408.48,2,warehouse,compressed_earth_block,Western,standard,6925,1227.31,128.571,56.849,202519.15
55.13,1,commercial_block,clay_brick,Ashanti,standard,446,80.76,8.464,4.018,14083.22
468.03,1,bungalow,clay_brick,Eastern,standard,4090,712.59,74.618,30.783,127936.93
302.43,3,commercial_block,clay_brick,Ashanti,premium,6208,1162.99,121.97,63.585,262874.59
546.89,3,bungalow,sandcrete_block,Ashanti,standard,13371,2376.0,248.906,110.212,430988.11
361.59,2,warehouse,compressed_earth_block,Greater Accra,standard,6840,1174.19,122.934,49.349,211881.88
226.93,4,commercial_block,sandcrete_block,Central,standard,7467,1348.52,141.336,67.269,225943.38
435.02,3,storey_building,clay_brick,Western,premium,8857,1695.63,177.926,99.332,381209.74
173.9,2,storey_building,compressed_earth_block,Eastern,standard,2566,475.11,49.817,25.169,65370.81
216.3,3,bungalow,sandcrete_block,Western,standard,5124,932.32,97.723,47.099,148747.89
392.51,3,warehouse,sandcrete_block,Western,standard,10969,1944.32,203.688,90.465,320556.55
381.34,4,storey_building,clay_brick,Central,standard,11639,2085.19,218.489,100.06,343098.78
158.16,1,commercial_block,sandcrete_block,Greater Accra,premium,1470,259.04,27.134,11.806,61891.72
471.59,3,bungalow,sandcrete_block,Eastern,standard,11776,2094.44,219.406,96.839,329830.49
330.07,2,warehouse,sandcrete_block,Northern,standard,4835,889.19,93.234,47.091,138939.68
477.53,1,storey_building,clay_brick,Northern,premium,3913,684.86,71.73,30.742,127095.15
578.69,3,warehouse,compressed_earth_block,Western,standard,12422,2392.64,251.094,142.302,380696.16
566.59,4,storey_building,sandcrete_block,Eastern,premium,17192,3179.61,333.413,170.138,614294.08
243.18,3,commercial_block,sandcrete_block,Eastern,standard,5054,933.47,97.873,49.238,136109.58
275.28,2,commercial_block,clay_brick,Ashanti,premium,3762,713.0,74.794,40.181,168013.82
81.09,4,commercial_block,clay_brick,Northern,standard,2440,455.23,47.742,24.825,76363.7
411.6,3,bungalow,compressed_earth_block,Ashanti,standard,9663,1737.07,182.04,85.311,284204.38
304.35,3,bungalow,compressed_earth_block,Ashanti,standard,7366,1341.03,140.559,67.41,221215.02
73.62,2,storey_building,sandcrete_block,Central,premium,1122,204.27,21.415,10.572,40789.83
222.03,1,storey_building,clay_brick,Northern,standard,2010,348.69,36.51,14.906,59004.33
522.14,1,storey_building,sandcrete_block,Central,premium,4474,800.38,83.876,39.181,156277.31
56.69,1,storey_building,compressed_earth_block,Western,standard,473,85.01,8.908,4.106,12069.27
140.63,4,bungalow,clay_brick,Greater Accra,standard,4774,869.55,91.151,44.461,171999.05
183.73,2,warehouse,compressed_earth_block,Central,standard,2629,493.99,51.821,27.924,80001.03
334.39,4,bungalow,compressed_earth_block,Western,standard,12208,2124.34,222.427,90.311,310716.36
503.03,2,storey_building,clay_brick,Western,premium,7026,1268.74,132.963,62.414,269487.66
581.82,4,bungalow,sandcrete_block,Western,standard,21502,3724.34,389.957,158.678,573042.06
133.46,3,bungalow,clay_brick,Ashanti,standard,3640,639.31,66.956,28.409,112533.34
381.76,3,commercial_block,sandcrete_block,Greater Accra,premium,9989,1731.03,181.266,75.059,385891.81
325.77,4,commercial_block,compressed_earth_block,Northern,premium,11630,2103.14,220.434,105.413,358579.22
347.7,2,warehouse,sandcrete_block,Northern,premium,6248,1117.4,117.076,53.133,219446.49
196.65,2,warehouse,sandcrete_block,Greater Accra,standard,3317,594.28,62.27,28.58,110658.56
173.99,2,warehouse,compressed_earth_block,Eastern,standard,3068,556.77,58.357,27.949,90240.52
156.67,2,storey_building,sandcrete_block,Ashanti,premium,2415,427.42,44.776,19.797,84385.04
472.21,2,warehouse,compressed_earth_block,Northern,standard,6847,1279.2,134.159,70.005,186342.37
556.16,4,storey_building,clay_brick,Eastern,standard,15202,2893.26,303.508,163.367,504643.31
196.54,2,bungalow,sandcrete_block,Eastern,standard,3186,574.92,60.242,27.679,87840.86
117.0,3,bungalow,sandcrete_block,Central,standard,2815,500.19,52.396,22.921,84431.35
335.32,4,bungalow,sandcrete_block,Central,standard,12252,2186.9,229.135,104.129,341856.51
165.6,1,warehouse,compressed_earth_block,Eastern,standard,1278,236.01,24.75,12.774,34946.47
539.19,1,warehouse,sandcrete_block,Northern,standard,4646,821.08,86.014,38.006,125428.19
548.56,3,bungalow,clay_brick,Northern,standard,14138,2548.89,267.082,122.722,411931.44
312.54,4,commercial_block,compressed_earth_block,Ashanti,standard,11310,1960.47,205.305,85.979,347269.8
139.74,1,storey_building,sandcrete_block,Eastern,standard,1172,211.0,22.112,10.361,32993.68
233.85,4,bungalow,compressed_earth_block,Northern,standard,7517,1342.96,140.71,63.899,192987.44
556.41,3,storey_building,sandcrete_block,Ashanti,standard,15997,2753.84,288.335,116.958,461606.52
271.06,2,storey_building,sandcrete_block,Greater Accra,standard,4625,826.25,86.561,38.63,149308.01
571.89,2,bungalow,compressed_earth_block,Northern,standard,10114,1789.94,187.514,83.134,258559.89
222.34,1,storey_building,sandcrete_block,Ashanti,premium,1989,355.75,37.27,16.687,70986.88
395.69,1,bungalow,compressed_earth_block,Northern,standard,3213,565.15,59.189,25.089,81347.12
83.98,4,storey_building,clay_brick,Ashanti,premium,2911,501.28,52.478,20.77,120184.0
515.23,2,commercial_block,compressed_earth_block,Western,standard,8390,1507.49,157.987,74.477,248188.39
549.4,4,bungalow,clay_brick,Greater Accra,standard,17180,3074.96,322.207,148.148,668182.02
347.29,1,storey_building,sandcrete_block,Western,standard,2690,501.69,52.611,27.103,78369.47
455.52,2,storey_building,sandcrete_block,Eastern,premium,7288,1326.92,139.089,67.344,267406.02
476.24,2,commercial_block,clay_brick,Western,premium,8620,1531.43,160.413,69.829,316546.33
64.81,2,storey_building,compressed_earth_block,Northern,standard,1098,197.11,20.656,9.607,26193.5
346.71,3,warehouse,clay_brick,Ashanti,standard,6848,1292.19,135.539,72.011,245292.23
389.08,4,commercial_block,sandcrete_block,Northern,premium,13299,2407.81,252.377,121.406,445500.27
168.2,2,commercial_block,clay_brick,Northern,standard,3279,552.43,57.803,20.777,85943.66
100.69,4,bungalow,compressed_earth_block,Central,standard,3870,677.03,70.9,29.68,100847.4
429.59,2,storey_building,clay_brick,Northern,standard,6838,1217.27,127.522,56.654,188891.05
137.21,2,commercial_block,compressed_earth_block,Central,premium,2562,449.71,47.102,20.163,86889.27
506.68,1,commercial_block,sandcrete_block,Western,standard,4684,812.31,85.057,34.887,125081.8
568.67,2,warehouse,clay_brick,Greater Accra,standard,8122,1521.78,159.596,82.996,317817.18
114.07,1,storey_building,compressed_earth_block,Central,standard,977,175.65,18.408,8.651,27806.1
405.85,4,storey_building,sandcrete_block,Ashanti,standard,15312,2653.0,277.783,113.091,445484.67
273.39,4,commercial_block,sandcrete_block,Northern,standard,9402,1712.6,179.513,86.729,268398.31
82.56,4,commercial_block,clay_brick,Central,standard,2920,513.31,53.767,23.33,83864.04
266.94,3,bungalow,compressed_earth_block,Western,standard,6758,1223.97,128.288,61.456,194163.47
209.92,3,warehouse,clay_brick,Western,standard,5880,1030.68,107.95,46.21,179266.75
391.93,4,storey_building,compressed_earth_block,Eastern,premium,13623,2394.5,250.759,105.004,468626.9
153.84,2,bungalow,compressed_earth_block,Eastern,standard,2867,498.99,52.255,21.817,70441.89
476.75,2,bungalow,clay_brick,Greater Accra,premium,6784,1250.93,131.156,65.827,325872.78
48.82,1,commercial_block,compressed_earth_block,Ashanti,standard,454,77.69,8.132,3.068,12462.36
470.79,4,commercial_block,clay_brick,Central,premium,16452,2939.5,308.024,142.405,629495.08
199.5,3,commercial_block,sandcrete_block,Greater Accra,standard,5135,912.65,95.61,42.448,180557.75
251.83,3,warehouse,sandcrete_block,Northern,standard,6562,1152.82,120.755,52.549,191176.53
481.49,3,storey_building,compressed_earth_block,Greater Accra,standard,13012,2282.28,239.038,102.291,412517.7
211.02,4,commercial_block,sandcrete_block,Ashanti,standard,6552,1187.83,124.517,60.838,210293.98
517.94,2,storey_building,sandcrete_block,Central,standard,8825,1566.37,164.113,74.249,233159.26
268.6,4,warehouse,compressed_earth_block,Central,standard,7713,1435.89,150.593,78.659,209521.53
402.53,1,commercial_block,sandcrete_block,Central,premium,3989,684.28,71.639,28.583,136997.92
469.9,2,bungalow,clay_brick,Eastern,standard,8009,1431.96,150.034,68.048,239952.59
338.11,3,warehouse,sandcrete_block,Ashanti,standard,9167,1587.17,166.156,65.614,289358.31
201.88,4,storey_building,compressed_earth_block,Ashanti,standard,6566,1151.89,120.625,50.186,175588.21
204.43,4,commercial_block,compressed_earth_block,Eastern,standard,6991,1222.22,128.0,54.01,170685.53
504.77,3,warehouse,sandcrete_block,Greater Accra,standard,11177,2092.35,219.431,113.876,384434.13
188.14,3,warehouse,sandcrete_block,Eastern,standard,4854,861.52,90.255,40.187,135060.01
283.24,2,storey_building,clay_brick,Central,standard,4950,875.77,91.743,40.469,160715.02
396.78,2,bungalow,compressed_earth_block,Northern,premium,6910,1214.19,127.177,54.889,214744.0
391.62,1,storey_building,clay_brick,Eastern,standard,3208,570.51,59.763,26.315,101469.96
106.94,1,commercial_block,sandcrete_block,Central,standard,986,170.41,17.841,7.124,29366.43
541.8,3,warehouse,compressed_earth_block,Eastern,standard,11316,2097.4,219.921,111.365,318658.67
508.02,1,storey_building,clay_brick,Ashanti,standard,4467,798.83,83.695,37.772,147201.16
303.64,2,bungalow,clay_brick,Ashanti,standard,5690,988.48,103.508,42.743,183651.96
426.59,4,storey_building,compressed_earth_block,Western,standard,13887,2537.24,265.97,129.855,412157.07
275.12,4,bungalow,sandcrete_block,Eastern,premium,7779,1465.06,153.687,82.694,299144.65
84.64,3,commercial_block,sandcrete_block,Western,standard,2277,394.85,41.343,16.889,62823.95
48.94,3,warehouse,sandcrete_block,Central,standard,1226,225.89,23.686,12.044,36733.78
232.93,4,bungalow,sandcrete_block,Greater Accra,premium,6516,1232.6,129.288,68.601,291030.83
329.5,3,commercial_block,sandcrete_block,Northern,premium,7769,1451.83,152.301,82.103,270628.7
318.19,4,storey_building,sandcrete_block,Western,standard,9713,1809.17,189.75,99.7,280304.31
460.85,2,commercial_block,clay_brick,Greater Accra,standard,7295,1304.81,136.742,64.161,258475.31
135.69,1,commercial_block,compressed_earth_block,Eastern,standard,1116,205.26,21.522,10.878,29023.08
180.41,4,commercial_block,clay_brick,Greater Accra,premium,6146,1089.54,114.133,50.136,274879.71
256.43,3,bungalow,clay_brick,Western,standard,5277,977.77,102.528,52.275,166393.69
331.59,4,storey_building,compressed_earth_block,Northern,premium,9702,1855.6,194.673,106.022,332193.18
429.99,4,bungalow,clay_brick,Northern,standard,15394,2720.94,285.013,124.116,442622.79
476.32,2,warehouse,sandcrete_block,Western,standard,8948,1591.41,166.733,75.168,269694.61
302.37,2,warehouse,sandcrete_block,Northern,standard,5357,954.61,100.012,44.899,146739.72
120.28,1,warehouse,clay_brick,Ashanti,standard,953,170.79,17.897,8.296,30237.68
493.19,1,warehouse,sandcrete_block,Northern,premium,3502,633.43,66.386,31.363,117308.06
172.7,2,commercial_block,clay_brick,Northern,standard,3278,564.31,59.084,23.9,89936.06
193.66,1,commercial_block,sandcrete_block,Western,standard,1746,313.34,32.836,15.283,56137.77
179.64,2,warehouse,compressed_earth_block,Northern,standard,2764,495.78,51.956,24.355,74646.61
479.62,1,storey_building,clay_brick,Northern,premium,3702,662.8,69.444,31.489,128527.72
94.6,2,warehouse,sandcrete_block,Ashanti,standard,1809,311.8,32.644,13.077,52557.73
319.63,3,bungalow,sandcrete_block,Central,standard,8848,1527.47,159.932,64.953,235411.27
269.07,2,commercial_block,clay_brick,Greater Accra,standard,4511,819.22,85.875,41.84,173353.41
139.72,3,commercial_block,compressed_earth_block,Eastern,standard,3000,554.95,58.185,29.239,84639.19
46.68,3,warehouse,compressed_earth_block,Central,standard,1293,225.55,23.619,9.776,32110.51
475.72,4,storey_building,clay_brick,Ashanti,standard,15521,2730.56,285.979,121.626,455617.07
450.73,1,storey_building,compressed_earth_block,Ashanti,standard,3523,643.52,67.456,32.811,110879.24
504.65,4,bungalow,sandcrete_block,Ashanti,standard,15865,2910.47,305.121,150.749,521678.34
102.75,4,storey_building,compressed_earth_block,Central,standard,3912,686.53,71.908,31.032,101295.37
114.91,4,storey_building,clay_brick,Western,premium,3372,611.5,64.091,30.545,134328.27
225.74,1,bungalow,compressed_earth_block,Ashanti,standard,1565,298.25,31.291,17.162,48982.31
108.97,2,warehouse,sandcrete_block,Ashanti,premium,1771,323.09,33.869,16.551,64574.21
218.74,3,bungalow,sandcrete_block,Eastern,premium,6021,1061.81,111.223,48.535,211371.13
317.86,3,commercial_block,sandcrete_block,Eastern,standard,7535,1379.19,144.592,71.658,218866.13
540.7,2,storey_building,clay_brick,Ashanti,premium,8708,1591.52,166.825,80.827,379951.33
584.77,1,commercial_block,sandcrete_block,Eastern,standard,4603,817.41,85.645,38.921,129256.05
597.38,1,storey_building,clay_brick,Central,standard,4469,822.94,86.285,43.492,140979.07
157.89,1,warehouse,compressed_earth_block,Western,standard,1094,204.44,21.442,11.29,30169.54
517.37,1,bungalow,compressed_earth_block,Central,standard,4583,777.45,81.372,30.968,118629.33
192.87,4,commercial_block,clay_brick,Western,standard,6604,1164.0,121.93,53.299,185616.17
258.26,2,warehouse,clay_brick,Western,premium,4266,786.88,82.513,42.225,163306.4
404.73,4,storey_building,sandcrete_block,Greater Accra,premium,15231,2656.88,278.22,115.433,688362.97
62.55,4,bungalow,clay_brick,Ashanti,standard,2085,374.11,39.203,18.166,68367.94
255.47,1,warehouse,clay_brick,Ashanti,standard,2237,396.83,41.58,18.972,72333.38
276.19,3,storey_building,compressed_earth_block,Central,premium,7195,1286.6,134.805,61.262,269745.48
566.99,2,bungalow,sandcrete_block,Greater Accra,premium,9233,1645.05,172.347,77.266,401124.66
136.73,2,commercial_block,clay_brick,Eastern,standard,2420,419.37,43.914,18.132,67442.99
268.42,1,storey_building,clay_brick,Eastern,standard,2106,383.6,40.207,19.352,63517.21
104.17,4,commercial_block,clay_brick,Eastern,standard,3212,576.19,60.379,28.005,92675.22
109.33,4,commercial_block,sandcrete_block,Central,premium,3844,692.08,72.525,33.766,134057.72
94.02,2,warehouse,clay_brick,Ashanti,standard,1535,273.93,28.7,12.926,48872.89
183.89,1,storey_building,sandcrete_block,Central,standard,1365,249.79,26.184,12.728,41231.83
186.89,2,storey_building,compressed_earth_block,Northern,standard,3025,550.62,57.715,27.816,74028.22
363.62,4,commercial_block,compressed_earth_block,Greater Accra,standard,11435,2106.35,220.849,111.121,382289.22
575.26,3,warehouse,sandcrete_block,Western,standard,15179,2691.87,282.042,128.041,456713.45
114.43,2,warehouse,clay_brick,Northern,standard,2070,359.94,37.689,15.408,58369.39
218.38,2,storey_building,sandcrete_block,Central,premium,4171,730.2,76.471,32.181,137524.9
439.93,2,storey_building,compressed_earth_block,Ashanti,standard,8235,1423.39,149.03,60.193,247349.36
488.35,1,storey_building,clay_brick,Greater Accra,standard,4078,734.69,77.0,36.56,148475.29
164.0,2,commercial_block,compressed_earth_block,Northern,standard,2751,488.79,51.207,22.852,64295.59
149.61,4,bungalow,sandcrete_block,Western,premium,4748,863.97,90.553,43.223,169686.24
76.62,1,warehouse,compressed_earth_block,Greater Accra,standard,669,120.05,12.58,5.867,23171.26
210.58,2,storey_building,compressed_earth_block,Eastern,standard,2993,547.29,57.374,28.207,82666.09
346.26,3,warehouse,compressed_earth_block,Greater Accra,premium,8044,1486.43,155.861,79.102,323707.35
267.64,4,warehouse,sandcrete_block,Ashanti,standard,8630,1524.08,159.634,68.822,255095.9
106.29,3,bungalow,clay_brick,Ashanti,standard,2845,509.17,53.351,24.429,86179.07
410.91,1,bungalow,sandcrete_block,Northern,standard,3334,587.05,61.49,26.617,84992.17
572.57,2,warehouse,compressed_earth_block,Eastern,premium,8857,1654.38,173.515,91.124,314319.54
511.91,1,warehouse,compressed_earth_block,Western,standard,3978,736.99,77.278,39.209,118814.96
518.33,1,bungalow,clay_brick,Ashanti,premium,4171,769.92,80.724,40.537,181347.97
65.05,2,bungalow,clay_brick,Eastern,premium,985,177.77,18.629,8.717,39392.34
289.97,1,commercial_block,compressed_earth_block,Northern,standard,1902,370.69,38.905,22.322,52639.41
453.74,1,storey_building,sandcrete_block,Northern,standard,4095,722.17,75.653,33.46,111390.57
495.89,2,commercial_block,clay_brick,Northern,standard,7953,1432.84,150.167,71.004,222061.69
418.0,4,bungalow,compressed_earth_block,Central,standard,11697,2222.05,233.128,127.636,347255.88
484.19,4,commercial_block,clay_brick,Western,standard,16113,2834.75,296.937,129.521,469281.14
573.58,1,warehouse,sandcrete_block,Greater Accra,standard,5011,921.21,96.58,48.003,184501.46
375.1,3,storey_building,compressed_earth_block,Ashanti,standard,8389,1556.32,163.201,83.666,253705.34
291.11,2,commercial_block,clay_brick,Northern,premium,5235,946.42,99.178,46.136,192638.37
557.69,2,storey_building,sandcrete_block,Central,standard,9545,1676.78,175.635,76.234,275698.09
535.59,2,bungalow,sandcrete_block,Ashanti,standard,8674,1563.83,163.884,76.73,276006.95
230.75,4,warehouse,sandcrete_block,Western,standard,8029,1433.52,150.173,66.498,253243.87
537.39,3,bungalow,sandcrete_block,Greater Accra,premium,13058,2354.2,246.679,113.153,583858.92
509.96,4,warehouse,sandcrete_block,Eastern,standard,16598,2993.86,313.77,148.518,501746.96
86.15,3,warehouse,sandcrete_block,Western,standard,1860,338.51,35.484,17.252,56873.47
404.96,4,warehouse,compressed_earth_block,Eastern,standard,14609,2564.2,268.535,112.794,358945.85
458.22,3,commercial_block,compressed_earth_block,Northern,standard,12320,2176.24,227.947,98.62,287696.74
61.87,2,storey_building,sandcrete_block,Greater Accra,standard,950,172.09,18.038,8.718,32575.53
365.99,4,storey_building,clay_brick,Eastern,standard,11825,2088.59,218.768,94.747,352825.44
485.8,1,warehouse,compressed_earth_block,Western,premium,3623,677.51,71.057,37.182,132180.12
381.2,3,warehouse,clay_brick,Ashanti,premium,10316,1801.44,188.649,78.811,422120.52
399.46,3,warehouse,compressed_earth_block,Eastern,standard,8861,1627.11,170.587,84.837,238978.38
260.15,4,commercial_block,compressed_earth_block,Ashanti,premium,8041,1427.43,149.553,67.457,326360.89
127.77,3,bungalow,sandcrete_block,Western,standard,2714,506.65,53.129,27.232,80346.15
58.61,4,commercial_block,compressed_earth_block,Central,standard,1977,352.34,36.917,16.815,53869.22
122.43,2,warehouse,sandcrete_block,Ashanti,standard,1650,323.29,33.935,19.751,58217.3
430.88,4,commercial_block,compressed_earth_block,Northern,standard,16003,2795.74,292.79,123.486,374417.84
187.06,1,bungalow,clay_brick,Western,standard,1421,256.75,26.909,12.733,46242.16
495.83,4,commercial_block,compressed_earth_block,Eastern,premium,16082,2832.12,296.678,130.596,481953.52
351.89,1,storey_building,sandcrete_block,Central,standard,2726,494.67,51.852,25.196,76539.06
102.36,4,warehouse,clay_brick,Ashanti,standard,3461,601.15,62.941,25.441,119712.9
239.88,4,commercial_block,clay_brick,Central,premium,7284,1347.16,141.254,71.407,291301.49
302.48,4,bungalow,sandcrete_block,Greater Accra,standard,8609,1648.0,172.916,95.714,324814.9
344.92,4,bungalow,clay_brick,Greater Accra,standard,10557,1873.0,196.225,87.711,378536.08
409.34,1,commercial_block,compressed_earth_block,Western,standard,3977,686.11,71.836,29.0,109109.77
237.01,1,warehouse,clay_brick,Eastern,standard,2239,385.77,40.391,16.338,65531.07
182.08,4,bungalow,clay_brick,Greater Accra,standard,5630,1020.2,106.915,50.139,189655.23
436.04,3,bungalow,sandcrete_block,Eastern,standard,9918,1813.26,190.079,92.835,274676.0
142.46,4,commercial_block,compressed_earth_block,Western,premium,5028,881.3,92.309,39.802,174320.93
367.75,3,commercial_block,clay_brick,Ashanti,standard,9452,1654.57,173.295,74.254,295769.44
462.31,2,storey_building,compressed_earth_block,Greater Accra,premium,6862,1259.23,132.038,67.057,280655.63
530.57,1,bungalow,clay_brick,Ashanti,standard,4591,829.95,86.972,40.416,154039.15
133.91,1,storey_building,clay_brick,Western,standard,982,178.32,18.69,8.93,33448.37
480.61,1,commercial_block,compressed_earth_block,Central,standard,4128,734.72,76.973,34.463,118951.1
125.85,4,bungalow,clay_brick,Western,standard,4784,830.43,86.95,35.314,146049.18
451.85,2,warehouse,sandcrete_block,Central,standard,6350,1168.36,122.489,60.732,189416.44
578.52,3,commercial_block,sandcrete_block,Central,standard,14392,2583.92,270.765,125.291,419136.16
255.26,1,commercial_block,sandcrete_block,Western,standard,1997,359.02,37.621,17.384,67097.95
488.14,3,commercial_block,sandcrete_block,Greater Accra,standard,13276,2304.27,241.241,96.239,454647.19
253.86,4,warehouse,clay_brick,Eastern,standard,8770,1567.34,164.227,75.105,253239.56
129.66,4,bungalow,sandcrete_block,Western,standard,3599,683.41,71.695,38.858,108224.8
448.96,4,commercial_block,compressed_earth_block,Central,standard,14192,2606.97,273.333,137.144,398587.91
523.78,1,bungalow,clay_brick,Northern,premium,3840,692.26,72.541,33.61,147897.86
281.09,1,warehouse,compressed_earth_block,Western,premium,2281,419.84,44.013,21.643,88860.25
319.62,4,commercial_block,sandcrete_block,Northern,standard,10825,1968.66,206.335,98.378,301615.89
379.58,1,commercial_block,clay_brick,Northern,standard,3479,613.49,64.256,27.583,95751.24
591.28,2,storey_building,sandcrete_block,Eastern,standard,10511,1869.34,195.859,88.75,288584.89
252.41,1,commercial_block,sandcrete_block,Western,standard,2323,410.46,42.994,18.717,66452.4
367.8,1,commercial_block,clay_brick,Ashanti,standard,3033,551.23,57.775,27.65,100948.91
536.49,4,storey_building,compressed_earth_block,Eastern,premium,17381,3148.17,329.938,155.925,508803.93
501.83,1,bungalow,compressed_earth_block,Western,standard,3829,706.42,74.074,37.757,109078.83
597.02,3,bungalow,sandcrete_block,Western,standard,16946,2960.91,310.085,130.579,494653.15
506.74,1,storey_building,compressed_earth_block,Western,premium,4014,707.53,74.106,31.834,130874.79
198.66,2,bungalow,sandcrete_block,Northern,standard,2786,532.48,55.876,31.296,79393.31
478.3,4,warehouse,compressed_earth_block,Northern,standard,16543,2952.95,309.405,140.99,437327.62
127.62,3,commercial_block,sandcrete_block,Western,standard,3641,631.44,66.117,27.093,108573.93
285.44,4,commercial_block,clay_brick,Greater Accra,standard,9348,1700.34,178.228,86.132,364412.35
108.86,1,warehouse,clay_brick,Northern,standard,762,142.27,14.922,7.834,24243.05
61.67,1,warehouse,clay_brick,Greater Accra,standard,496,88.59,9.281,4.143,17753.52
131.74,2,storey_building,sandcrete_block,Eastern,standard,2534,446.03,46.718,20.18,69654.46
343.64,3,storey_building,sandcrete_block,Northern,premium,7739,1408.45,147.642,71.983,261220.07
230.88,2,bungalow,clay_brick,Ashanti,standard,3428,637.53,66.846,33.713,104799.04
256.54,3,bungalow,clay_brick,Central,standard,7047,1208.27,126.465,48.224,219394.0
87.14,4,storey_building,clay_brick,Central,standard,3106,557.04,58.374,27.218,98206.14
373.84,3,bungalow,sandcrete_block,Central,standard,8630,1577.11,165.337,81.679,260286.68
47.93,1,commercial_block,compressed_earth_block,Northern,standard,436,77.41,8.109,3.618,10829.14
338.67,4,commercial_block,sandcrete_block,Ashanti,standard,10917,1930.6,202.25,89.757,356682.47
222.36,3,commercial_block,clay_brick,Greater Accra,standard,6006,1064.89,111.548,48.776,207921.29
557.48,1,warehouse,sandcrete_block,Eastern,premium,5031,886.87,92.898,40.445,182795.71
97.42,1,bungalow,compressed_earth_block,Central,standard,924,161.15,16.875,7.047,23969.32
125.61,4,bungalow,sandcrete_block,Eastern,standard,4057,722.71,75.712,33.67,118575.74
587.53,2,storey_building,compressed_earth_block,Greater Accra,standard,9102,1637.24,171.563,79.307,291445.86
177.33,4,bungalow,compressed_earth_block,Western,standard,5712,1038.27,108.829,52.458,158030.99
540.32,3,bungalow,clay_brick,Western,standard,14138,2515.66,263.516,115.216,436978.57
395.68,3,commercial_block,sandcrete_block,Ashanti,standard,10575,1843.63,193.066,80.522,296435.56
121.36,3,commercial_block,compressed_earth_block,Northern,premium,3232,550.61,57.628,21.813,94684.41
587.88,1,warehouse,sandcrete_block,Ashanti,standard,4269,788.67,82.687,41.333,136528.96
520.67,3,warehouse,clay_brick,Western,standard,11928,2195.81,230.191,113.16,371090.53
209.2,2,bungalow,compressed_earth_block,Northern,standard,3733,664.92,69.664,31.403,92610.44
406.3,3,bungalow,compressed_earth_block,Ashanti,standard,11187,1984.1,207.825,90.169,319561.93
310.78,4,bungalow,sandcrete_block,Northern,standard,10379,1895.08,198.646,96.366,271266.55
293.51,4,storey_building,sandcrete_block,Central,standard,8178,1552.92,162.929,89.423,223726.75
472.33,2,storey_building,clay_brick,Western,standard,6471,1238.54,129.954,71.952,212674.06
176.63,2,warehouse,sandcrete_block,Greater Accra,standard,2604,487.74,51.154,26.799,93603.71
199.1,3,bungalow,sandcrete_block,Northern,standard,4762,882.68,92.56,47.359,130139.19
532.69,2,commercial_block,sandcrete_block,Eastern,standard,9410,1675.62,175.547,78.505,266115.99
71.41,4,bungalow,clay_brick,Central,premium,2249,411.33,43.115,20.77,94598.1
213.7,3,commercial_block,sandcrete_block,Greater Accra,standard,5186,929.97,97.447,44.875,158927.16
306.92,4,commercial_block,clay_brick,Central,premium,9470,1728.59,181.207,88.846,383980.21
358.46,3,bungalow,clay_brick,Western,standard,8823,1627.08,170.575,84.205,276803.02
42.23,4,storey_building,sandcrete_block,Central,standard,1213,222.51,23.324,11.3,35021.28
164.18,4,commercial_block,compressed_earth_block,Western,standard,5804,1039.23,108.895,50.113,151608.32
352.04,3,warehouse,compressed_earth_block,Greater Accra,standard,7583,1394.96,146.245,72.499,270596.4
240.49,1,storey_building,sandcrete_block,Eastern,standard,2139,381.3,39.949,17.958,54813.45
67.96,3,bungalow,compressed_earth_block,Northern,standard,1730,309.57,32.433,14.541,44696.81
45.09,2,storey_building,clay_brick,Greater Accra,standard,729,133.05,13.946,6.68,25901.78
492.47,3,storey_building,sandcrete_block,Eastern,standard,11373,2134.96,223.938,118.92,357069.58
424.99,4,storey_building,clay_brick,Northern,standard,13130,2417.12,253.437,127.864,425962.16
367.31,2,commercial_block,clay_brick,Greater Accra,premium,6899,1180.52,123.58,48.448,299622.05
444.67,2,commercial_block,clay_brick,Eastern,premium,7300,1317.41,138.081,66.062,288225.83
186.31,2,warehouse,sandcrete_block,Eastern,premium,2686,495.22,51.926,26.341,99718.66
156.21,1,commercial_block,sandcrete_block,Central,premium,1338,238.64,25.004,11.42,47113.32
518.92,2,bungalow,clay_brick,Northern,standard,7300,1351.2,141.679,71.752,199862.75
549.28,3,commercial_block,sandcrete_block,Eastern,standard,11881,2237.18,234.67,125.286,355848.76
446.58,4,warehouse,sandcrete_block,Eastern,standard,15216,2765.18,289.876,142.304,426920.93
547.32,1,storey_building,clay_brick,Greater Accra,standard,4205,755.41,79.158,36.603,133631.61
93.83,3,commercial_block,clay_brick,Greater Accra,standard,2267,410.7,43.048,20.731,82123.67
399.27,3,bungalow,compressed_earth_block,Central,premium,8948,1654.34,173.461,87.6,292296.96
133.73,2,storey_building,compressed_earth_block,Eastern,standard,2300,413.67,43.349,20.15,63117.11
547.75,2,warehouse,clay_brick,Eastern,standard,8643,1561.77,163.69,78.147,291072.63
95.19,4,commercial_block,sandcrete_block,Northern,standard,3295,571.67,59.86,24.601,82161.23
140.17,2,commercial_block,compressed_earth_block,Ashanti,standard,2324,420.46,44.067,20.856,66021.7
370.04,2,warehouse,clay_brick,Eastern,premium,6768,1190.59,124.695,53.122,267662.24
387.58,4,storey_building,compressed_earth_block,Greater Accra,standard,11659,2124.29,222.676,108.261,366406.89
422.46,3,bungalow,clay_brick,Eastern,standard,9369,1741.66,182.653,94.751,275442.83
321.37,4,commercial_block,sandcrete_block,Eastern,standard,9197,1674.62,175.535,85.054,251848.8
515.95,2,warehouse,compressed_earth_block,Western,standard,9210,1608.0,168.39,70.222,270999.33
526.92,2,bungalow,clay_brick,Ashanti,standard,7102,1325.02,138.953,71.736,248011.87
354.65,3,commercial_block,compressed_earth_block,Central,standard,8066,1498.63,157.141,79.874,238040.93
184.86,3,bungalow,sandcrete_block,Northern,standard,3812,718.92,75.407,39.967,103298.02
142.75,2,commercial_block,compressed_earth_block,Western,standard,2174,395.82,41.491,20.131,61734.45
508.79,1,commercial_block,sandcrete_block,Ashanti,standard,4542,792.96,83.042,34.864,129342.24
92.64,2,commercial_block,sandcrete_block,Western,standard,1352,249.59,26.173,13.39,41632.13
145.25,3,storey_building,compressed_earth_block,Western,standard,3799,670.7,70.245,30.0,102393.38
285.03,1,bungalow,clay_brick,Greater Accra,standard,2473,439.85,46.081,20.571,86297.17
472.59,2,warehouse,compressed_earth_block,Ashanti,standard,8366,1488.85,156.004,71.432,250983.51
447.74,4,storey_building,sandcrete_block,Greater Accra,standard,14588,2606.83,273.107,122.248,501678.36
503.27,1,storey_building,sandcrete_block,Eastern,standard,4093,755.01,79.172,40.552,114609.25
374.94,4,bungalow,compressed_earth_block,Northern,premium,12097,2194.15,229.969,109.763,376089.15
327.04,3,storey_building,clay_brick,Central,standard,8024,1436.24,150.496,69.235,272220.85
455.29,3,storey_building,clay_brick,Central,standard,9873,1838.83,192.838,99.684,339879.2
398.21,2,storey_building,sandcrete_block,Greater Accra,standard,5722,1053.88,110.498,55.562,191292.07
394.2,4,commercial_block,compressed_earth_block,Northern,premium,14989,2640.91,276.624,120.088,433453.47
387.82,3,commercial_block,sandcrete_block,Western,standard,9933,1764.33,184.856,83.771,282319.31
465.78,1,warehouse,clay_brick,Eastern,standard,4005,711.44,74.54,33.712,115356.52
52.57,1,warehouse,clay_brick,Greater Accra,standard,488,84.3,8.827,3.651,16002.69
525.13,1,warehouse,compressed_earth_block,Ashanti,premium,4765,831.47,87.065,35.873,170487.06
434.4,1,storey_building,sandcrete_block,Ashanti,standard,3516,630.76,66.092,30.24,98647.76
317.46,4,storey_building,sandcrete_block,Northern,premium,10839,1965.85,206.037,98.086,340521.46
135.74,1,storey_building,compressed_earth_block,Northern,premium,1028,184.08,19.292,9.096,32328.64
218.07,1,warehouse,clay_brick,Greater Accra,standard,1790,316.82,33.188,14.613,60834.06
149.82,2,storey_building,clay_brick,Ashanti,premium,2865,492.48,51.558,20.512,115349.31
431.09,1,commercial_block,sandcrete_block,Ashanti,standard,3242,588.04,61.633,29.45,103717.08
302.02,1,commercial_block,sandcrete_block,Ashanti,standard,2199,403.89,42.346,21.21,69072.1
592.9,1,storey_building,compressed_earth_block,Eastern,standard,4678,873.32,91.587,47.49,116784.24
450.19,3,storey_building,sandcrete_block,Greater Accra,standard,9623,1769.62,185.52,91.681,319938.57
172.84,4,bungalow,clay_brick,Western,standard,5772,1013.28,106.116,44.64,177036.0
371.43,4,storey_building,sandcrete_block,Western,standard,12835,2332.09,244.429,116.765,390684.4
170.53,4,bungalow,compressed_earth_block,Eastern,standard,5331,984.34,103.195,51.024,141479.19
415.01,4,warehouse,clay_brick,Ashanti,standard,12113,2216.29,232.354,115.35,414443.9
448.65,3,warehouse,clay_brick,Eastern,standard,9866,1837.96,192.758,100.489,291849.64
422.43,2,storey_building,compressed_earth_block,Central,standard,7796,1355.52,141.947,59.004,210745.23
58.96,2,storey_building,compressed_earth_block,Western,standard,819,157.78,16.56,9.465,23990.48
428.75,2,bungalow,compressed_earth_block,Northern,standard,8231,1440.5,150.865,63.981,196866.96
275.28,4,commercial_block,compressed_earth_block,Northern,premium,10183,1763.04,184.604,75.395,302894.83
162.39,1,commercial_block,compressed_earth_block,Central,standard,1342,237.47,24.879,11.146,34272.65
292.44,3,storey_building,compressed_earth_block,Central,standard,6715,1218.75,127.743,61.355,181528.81
321.82,4,bungalow,compressed_earth_block,Greater Accra,standard,9405,1752.87,183.83,95.508,301883.67
187.08,4,warehouse,sandcrete_block,Western,standard,4886,943.89,99.051,55.736,137443.47
513.57,3,bungalow,clay_brick,Eastern,standard,11554,2139.87,224.375,113.669,354110.68
555.23,1,commercial_block,compressed_earth_block,Eastern,premium,4223,773.44,81.085,40.187,141924.13
333.55,3,commercial_block,clay_brick,Western,premium,8238,1505.54,157.823,77.227,337490.71
504.36,4,warehouse,compressed_earth_block,Eastern,standard,17087,3078.79,322.681,153.409,453321.68
238.92,1,bungalow,clay_brick,Central,standard,2209,382.58,40.056,16.152,70866.41
419.56,4,bungalow,compressed_earth_block,Northern,standard,13485,2408.98,252.356,111.395,335382.88
58.86,3,warehouse,compressed_earth_block,Western,premium,1664,285.85,29.925,11.839,50378.73
104.07,3,commercial_block,sandcrete_block,Greater Accra,standard,2143,405.68,42.557,22.944,77410.42
315.05,2,commercial_block,clay_brick,Central,standard,4602,848.38,88.949,44.556,140763.53
510.65,3,commercial_block,compressed_earth_block,Eastern,premium,10978,2017.46,211.509,105.027,367074.58
242.64,3,bungalow,compressed_earth_block,Northern,standard,5772,1042.17,109.229,52.062,148821.49
570.28,2,storey_building,clay_brick,Northern,standard,8945,1618.14,169.578,79.546,246354.51
504.15,2,warehouse,compressed_earth_block,Eastern,standard,8132,1509.03,158.234,80.553,203646.12
240.01,2,storey_building,compressed_earth_block,Eastern,standard,3199,623.49,65.437,37.453,92885.12
312.55,2,commercial_block,compressed_earth_block,Eastern,standard,5672,1001.47,104.9,45.575,152096.03
262.12,4,commercial_block,clay_brick,Ashanti,standard,8656,1517.02,158.889,68.072,271159.43
230.89,1,warehouse,sandcrete_block,Greater Accra,standard,1983,350.68,36.74,16.517,69166.84
106.76,1,commercial_block,clay_brick,Central,standard,976,169.53,17.752,7.324,26512.76
349.61,2,storey_building,compressed_earth_block,Eastern,standard,6263,1127.39,118.136,54.516,171741.49
521.75,1,commercial_block,compressed_earth_block,Western,standard,4252,763.65,80.034,37.87,108086.2
217.98,4,commercial_block,compressed_earth_block,Central,standard,6408,1170.69,122.698,58.441,179491.03
394.07,4,commercial_block,sandcrete_block,Central,standard,15227,2658.13,278.384,117.759,401120.9
366.1,2,warehouse,sandcrete_block,Greater Accra,standard,5224,980.49,102.849,54.925,197041.64
213.64,1,warehouse,clay_brick,Eastern,premium,1664,303.78,31.843,15.452,65952.15
540.89,4,bungalow,sandcrete_block,Greater Accra,premium,14736,2812.83,295.099,160.823,676396.95
373.77,3,storey_building,compressed_earth_block,Ashanti,standard,10261,1793.01,187.782,79.564,295329.07
513.95,3,warehouse,compressed_earth_block,Central,standard,13813,2471.18,258.937,118.78,347208.68
124.65,3,bungalow,sandcrete_block,Western,standard,3137,565.28,59.239,27.698,99973.39
109.72,1,bungalow,clay_brick,Northern,standard,823,151.97,15.934,8.035,23309.87
485.05,4,commercial_block,compressed_earth_block,Western,premium,14174,2620.07,274.765,142.007,535810.64
425.42,3,storey_building,compressed_earth_block,Eastern,standard,9530,1742.44,182.655,89.238,244642.5
509.0,2,bungalow,sandcrete_block,Western,standard,8890,1573.87,164.857,71.674,277577.76
381.73,1,storey_building,clay_brick,Northern,standard,3457,604.25,63.279,26.504,94365.59
350.61,3,commercial_block,sandcrete_block,Greater Accra,standard,8501,1563.06,163.886,82.514,277238.32
58.56,2,commercial_block,clay_brick,Northern,standard,917,164.26,17.212,7.955,25716.66
212.83,2,storey_building,sandcrete_block,Greater Accra,standard,3817,681.27,71.382,32.491,123395.06
212.55,1,bungalow,compressed_earth_block,Ashanti,standard,1864,332.35,34.815,15.256,54790.74
501.56,3,bungalow,sandcrete_block,Central,standard,11435,2095.45,219.667,107.819,347062.68
371.68,2,bungalow,clay_brick,Greater Accra,standard,6765,1182.89,123.879,52.152,240222.4
564.26,1,warehouse,sandcrete_block,Ashanti,standard,4161,758.36,79.491,38.461,138301.61
302.02,3,commercial_block,compressed_earth_block,Greater Accra,premium,7861,1394.43,146.076,64.563,317248.52
110.06,4,bungalow,compressed_earth_block,Northern,premium,3909,678.51,71.046,29.106,132759.41
236.77,4,bungalow,sandcrete_block,Northern,standard,8073,1467.82,153.847,73.704,233732.02
111.2,1,commercial_block,clay_brick,Ashanti,standard,1064,186.65,19.55,8.434,32773.44
151.04,4,commercial_block,compressed_earth_block,Northern,standard,4484,823.31,86.31,42.51,109938.12
59.96,3,commercial_block,sandcrete_block,Greater Accra,standard,1735,301.45,31.567,13.115,57136.33
528.12,3,commercial_block,compressed_earth_block,Western,standard,11315,2160.74,226.732,126.676,320828.0
575.62,2,warehouse,sandcrete_block,Northern,standard,10646,1868.59,195.712,83.973,258567.04
538.65,2,storey_building,compressed_earth_block,Ashanti,standard,9947,1758.44,184.217,81.939,283843.29
390.95,3,storey_building,compressed_earth_block,Central,standard,9613,1728.42,181.125,84.285,252004.37
522.75,3,bungalow,clay_brick,Greater Accra,standard,11178,2031.05,212.887,102.433,398917.37
467.73,3,warehouse,sandcrete_block,Central,premium,12502,2199.01,230.32,98.796,442639.8
231.29,3,storey_building,sandcrete_block,Western,standard,6407,1089.0,113.963,42.097,184643.76
539.47,4,storey_building,compressed_earth_block,Greater Accra,standard,16915,3118.11,326.98,167.945,582424.13
493.84,4,commercial_block,sandcrete_block,Eastern,premium,15679,2865.59,300.385,146.309,502140.31
592.13,2,storey_building,compressed_earth_block,Northern,standard,9033,1651.02,173.073,84.647,238365.69
204.54,3,commercial_block,clay_brick,Greater Accra,standard,5593,979.92,102.639,44.292,189686.76
316.63,1,storey_building,sandcrete_block,Western,standard,2823,495.0,51.848,22.44,82989.37
491.28,4,warehouse,sandcrete_block,Northern,standard,17154,3089.95,323.817,151.667,454648.42
257.29,4,commercial_block,compressed_earth_block,Central,premium,7658,1401.74,146.962,73.3,267484.15
452.82,3,commercial_block,sandcrete_block,Central,standard,12356,2173.1,227.613,98.134,343135.61
393.06,3,commercial_block,compressed_earth_block,Western,premium,9570,1699.98,178.091,79.089,331723.67
506.79,1,commercial_block,compressed_earth_block,Ashanti,standard,3599,661.7,69.37,34.317,108546.16
454.49,1,bungalow,clay_brick,Western,standard,4045,706.11,73.938,30.439,124237.36
190.62,4,warehouse,clay_brick,Eastern,standard,6041,1105.32,115.866,56.486,192507.42
83.49,3,storey_building,compressed_earth_block,Eastern,premium,2051,372.96,39.087,18.504,71628.51
564.82,3,warehouse,sandcrete_block,Central,standard,14571,2591.48,271.508,122.198,391536.27
486.71,1,storey_building,clay_brick,Central,standard,3286,618.2,64.835,33.837,116674.28
111.66,4,bungalow,sandcrete_block,Greater Accra,premium,3955,711.22,74.521,34.017,161716.43
421.69,1,commercial_block,clay_brick,Greater Accra,standard,3820,684.39,71.704,32.373,135504.03
531.09,4,bungalow,clay_brick,Northern,premium,14266,2756.24,289.256,164.187,544709.92
566.8,4,storey_building,compressed_earth_block,Northern,premium,17509,3232.2,338.883,169.784,576407.93
217.27,1,warehouse,compressed_earth_block,Northern,standard,1921,343.81,36.024,16.427,48143.87
496.93,2,warehouse,compressed_earth_block,Ashanti,standard,7238,1366.01,143.287,76.428,226613.97
516.22,4,warehouse,sandcrete_block,Eastern,premium,18586,3254.09,340.829,146.315,633383.18
146.97,3,storey_building,sandcrete_block,Western,premium,3479,622.98,65.279,30.074,130487.63
265.0,4,commercial_block,clay_brick,Central,standard,7571,1399.1,146.697,74.047,252897.9
317.44,1,commercial_block,compressed_earth_block,Western,standard,2607,464.5,48.672,22.348,71252.25
351.76,1,bungalow,sandcrete_block,Western,standard,2966,551.23,57.79,28.638,80009.03
94.3,4,warehouse,sandcrete_block,Greater Accra,standard,3406,600.81,62.927,26.952,109112.85
443.7,4,commercial_block,compressed_earth_block,Western,standard,15315,2757.21,288.935,134.437,415624.16
535.87,3,commercial_block,clay_brick,Central,standard,12096,2213.37,232.032,114.143,388395.54
293.17,2,commercial_block,compressed_earth_block,Central,standard,4985,886.5,92.885,42.3,137910.89
392.04,2,bungalow,compressed_earth_block,Northern,standard,5507,1046.26,109.777,60.607,141721.81
437.58,1,bungalow,clay_brick,Western,standard,3241,603.6,63.306,33.177,111509.73
318.54,2,commercial_block,clay_brick,Eastern,premium,5806,1029.99,107.913,48.613,210747.91
190.86,4,warehouse,compressed_earth_block,Ashanti,premium,5524,1028.07,107.818,56.037,203076.58
156.63,3,commercial_block,sandcrete_block,Western,standard,3840,682.16,71.465,31.838,122804.02
228.4,4,storey_building,sandcrete_block,Eastern,standard,7255,1290.55,135.21,60.829,206858.43
63.7,2,storey_building,sandcrete_block,Northern,premium,1155,202.11,21.167,8.924,38127.82
459.48,2,warehouse,compressed_earth_block,Western,standard,8890,1533.1,160.508,64.219,244263.53
416.0,2,commercial_block,clay_brick,Eastern,standard,6821,1224.69,128.342,59.989,198545.05
561.45,2,storey_building,compressed_earth_block,Central,standard,9088,1648.57,172.792,82.825,270976.96
414.36,1,commercial_block,clay_brick,Eastern,standard,3323,595.95,62.449,28.94,98254.18
382.85,4,storey_building,sandcrete_block,Eastern,standard,11250,2137.03,224.213,123.11,306349.12
378.82,2,storey_building,clay_brick,Central,standard,6209,1106.68,115.94,51.753,175817.76
294.46,1,warehouse,clay_brick,Greater Accra,premium,2333,419.3,43.943,20.663,105777.83
140.94,3,warehouse,compressed_earth_block,Ashanti,standard,3861,682.0,71.442,31.366,113639.92
366.82,4,bungalow,sandcrete_block,Central,standard,14592,2519.9,263.856,108.089,388609.98
42.36,4,warehouse,compressed_earth_block,Eastern,premium,1235,229.99,24.12,12.561,44995.72
127.96,2,commercial_block,compressed_earth_block,Central,premium,2361,414.98,43.462,18.532,77346.11
430.93,1,storey_building,compressed_earth_block,Ashanti,standard,3391,630.61,66.123,33.544,101191.15
155.14,2,storey_building,compressed_earth_block,Eastern,standard,2559,464.75,48.712,23.366,65031.29
198.2,4,bungalow,sandcrete_block,Ashanti,standard,6653,1178.52,123.435,52.946,206860.51
192.65,2,commercial_block,clay_brick,Western,standard,3419,588.94,61.661,24.796,114060.72
143.64,3,commercial_block,compressed_earth_block,Greater Accra,standard,4032,690.82,72.324,28.887,124839.13
373.46,2,bungalow,clay_brick,Northern,premium,5353,983.16,103.081,51.688,190289.17
522.67,1,storey_building,clay_brick,Ashanti,standard,4431,797.19,83.528,38.067,148139.39
498.42,2,warehouse,sandcrete_block,Eastern,standard,7383,1347.04,141.195,68.187,212115.3
207.06,4,warehouse,clay_brick,Central,standard,5979,1119.67,117.414,60.317,198820.09
52.86,4,warehouse,clay_brick,Greater Accra,standard,1509,279.81,29.34,14.949,57932.46
503.96,3,commercial_block,clay_brick,Greater Accra,standard,10649,1958.3,205.304,101.781,429697.27
448.08,1,warehouse,clay_brick,Northern,standard,3252,590.65,61.909,29.701,89413.22
119.16,1,warehouse,compressed_earth_block,Eastern,premium,900,169.19,17.745,9.318,29920.6
207.29,2,storey_building,clay_brick,Eastern,standard,3342,611.59,64.112,31.404,101188.34
531.43,2,warehouse,clay_brick,Eastern,standard,7649,1397.1,146.454,71.558,259921.43
44.58,1,commercial_block,clay_brick,Northern,standard,327,61.04,6.402,3.326,9458.99
416.88,3,commercial_block,sandcrete_block,Ashanti,standard,11803,2067.78,216.56,91.816,366382.65
384.81,4,bungalow,sandcrete_block,Greater Accra,standard,11394,2115.83,221.927,117.501,356785.54
320.2,2,commercial_block,clay_brick,Northern,standard,5206,924.95,96.894,42.708,149251.87
358.12,1,bungalow,clay_brick,Central,standard,3481,589.5,61.698,23.317,105459.41
218.88,3,commercial_block,sandcrete_block,Western,standard,6409,1107.35,115.952,47.682,177457.79
516.37,4,commercial_block,clay_brick,Ashanti,standard,15402,2864.72,300.415,154.741,521058.72
205.15,2,storey_building,compressed_earth_block,Western,standard,3788,661.88,69.317,29.264,102281.44
503.92,2,warehouse,clay_brick,Northern,standard,7217,1329.84,139.418,69.123,198970.82
181.29,2,commercial_block,compressed_earth_block,Central,standard,3307,589.13,61.733,28.478,91656.33
265.55,1,commercial_block,compressed_earth_block,Eastern,premium,1911,354.77,37.205,19.248,65705.73
123.61,4,warehouse,sandcrete_block,Eastern,standard,3942,727.61,76.288,38.253,114228.06
437.36,2,warehouse,sandcrete_block,Eastern,standard,6438,1196.02,125.424,64.656,200175.38
251.88,1,bungalow,clay_brick,Greater Accra,premium,2096,373.81,39.166,17.773,89210.02
493.2,2,bungalow,sandcrete_block,Ashanti,premium,8079,1434.9,150.311,66.013,294666.14
484.87,3,bungalow,sandcrete_block,Central,premium,10143,1901.08,199.395,105.125,363731.11
444.24,4,storey_building,compressed_earth_block,Ashanti,standard,16080,2849.89,298.54,131.441,476645.37
235.38,3,storey_building,sandcrete_block,Ashanti,premium,5407,990.33,103.831,51.972,221271.4
235.78,1,commercial_block,compressed_earth_block,Central,standard,2137,378.01,39.593,17.089,61042.5
108.42,3,bungalow,compressed_earth_block,Greater Accra,premium,2719,477.72,50.036,21.504,107832.88
251.82,2,commercial_block,sandcrete_block,Northern,standard,4178,740.4,77.574,35.11,108310.06
187.61,3,commercial_block,compressed_earth_block,Central,premium,4534,819.88,85.938,41.432,162698.23
362.86,4,storey_building,clay_brick,Western,premium,13912,2418.52,253.248,104.191,518854.63
450.24,4,commercial_block,compressed_earth_block,Central,standard,17111,2932.29,306.961,120.343,423834.64
147.29,3,bungalow,compressed_earth_block,Eastern,standard,3774,685.43,71.843,34.48,101764.36
391.07,3,storey_building,sandcrete_block,Greater Accra,premium,8733,1605.23,168.297,83.924,372725.15
468.5,3,commercial_block,clay_brick,Eastern,standard,12284,2157.81,226.029,98.687,369158.8
346.7,4,bungalow,compressed_earth_block,Eastern,standard,11957,2112.33,221.26,96.214,311620.55
288.93,1,commercial_block,clay_brick,Northern,standard,2032,379.81,39.83,20.604,60077.13
113.54,3,commercial_block,compressed_earth_block,Eastern,standard,3169,546.32,57.19,22.449,73851.87
229.32,4,commercial_block,clay_brick,Ashanti,standard,6829,1251.67,131.195,63.092,227073.6
66.43,4,storey_building,clay_brick,Eastern,premium,2073,370.51,38.823,17.817,86378.88
103.22,2,bungalow,clay_brick,Eastern,standard,1749,313.0,32.798,15.14,55023.82
591.47,1,bungalow,compressed_earth_block,Greater Accra,premium,4170,777.25,81.505,41.776,169282.9
286.39,2,bungalow,compressed_earth_block,Eastern,standard,4112,770.99,80.866,42.652,112966.6
308.11,3,commercial_block,compressed_earth_block,Western,standard,7566,1347.24,141.15,63.55,217353.37
490.72,4,bungalow,clay_brick,Eastern,standard,17186,2978.33,311.864,128.212,507735.29
386.4,1,warehouse,clay_brick,Greater Accra,standard,2991,540.84,56.69,27.331,109945.6
300.56,3,commercial_block,sandcrete_block,Western,premium,6891,1259.35,132.02,64.933,269770.02
246.38,2,warehouse,compressed_earth_block,Eastern,standard,4405,777.66,81.446,34.592,118109.69
575.68,3,warehouse,sandcrete_block,Northern,standard,15251,2770.62,290.4,139.291,412782.98
588.02,1,commercial_block,clay_brick,Eastern,standard,5196,905.6,94.835,39.542,149896.17
114.35,1,bungalow,compressed_earth_block,Ashanti,standard,958,175.73,18.423,9.127,26736.18
285.98,1,warehouse,clay_brick,Northern,premium,2195,408.99,42.896,22.574,70876.74
181.25,1,commercial_block,clay_brick,Greater Accra,standard,1347,246.46,25.841,12.951,51315.41
350.5,4,storey_building,sandcrete_block,Central,standard,13033,2235.91,234.091,93.848,360953.7
343.62,2,commercial_block,sandcrete_block,Ashanti,premium,5957,1046.71,109.627,46.778,219295.64
131.58,3,commercial_block,clay_brick,Northern,standard,3442,610.28,63.941,28.939,97062.92
516.46,4,storey_building,clay_brick,Central,standard,14641,2721.47,285.397,147.31,448745.77
84.46,1,bungalow,clay_brick,Ashanti,standard,610,113.8,11.935,6.287,21276.2
472.54,1,warehouse,sandcrete_block,Greater Accra,standard,4052,706.35,73.972,31.093,137592.38
190.26,2,bungalow,clay_brick,Greater Accra,standard,3021,534.11,55.949,24.52,105661.02
187.85,2,commercial_block,sandcrete_block,Eastern,standard,3522,611.04,63.979,26.041,93433.44
493.7,3,bungalow,compressed_earth_block,Central,standard,13308,2341.24,245.23,106.104,398597.55
344.28,3,commercial_block,sandcrete_block,Central,premium,8891,1578.82,165.39,72.861,330726.42
184.74,3,warehouse,compressed_earth_block,Northern,premium,4664,829.71,86.917,38.376,132210.31
345.02,1,bungalow,sandcrete_block,Central,standard,3145,555.66,58.198,24.937,82350.75
341.39,3,warehouse,sandcrete_block,Western,standard,6944,1332.68,139.843,78.237,226099.97
485.03,1,storey_building,sandcrete_block,Ashanti,standard,3997,715.91,75.022,34.949,125877.45
53.12,1,commercial_block,clay_brick,Western,standard,410,73.94,7.749,3.633,12927.2
212.61,2,storey_building,clay_brick,Western,standard,2964,551.22,57.806,29.878,91984.97
167.71,1,storey_building,clay_brick,Greater Accra,standard,1485,263.93,27.653,12.525,54180.15
69.34,2,warehouse,clay_brick,Central,standard,1242,221.83,23.242,10.508,40236.41
473.45,2,storey_building,sandcrete_block,Northern,premium,6688,1252.42,131.345,68.21,244991.66
448.37,2,warehouse,clay_brick,Greater Accra,standard,7142,1333.56,139.841,71.69,258912.83
78.12,2,warehouse,compressed_earth_block,Northern,standard,1391,250.43,26.244,12.258,33780.83
305.08,4,commercial_block,sandcrete_block,Northern,standard,11687,2073.43,217.225,97.198,300646.48
69.45,3,storey_building,sandcrete_block,Eastern,standard,1529,276.6,28.988,13.654,40680.23
383.8,2,storey_building,sandcrete_block,Central,standard,7004,1233.03,129.166,56.904,196857.51
486.52,4,commercial_block,compressed_earth_block,Eastern,standard,18152,3115.74,326.198,130.255,474858.28
503.0,1,warehouse,sandcrete_block,Central,standard,4327,762.79,79.906,35.213,125828.72
451.05,4,bungalow,compressed_earth_block,Western,standard,15865,2741.11,286.986,115.278,428320.61
336.92,2,commercial_block,sandcrete_block,Ashanti,standard,5934,1028.19,107.665,44.379,173074.17
108.31,4,storey_building,clay_brick,Greater Accra,standard,4222,731.68,76.613,31.346,156884.45
365.15,4,commercial_block,sandcrete_block,Western,standard,11769,2142.62,224.576,107.701,349168.52
223.34,2,commercial_block,compressed_earth_block,Ashanti,standard,4288,750.55,78.602,33.028,125405.2
537.07,1,bungalow,sandcrete_block,Greater Accra,standard,3977,729.48,76.473,37.62,142552.81
94.73,2,commercial_block,clay_brick,Northern,standard,1727,306.25,32.082,14.221,50523.07
364.69,2,storey_building,clay_brick,Eastern,standard,5450,995.39,104.333,50.203,145211.58
267.73,2,bungalow,sandcrete_block,Western,standard,4553,823.15,86.249,39.354,142014.22
579.42,2,storey_building,clay_brick,Western,standard,10543,1832.64,191.916,80.114,311429.11
364.03,4,storey_building,compressed_earth_block,Ashanti,standard,11443,2064.89,216.408,102.355,338843.67
430.43,1,bungalow,sandcrete_block,Western,premium,3727,657.62,68.884,30.041,139858.34
305.8,2,commercial_block,clay_brick,Eastern,standard,5227,951.74,99.759,48.065,150032.87
46.19,4,warehouse,compressed_earth_block,Western,standard,1641,288.31,30.193,12.72,43078.31
173.59,2,bungalow,compressed_earth_block,Greater Accra,standard,2675,469.91,49.221,21.367,78245.31
138.47,3,warehouse,sandcrete_block,Eastern,standard,3166,577.55,60.534,28.911,82296.5
353.39,4,bungalow,compressed_earth_block,Western,standard,12787,2235.6,234.105,97.124,355347.32
179.04,1,warehouse,sandcrete_block,Northern,standard,1482,267.82,28.069,13.309,38618.64
138.91,3,warehouse,clay_brick,Central,standard,3437,616.51,64.605,30.007,110247.94
557.67,4,commercial_block,sandcrete_block,Greater Accra,premium,19754,3501.97,366.867,162.812,860005.79
261.1,3,commercial_block,clay_brick,Central,standard,7146,1246.48,130.526,54.002,223106.11
204.6,3,storey_building,compressed_earth_block,Western,standard,4558,850.84,89.234,46.607,135634.62
204.87,2,commercial_block,compressed_earth_block,Greater Accra,standard,3572,630.36,66.035,29.184,104998.78
344.49,2,commercial_block,compressed_earth_block,Greater Accra,premium,5913,1043.75,109.333,47.839,256671.31
165.43,1,commercial_block,compressed_earth_block,Northern,standard,1341,242.98,25.463,11.934,35451.67
486.45,2,storey_building,compressed_earth_block,Central,premium,7484,1350.2,141.488,65.694,252146.04
347.24,2,bungalow,clay_brick,Western,standard,6591,1151.67,120.608,50.629,196239.26
447.91,2,commercial_block,clay_brick,Northern,premium,7808,1385.21,145.095,62.984,288130.83
580.53,1,warehouse,compressed_earth_block,Western,standard,5323,943.21,98.813,44.056,127640.84
464.91,1,commercial_block,compressed_earth_block,Western,standard,4221,766.5,80.345,38.83,111723.93
463.73,2,warehouse,compressed_earth_block,Greater Accra,premium,7785,1393.0,145.952,66.277,308279.42
569.07,2,warehouse,sandcrete_block,Northern,standard,9972,1773.53,185.796,82.467,281810.25
450.32,3,commercial_block,sandcrete_block,Central,standard,12226,2132.39,223.297,92.606,357486.17
228.75,1,bungalow,compressed_earth_block,Western,standard,1664,308.68,32.364,16.171,46870.21
253.89,1,warehouse,compressed_earth_block,Greater Accra,standard,2347,416.14,43.595,19.309,78015.08
183.97,3,bungalow,clay_brick,Ashanti,premium,4508,819.54,85.897,41.028,179534.18
72.64,4,commercial_block,sandcrete_block,Central,standard,2564,461.96,48.413,22.74,76369.11
514.0,3,warehouse,clay_brick,Central,standard,12621,2303.66,241.477,117.357,371405.85
207.57,1,storey_building,clay_brick,Northern,standard,1476,275.91,28.938,15.214,39367.47
218.56,3,bungalow,compressed_earth_block,Eastern,premium,5699,1010.65,105.886,47.696,175258.01
226.96,4,bungalow,sandcrete_block,Ashanti,standard,8273,1439.29,150.712,62.114,259226.65
324.26,3,storey_building,sandcrete_block,Central,premium,7885,1420.05,148.816,69.611,282616.32
438.61,2,bungalow,clay_brick,Ashanti,premium,7433,1309.04,137.121,59.888,279845.39
420.63,4,commercial_block,compressed_earth_block,Greater Accra,standard,12655,2293.31,240.34,113.161,368634.99
283.56,1,warehouse,sandcrete_block,Greater Accra,standard,2031,385.53,40.442,21.746,77669.28
236.21,2,bungalow,sandcrete_block,Ashanti,standard,3907,710.84,74.505,35.625,119898.54
228.08,1,storey_building,clay_brick,Greater Accra,standard,2001,350.3,36.685,15.363,67688.86
435.07,2,storey_building,sandcrete_block,Central,standard,7420,1324.57,138.774,62.359,218889.84
61.11,2,warehouse,compressed_earth_block,Central,premium,904,168.24,17.641,8.962,33330.74
436.69,2,commercial_block,clay_brick,Eastern,standard,7516,1310.29,137.224,57.947,224022.96
353.32,2,storey_building,compressed_earth_block,Ashanti,standard,5258,967.29,101.42,51.1,151350.29
365.82,2,storey_building,sandcrete_block,Northern,standard,6699,1181.89,123.795,53.53,172487.24
246.0,4,bungalow,clay_brick,Ashanti,standard,6846,1233.38,129.251,60.234,205197.85
499.79,2,warehouse,compressed_earth_block,Eastern,premium,7892,1449.44,151.946,74.605,266959.22
293.67,2,bungalow,clay_brick,Eastern,premium,5170,885.34,92.669,35.586,182489.16
355.7,1,commercial_block,sandcrete_block,Northern,standard,2840,519.3,54.439,26.797,77591.44
332.16,4,warehouse,sandcrete_block,Northern,standard,10893,1910.52,200.104,85.794,264344.19
145.81,2,storey_building,sandcrete_block,Western,premium,2244,407.25,42.693,20.975,80975.11
346.78,2,warehouse,clay_brick,Greater Accra,standard,5260,967.37,101.426,50.852,187364.81
373.17,3,commercial_block,clay_brick,Western,standard,8093,1464.97,153.549,73.645,249158.26
57.65,4,commercial_block,clay_brick,Ashanti,premium,1887,343.19,35.975,17.54,76695.98
49.54,2,warehouse,clay_brick,Ashanti,standard,892,155.45,16.279,6.838,32823.53
235.19,4,commercial_block,clay_brick,Eastern,standard,8257,1455.72,152.486,66.624,222564.1
362.62,1,bungalow,sandcrete_block,Western,standard,2876,515.67,54.036,24.984,82495.26
272.08,1,warehouse,clay_brick,Ashanti,standard,1908,360.83,37.854,20.569,64896.07
415.57,2,warehouse,compressed_earth_block,Eastern,standard,7318,1317.96,138.101,63.461,183459.32
598.74,4,storey_building,clay_brick,Greater Accra,standard,19235,3561.43,373.41,187.703,712270.32
569.17,1,storey_building,compressed_earth_block,Northern,premium,5065,903.95,94.72,43.601,157755.54
554.2,2,bungalow,compressed_earth_block,Central,premium,9160,1658.69,173.829,81.706,290743.88
119.4,1,bungalow,sandcrete_block,Greater Accra,standard,874,162.35,17.026,8.792,27796.82
314.23,4,commercial_block,sandcrete_block,Northern,standard,9443,1724.16,180.753,89.257,268597.93
138.29,3,storey_building,clay_brick,Western,standard,3492,624.7,65.462,30.293,106929.69
122.02,4,warehouse,compressed_earth_block,Western,standard,4655,801.73,83.927,32.874,119309.63
198.29,4,warehouse,sandcrete_block,Greater Accra,standard,6378,1143.24,119.792,54.961,215559.05
388.09,4,storey_building,sandcrete_block,Central,standard,12477,2229.27,233.594,107.581,346729.75
111.76,1,storey_building,sandcrete_block,Eastern,standard,902,164.58,17.251,8.301,25323.28
357.72,4,bungalow,clay_brick,Northern,standard,10506,1967.74,206.389,108.958,316591.52
352.28,1,bungalow,compressed_earth_block,Western,standard,3184,568.87,59.598,26.69,94289.68
306.56,2,commercial_block,sandcrete_block,Greater Accra,standard,4837,874.45,91.66,44.369,163923.35
190.27,3,bungalow,compressed_earth_block,Ashanti,standard,4184,765.1,80.205,39.27,123952.94
532.19,2,commercial_block,compressed_earth_block,Eastern,standard,9842,1749.75,183.287,80.151,268703.39
594.16,4,bungalow,clay_brick,Ashanti,premium,20091,3669.19,384.603,185.904,835315.46
155.23,4,bungalow,sandcrete_block,Central,standard,5130,932.61,97.758,47.434,137280.86
385.68,4,commercial_block,sandcrete_block,Western,premium,12766,2304.93,241.565,114.236,486562.43
363.24,4,storey_building,compressed_earth_block,Northern,standard,10927,1990.34,208.635,101.444,295529.17
314.9,3,warehouse,sandcrete_block,Ashanti,standard,6705,1266.62,132.861,70.86,207545.44
299.11,1,commercial_block,sandcrete_block,Central,premium,2620,467.43,48.975,22.246,98309.66
531.45,2,warehouse,sandcrete_block,Greater Accra,standard,7709,1409.09,147.72,72.859,249175.12
538.08,1,commercial_block,sandcrete_block,Western,premium,4746,835.01,87.466,38.161,178922.83
148.09,4,storey_building,compressed_earth_block,Ashanti,standard,4468,796.64,83.465,37.637,130455.24
358.82,2,commercial_block,sandcrete_block,Ashanti,standard,6302,1127.64,118.162,54.562,195392.72
444.09,1,storey_building,clay_brick,Ashanti,standard,2911,572.03,60.045,34.938,97315.46
315.19,1,commercial_block,compressed_earth_block,Greater Accra,standard,2736,485.65,50.885,23.135,82524.02
49.72,3,commercial_block,compressed_earth_block,Central,standard,1205,218.83,22.937,11.075,33013.19
369.75,3,storey_building,sandcrete_block,Greater Accra,premium,7251,1393.12,146.175,81.054,321311.71
578.56,2,commercial_block,compressed_earth_block,Central,standard,8870,1658.5,173.929,90.105,249149.0
596.39,1,bungalow,compressed_earth_block,Greater Accra,standard,4281,790.71,82.915,42.401,131768.13
419.72,3,commercial_block,sandcrete_block,Eastern,standard,9677,1799.84,188.746,97.386,280803.51
118.29,4,storey_building,clay_brick,Western,premium,3359,618.75,64.882,33.109,139908.18
273.37,2,warehouse,clay_brick,Central,premium,4363,797.57,83.609,40.924,175972.84
358.6,4,commercial_block,sandcrete_block,Central,standard,13430,2352.97,246.404,102.793,374714.72
207.21,4,warehouse,sandcrete_block,Eastern,standard,6175,1151.31,120.734,62.122,168479.02
219.83,3,commercial_block,sandcrete_block,Central,standard,4884,903.52,94.734,47.686,154336.76
259.34,4,commercial_block,sandcrete_block,Central,standard,7933,1440.31,150.956,71.786,237165.67
239.0,1,warehouse,clay_brick,Western,premium,2120,376.37,39.426,17.29,78213.4
450.2,3,warehouse,compressed_earth_block,Central,standard,11682,2164.67,226.955,113.584,351787.34
282.11,4,bungalow,clay_brick,Greater Accra,standard,7501,1464.98,153.772,89.283,327537.45
309.86,2,commercial_block,compressed_earth_block,Ashanti,standard,6092,1071.85,112.268,48.47,186741.16
371.86,4,bungalow,clay_brick,Central,standard,11801,2127.65,222.964,103.942,386889.49
120.61,3,warehouse,sandcrete_block,Greater Accra,standard,2918,528.69,55.408,26.157,103629.64
507.0,1,bungalow,compressed_earth_block,Greater Accra,premium,3733,689.07,72.247,36.277,155923.83
185.96,2,bungalow,clay_brick,Northern,standard,3366,593.48,62.161,26.712,102125.45
253.91,3,storey_building,compressed_earth_block,Greater Accra,standard,5776,1046.68,109.704,52.441,201388.8
200.64,4,storey_building,sandcrete_block,Greater Accra,premium,6176,1162.02,121.89,65.033,272932.6
523.8,3,commercial_block,compressed_earth_block,Ashanti,standard,13489,2456.72,257.486,122.657,408363.8
106.92,1,warehouse,sandcrete_block,Ashanti,standard,910,164.21,17.209,8.1,29684.68
443.28,4,storey_building,compressed_earth_block,Western,premium,12796,2403.17,252.073,134.084,518733.18
352.65,2,storey_building,compressed_earth_block,Northern,standard,5500,995.71,104.345,48.695,140418.25
336.5,2,storey_building,compressed_earth_block,Greater Accra,standard,6066,1045.14,109.42,43.682,182542.38
358.93,4,storey_building,sandcrete_block,Western,standard,11250,2040.59,213.906,104.25,333256.35
326.61,3,warehouse,sandcrete_block,Western,standard,7567,1380.13,144.664,69.916,225917.26
416.27,2,commercial_block,compressed_earth_block,Ashanti,standard,7032,1252.33,131.199,58.541,202903.19
489.98,4,bungalow,sandcrete_block,Greater Accra,standard,14996,2738.08,287.044,141.523,518820.52
340.0,1,commercial_block,sandcrete_block,Eastern,standard,3186,557.05,58.343,24.986,87330.37
564.33,3,bungalow,sandcrete_block,Western,standard,15786,2810.58,294.455,131.903,445198.68
543.17,3,warehouse,compressed_earth_block,Northern,standard,11511,2179.42,228.626,123.086,327233.52
427.09,2,warehouse,sandcrete_block,Western,standard,8197,1408.76,147.473,57.834,230950.94
531.57,2,commercial_block,sandcrete_block,Ashanti,premium,7878,1399.91,146.659,65.414,308910.3
273.52,2,bungalow,compressed_earth_block,Central,standard,3819,716.47,75.136,38.831,115080.42
263.25,3,warehouse,compressed_earth_block,Central,premium,5606,1041.13,109.164,55.041,192261.89
522.8,4,commercial_block,sandcrete_block,Western,standard,15111,2852.51,299.192,158.148,447434.22
585.51,3,storey_building,compressed_earth_block,Northern,standard,15650,2799.73,293.391,136.52,425899.67
297.85,3,bungalow,sandcrete_block,Ashanti,premium,8080,1431.12,149.915,65.92,305054.49
280.41,3,storey_building,compressed_earth_block,Ashanti,standard,6313,1122.31,117.586,53.044,188141.82
315.83,4,bungalow,clay_brick,Eastern,premium,10143,1802.2,188.815,84.944,397636.25
78.5,3,commercial_block,clay_brick,Central,standard,1671,305.21,31.995,15.686,51942.75
47.41,4,storey_building,compressed_earth_block,Eastern,standard,1698,302.39,31.68,14.197,43473.67
86.49,1,warehouse,compressed_earth_block,Eastern,standard,779,137.45,14.398,6.295,20658.33
457.72,4,bungalow,clay_brick,Greater Accra,standard,14090,2615.48,274.244,138.857,580018.8
183.81,1,bungalow,sandcrete_block,Northern,standard,1645,283.49,29.675,11.593,42154.21
577.51,1,storey_building,sandcrete_block,Central,standard,4536,822.9,86.257,41.827,147192.71
365.52,4,warehouse,clay_brick,Greater Accra,standard,12142,2172.13,227.621,105.798,453621.83
544.81,1,bungalow,sandcrete_block,Northern,premium,4179,762.71,79.953,39.067,140055.65
351.53,2,warehouse,compressed_earth_block,Ashanti,standard,4883,910.49,95.481,49.246,149437.31
323.78,3,commercial_block,clay_brick,Western,premium,8801,1553.1,162.693,71.499,300210.94
222.07,2,commercial_block,sandcrete_block,Central,standard,3830,670.5,70.224,29.857,112768.05
467.01,4,bungalow,sandcrete_block,Western,standard,16346,2892.87,303.021,131.905,517947.21
134.28,4,warehouse,clay_brick,Ashanti,standard,4715,821.37,86.007,35.339,153823.61
157.89,3,commercial_block,clay_brick,Greater Accra,premium,4181,730.74,76.524,31.975,175061.67
186.18,1,warehouse,sandcrete_block,Eastern,standard,1534,276.31,28.952,13.29,41220.53
498.59,3,warehouse,compressed_earth_block,Western,standard,13502,2426.12,254.233,117.847,373703.8
417.01,4,bungalow,compressed_earth_block,Greater Accra,standard,13870,2441.8,255.753,110.023,421416.27
529.68,4,bungalow,sandcrete_block,Central,standard,17417,3216.47,337.221,168.019,493312.98
151.22,1,warehouse,sandcrete_block,Central,standard,1485,255.56,26.755,10.601,39669.54
261.56,3,bungalow,compressed_earth_block,Western,standard,7128,1270.89,133.166,60.993,188477.03
520.7,2,commercial_block,sandcrete_block,Greater Accra,standard,8485,1539.82,161.388,76.951,281757.13
58.46,1,warehouse,clay_brick,Central,standard,463,84.91,8.902,4.414,13965.11
365.76,3,bungalow,compressed_earth_block,Western,premium,10231,1797.98,188.312,80.395,317532.76
595.22,3,storey_building,compressed_earth_block,Central,standard,14846,2699.54,282.941,135.124,391781.71
83.45,2,commercial_block,compressed_earth_block,Central,premium,1364,247.65,25.957,12.468,47609.38
145.75,3,storey_building,compressed_earth_block,Eastern,standard,3222,599.17,62.84,32.897,94393.09
418.21,3,commercial_block,clay_brick,Northern,premium,10451,1897.37,198.889,96.622,379278.33
381.36,2,commercial_block,sandcrete_block,Western,standard,7179,1252.57,131.172,54.896,209549.42
254.28,4,bungalow,compressed_earth_block,Northern,premium,7348,1357.6,142.347,71.919,257395.17
487.79,2,bungalow,compressed_earth_block,Northern,standard,9472,1589.5,166.301,58.699,208119.99
324.52,3,commercial_block,clay_brick,Northern,standard,8446,1488.37,155.914,68.692,222480.23
581.76,3,bungalow,compressed_earth_block,Central,standard,13619,2512.25,263.415,133.059,405592.53
507.7,4,warehouse,compressed_earth_block,Greater Accra,standard,14003,2550.61,267.325,127.229,452204.44
552.01,4,warehouse,clay_brick,Greater Accra,standard,17887,3260.12,341.757,167.5,665117.09
59.13,3,bungalow,sandcrete_block,Greater Accra,standard,1551,276.9,29.011,13.118,54242.16
191.46,2,commercial_block,compressed_earth_block,Central,standard,2972,556.24,58.337,30.48,91656.5
42.43,4,warehouse,sandcrete_block,Western,premium,1315,242.81,25.458,12.79,51143.29
438.91,2,storey_building,clay_brick,Western,standard,7309,1295.28,135.675,58.854,235168.41
424.53,1,storey_building,clay_brick,Western,standard,3595,652.09,68.345,32.558,110141.01
457.37,1,warehouse,compressed_earth_block,Western,premium,3261,603.64,63.296,32.132,111538.7
81.4,1,storey_building,compressed_earth_block,Central,standard,614,114.05,11.959,6.083,17783.48
596.77,3,bungalow,sandcrete_block,Central,standard,15283,2746.0,287.717,130.833,436279.11
177.77,2,commercial_block,clay_brick,Western,standard,3075,543.67,56.951,25.027,96575.35
280.22,3,bungalow,sandcrete_block,Eastern,premium,7571,1347.0,141.11,62.497,261661.44
590.21,4,commercial_block,compressed_earth_block,Central,standard,21356,3808.62,399.05,181.17,536610.77
266.11,3,storey_building,clay_brick,Central,premium,5600,1027.6,107.735,53.61,220811.33
322.06,2,storey_building,clay_brick,Eastern,standard,5908,1051.05,110.121,49.752,169092.75
313.4,3,commercial_block,sandcrete_block,Greater Accra,premium,7850,1431.06,150.006,72.7,356211.47
557.83,1,warehouse,compressed_earth_block,Northern,standard,5123,911.58,95.501,42.594,130254.22
398.43,3,storey_building,sandcrete_block,Western,premium,11605,2004.76,209.887,83.907,424885.87
280.6,4,commercial_block,sandcrete_block,Western,standard,9783,1714.13,179.522,76.122,266831.75
125.74,2,bungalow,sandcrete_block,Greater Accra,standard,2248,385.51,40.357,15.846,67160.81
534.02,1,bungalow,sandcrete_block,Western,standard,3954,730.6,76.605,38.723,115773.3
342.26,3,warehouse,sandcrete_block,Western,standard,9289,1628.49,170.563,73.057,272532.55
432.36,1,storey_building,sandcrete_block,Ashanti,premium,3911,689.45,72.213,31.124,147929.16
371.56,4,warehouse,clay_brick,Western,premium,12097,2152.07,225.478,101.94,512727.11
456.03,2,warehouse,clay_brick,Ashanti,standard,7266,1336.2,140.073,68.663,242951.37
595.96,1,bungalow,compressed_earth_block,Northern,standard,5250,941.98,98.718,46.354,142624.81
432.43,4,commercial_block,clay_brick,Greater Accra,premium,14656,2585.35,270.819,118.606,642791.77
212.14,2,storey_building,sandcrete_block,Greater Accra,standard,3180,589.13,61.783,32.022,104638.35
113.55,3,bungalow,clay_brick,Ashanti,standard,2551,471.33,49.415,24.63,77844.47
427.93,4,warehouse,compressed_earth_block,Western,standard,12416,2303.92,241.627,126.018,364082.11
569.99,4,warehouse,sandcrete_block,Western,premium,19204,3433.55,359.811,167.518,693055.86
115.23,1,commercial_block,sandcrete_block,Greater Accra,standard,829,154.22,16.172,8.318,29282.17
316.65,1,storey_building,clay_brick,Ashanti,premium,2811,507.51,53.183,24.772,125178.94
294.6,1,commercial_block,sandcrete_block,Central,standard,2681,472.08,49.452,21.726,71765.12
352.06,3,warehouse,clay_brick,Northern,standard,7298,1370.76,143.759,74.864,217949.69
94.05,4,warehouse,sandcrete_block,Western,standard,2961,537.37,56.321,26.778,85781.38
366.08,4,storey_building,compressed_earth_block,Central,standard,13205,2328.22,243.871,105.884,382551.77
337.51,2,commercial_block,compressed_earth_block,Greater Accra,standard,6242,1098.46,115.058,49.863,201294.93
85.22,4,bungalow,sandcrete_block,Northern,standard,2559,471.53,49.441,24.974,68469.01
137.98,2,storey_building,compressed_earth_block,Ashanti,standard,2397,417.56,43.72,17.78,64309.8
553.1,1,commercial_block,clay_brick,Eastern,standard,5027,899.29,94.226,42.922,154800.14
250.29,4,storey_building,clay_brick,Ashanti,standard,7561,1408.27,147.663,74.848,241156.7
325.61,1,storey_building,compressed_earth_block,Eastern,standard,2644,478.1,50.112,24.068,70758.83
202.09,4,commercial_block,compressed_earth_block,Eastern,standard,7974,1392.11,145.811,62.823,195990.75
563.32,2,commercial_block,compressed_earth_block,Eastern,standard,9626,1718.68,180.08,82.009,233472.09
457.26,3,commercial_block,sandcrete_block,Western,standard,10871,1962.69,205.694,97.013,297021.8
582.82,3,commercial_block,clay_brick,Central,standard,14440,2588.9,271.285,125.38,414273.83
456.96,4,warehouse,sandcrete_block,Northern,standard,16455,2867.52,300.29,125.396,459549.52
409.28,1,commercial_block,sandcrete_block,Northern,standard,3990,698.31,73.136,31.141,103339.09
229.3,3,storey_building,sandcrete_block,Northern,standard,6153,1105.61,115.853,53.418,160087.85
102.25,3,bungalow,sandcrete_block,Northern,premium,2229,420.53,44.111,23.511,80906.36
490.83,2,storey_building,compressed_earth_block,Central,standard,9429,1635.64,171.266,70.148,248344.13
201.12,1,storey_building,clay_brick,Central,premium,1395,268.73,28.204,16.105,58301.38
474.02,3,storey_building,clay_brick,Eastern,standard,10670,1964.87,206.009,103.271,327586.98
109.54,4,warehouse,compressed_earth_block,Ashanti,standard,3223,592.61,62.134,31.2,96176.44
169.31,3,commercial_block,compressed_earth_block,Ashanti,premium,4807,830.63,86.957,34.375,155466.28
53.94,4,bungalow,compressed_earth_block,Western,standard,1776,317.38,33.252,14.935,46753.16
483.47,4,storey_building,clay_brick,Western,premium,17150,2980.75,312.157,131.036,662900.91
105.2,1,storey_building,sandcrete_block,Central,standard,966,168.17,17.611,7.343,26140.68
463.11,1,storey_building,sandcrete_block,Greater Accra,standard,3959,702.96,73.645,32.848,129741.55
553.93,1,warehouse,clay_brick,Northern,standard,4695,821.36,86.021,36.454,126862.65
274.93,4,storey_building,clay_brick,Eastern,standard,8042,1487.46,155.972,79.393,236236.2
469.4,1,bungalow,clay_brick,Northern,standard,4279,741.58,77.65,31.807,114610.74
477.13,3,warehouse,sandcrete_block,Western,standard,12527,2279.76,238.928,113.021,387285.71
459.0,3,bungalow,clay_brick,Western,standard,10116,1851.71,194.105,94.515,324637.8
117.44,1,warehouse,sandcrete_block,Ashanti,premium,1100,194.83,20.409,8.977,42975.58
535.12,4,storey_building,sandcrete_block,Central,standard,15800,2899.47,303.986,151.503,475232.71
473.43,1,warehouse,sandcrete_block,Greater Accra,premium,4197,736.68,77.158,33.04,177391.23
402.11,4,storey_building,clay_brick,Greater Accra,standard,13427,2415.97,253.172,117.617,458813.32
266.81,1,storey_building,compressed_earth_block,Northern,standard,2437,426.5,44.67,19.131,55894.26
465.29,3,commercial_block,clay_brick,Northern,standard,11510,2079.76,217.962,102.737,312290.72
380.47,1,storey_building,sandcrete_block,Central,standard,2807,526.68,55.245,29.36,82199.95
278.19,3,warehouse,compressed_earth_block,Northern,standard,6797,1223.99,128.271,60.087,178511.9
273.04,1,warehouse,compressed_earth_block,Greater Accra,standard,2594,455.38,47.701,20.898,76712.51
333.63,1,warehouse,sandcrete_block,Western,premium,2681,482.59,50.575,23.723,105121.09
333.02,4,storey_building,clay_brick,Western,standard,11597,2043.74,214.067,92.547,370226.29
349.19,4,commercial_block,compressed_earth_block,Ashanti,standard,9903,1833.14,192.189,95.735,288192.44
521.88,1,bungalow,clay_brick,Western,standard,4793,834.27,87.364,36.4,154868.11
407.6,2,bungalow,sandcrete_block,Eastern,standard,7275,1300.28,136.227,61.102,203405.24
100.78,4,storey_building,compressed_earth_block,Northern,standard,3107,564.17,59.128,27.989,74668.96
527.3,4,warehouse,clay_brick,Central,premium,19985,3504.94,367.086,156.466,787969.74
433.91,3,bungalow,compressed_earth_block,Northern,premium,10755,1966.42,206.147,101.584,346323.39
370.37,1,warehouse,clay_brick,Central,premium,3055,545.13,57.114,25.79,114766.13
279.01,3,storey_building,clay_brick,Northern,standard,7367,1294.84,135.619,58.147,204613.29
201.17,3,bungalow,clay_brick,Northern,premium,4387,796.71,83.507,40.159,162719.4
574.93,4,bungalow,sandcrete_block,Ashanti,standard,18995,3365.9,352.602,155.74,575088.72
270.27,1,warehouse,clay_brick,Northern,standard,2019,371.52,38.949,19.251,61626.4
460.43,2,bungalow,sandcrete_block,Western,standard,6516,1198.39,125.641,62.564,199496.75
375.0,4,commercial_block,sandcrete_block,Eastern,premium,12553,2275.98,238.586,116.695,441143.26
380.4,4,commercial_block,clay_brick,Northern,premium,12519,2246.39,235.388,108.401,466264.03
111.01,4,commercial_block,compressed_earth_block,Eastern,standard,4273,728.02,76.209,29.679,109729.66
515.37,1,commercial_block,sandcrete_block,Greater Accra,standard,4176,755.18,79.151,37.827,140649.51
455.87,2,warehouse,compressed_earth_block,Ashanti,premium,6941,1269.94,133.129,65.397,278454.04
275.43,3,commercial_block,compressed_earth_block,Eastern,premium,7560,1350.22,141.469,64.151,260778.78
552.47,2,commercial_block,clay_brick,Greater Accra,standard,7590,1415.72,148.466,76.716,262587.35
145.85,1,warehouse,compressed_earth_block,Western,premium,1487,252.88,26.474,10.491,46475.65
366.66,3,commercial_block,clay_brick,Greater Accra,standard,8919,1626.39,170.494,83.55,315390.65
346.21,3,warehouse,compressed_earth_block,Ashanti,standard,8970,1587.33,166.281,73.186,247915.43
305.74,2,storey_building,sandcrete_block,Western,premium,4302,817.73,85.789,46.666,182924.3
252.72,2,bungalow,sandcrete_block,Ashanti,standard,4391,763.68,79.974,33.462,131720.03
162.72,4,bungalow,sandcrete_block,Greater Accra,standard,5830,1014.35,106.195,42.355,187166.81
414.61,3,bungalow,sandcrete_block,Western,standard,10522,1905.93,199.748,94.406,288685.32
273.05,1,warehouse,clay_brick,Greater Accra,premium,2294,414.33,43.42,20.305,98845.35
210.07,1,bungalow,sandcrete_block,Western,premium,1717,309.16,32.399,15.13,68029.43
360.86,3,bungalow,compressed_earth_block,Northern,standard,9817,1765.64,185.02,85.669,256719.35
322.1,3,commercial_block,clay_brick,Ashanti,standard,8001,1440.36,150.959,71.635,280036.55
195.8,2,warehouse,clay_brick,Northern,standard,3272,584.38,61.226,27.591,88401.31
416.24,1,commercial_block,sandcrete_block,Ashanti,standard,4197,730.28,76.476,31.96,116475.88
61.72,2,commercial_block,compressed_earth_block,Central,standard,1022,182.17,19.085,8.546,27424.99
210.31,2,bungalow,clay_brick,Ashanti,standard,3084,573.35,60.126,31.003,103247.9
240.03,3,bungalow,clay_brick,Northern,standard,6844,1228.74,128.747,58.799,193235.02
72.19,3,commercial_block,compressed_earth_block,Ashanti,standard,1631,296.48,31.078,15.144,47601.19
586.68,2,warehouse,clay_brick,Central,standard,9205,1723.25,180.732,94.474,295982.01
303.59,2,warehouse,compressed_earth_block,Eastern,premium,4497,831.45,87.178,43.93,147445.78
541.18,3,bungalow,compressed_earth_block,Eastern,standard,12995,2384.7,249.976,121.776,370386.61
257.68,4,storey_building,compressed_earth_block,Greater Accra,standard,8966,1582.36,165.749,72.149,290331.68
226.63,2,warehouse,sandcrete_block,Central,standard,3629,646.19,67.7,30.396,107648.1
457.35,4,commercial_block,sandcrete_block,Northern,standard,14261,2582.45,270.693,130.99,373105.76
134.87,2,warehouse,sandcrete_block,Central,standard,1973,366.47,38.428,19.653,58028.58
364.68,2,warehouse,clay_brick,Central,standard,6650,1171.26,122.678,52.842,217383.62
239.94,2,storey_building,compressed_earth_block,Ashanti,standard,4130,729.02,76.36,33.029,122627.13
372.43,1,warehouse,sandcrete_block,Eastern,premium,3123,569.41,59.693,29.368,99717.03
595.68,4,bungalow,compressed_earth_block,Western,standard,19426,3476.49,364.28,167.398,553437.07
432.02,2,bungalow,compressed_earth_block,Ashanti,standard,6507,1186.91,124.424,61.045,192069.33
242.28,4,storey_building,compressed_earth_block,Greater Accra,premium,7844,1417.16,148.529,70.553,325852.79
191.33,1,commercial_block,sandcrete_block,Eastern,standard,1428,265.65,27.861,14.568,39180.42
332.44,3,storey_building,compressed_earth_block,Western,standard,8942,1579.19,165.408,71.414,270814.55
248.74,4,bungalow,clay_brick,Central,standard,9026,1586.66,166.196,72.151,270839.95
495.56,4,commercial_block,sandcrete_block,Northern,premium,15080,2749.53,288.242,141.988,539939.98
185.36,1,bungalow,compressed_earth_block,Ashanti,standard,1289,239.01,25.06,12.569,35768.73
83.89,3,warehouse,compressed_earth_block,Greater Accra,standard,1820,342.16,35.887,18.846,58196.53
167.31,4,bungalow,clay_brick,Western,premium,6322,1103.74,115.585,48.318,247878.04
576.28,2,bungalow,clay_brick,Western,standard,8134,1546.09,162.189,87.332,271269.5
269.19,4,storey_building,compressed_earth_block,Eastern,standard,8164,1507.53,158.068,79.911,224074.16
441.7,2,warehouse,compressed_earth_block,Ashanti,standard,7195,1307.84,137.083,65.968,228693.16
159.02,4,storey_building,sandcrete_block,Northern,premium,4505,839.14,87.999,45.413,148204.41
318.34,2,warehouse,clay_brick,Central,standard,5913,1014.08,106.161,41.925,149605.14
477.53,3,storey_building,compressed_earth_block,Ashanti,premium,13287,2299.87,240.802,97.609,441993.31
307.16,3,warehouse,clay_brick,Greater Accra,premium,7253,1345.71,141.115,72.279,354325.24
486.83,1,commercial_block,compressed_earth_block,Central,standard,3620,690.16,72.422,40.61,107665.59
409.43,1,commercial_block,sandcrete_block,Greater Accra,standard,3861,666.21,69.747,27.763,130662.5
539.32,1,commercial_block,clay_brick,Greater Accra,standard,4726,836.41,87.615,38.357,161795.17
295.31,3,storey_building,compressed_earth_block,Western,standard,7461,1314.17,137.647,59.272,209020.39
580.66,3,storey_building,sandcrete_block,Eastern,premium,11970,2275.83,238.762,130.123,456408.2
116.81,2,storey_building,sandcrete_block,Western,standard,1721,323.79,33.962,18.013,55518.03
340.35,4,commercial_block,compressed_earth_block,Ashanti,standard,12280,2132.62,223.327,93.018,368896.97
480.52,4,bungalow,compressed_earth_block,Central,standard,15497,2752.1,288.31,127.905,418353.9
244.18,1,commercial_block,sandcrete_block,Ashanti,premium,2184,390.02,40.859,18.176,81500.69
121.06,3,warehouse,compressed_earth_block,Central,premium,3285,588.42,61.655,28.224,113322.12
197.05,3,commercial_block,sandcrete_block,Western,premium,4975,873.66,91.504,39.134,195119.59
136.71,4,warehouse,compressed_earth_block,Eastern,standard,4814,852.56,89.302,38.756,127581.48
202.65,2,bungalow,sandcrete_block,Northern,premium,3670,645.67,67.63,29.24,109812.12
179.56,2,bungalow,sandcrete_block,Greater Accra,standard,3320,599.07,62.782,29.49,120981.37
235.18,2,warehouse,sandcrete_block,Ashanti,premium,3586,655.58,68.72,33.432,138897.47
272.58,4,commercial_block,clay_brick,Ashanti,premium,9984,1744.53,182.701,77.178,423610.27
580.56,3,warehouse,clay_brick,Central,premium,13419,2461.68,258.059,126.671,548873.47
597.02,1,commercial_block,compressed_earth_block,Northern,standard,4679,844.53,88.508,41.711,116439.13
410.2,2,commercial_block,clay_brick,Western,standard,6148,1143.16,119.894,62.754,193153.92
255.08,2,commercial_block,compressed_earth_block,Central,standard,4836,843.82,88.372,37.363,124948.32
47.17,3,storey_building,compressed_earth_block,Western,premium,1119,201.54,21.121,9.914,39026.85
325.33,2,bungalow,clay_brick,Eastern,standard,5885,1036.66,108.588,47.269,165972.65
503.64,3,commercial_block,compressed_earth_block,Ashanti,standard,11288,2076.22,217.676,108.568,368551.15
211.88,2,commercial_block,sandcrete_block,Central,standard,3297,602.88,63.199,30.907,93214.14
301.25,4,commercial_block,compressed_earth_block,Northern,standard,8694,1649.11,173.026,95.362,240082.01
557.09,1,warehouse,compressed_earth_block,Northern,premium,4594,813.82,85.244,36.932,137420.48
284.97,1,warehouse,clay_brick,Ashanti,standard,2731,470.39,49.254,20.139,88935.86
349.11,4,bungalow,clay_brick,Eastern,premium,12788,2280.54,238.941,108.21,450905.52
61.65,4,commercial_block,sandcrete_block,Ashanti,premium,2030,361.71,37.896,17.004,75958.85
439.19,4,bungalow,clay_brick,Eastern,standard,15102,2732.41,286.331,132.854,476403.04
582.38,1,bungalow,clay_brick,Eastern,standard,4697,848.97,88.976,42.134,149551.6
225.83,2,commercial_block,sandcrete_block,Central,standard,3177,601.66,63.117,34.044,96402.85
368.81,4,storey_building,clay_brick,Northern,premium,13432,2341.77,245.232,102.342,452176.1
424.13,1,commercial_block,compressed_earth_block,Northern,standard,3304,588.69,61.681,28.092,85011.05
234.14,3,bungalow,clay_brick,Central,premium,5805,1057.71,110.852,52.43,218792.96
165.04,1,storey_building,compressed_earth_block,Greater Accra,standard,1285,229.75,24.075,11.14,37960.47
175.23,3,storey_building,compressed_earth_block,Central,standard,4026,740.11,77.598,38.94,110990.61
104.67,2,warehouse,sandcrete_block,Eastern,premium,1830,325.01,34.051,15.308,63571.22
122.13,1,warehouse,clay_brick,Western,standard,890,169.14,17.747,9.792,28787.48
348.34,2,commercial_block,sandcrete_block,Greater Accra,standard,5625,1027.13,107.676,52.977,204152.76
234.37,1,warehouse,compressed_earth_block,Northern,standard,1707,315.27,33.057,16.69,40439.54
133.26,3,bungalow,clay_brick,Northern,standard,3335,609.49,63.892,31.254,92754.29
476.55,1,commercial_block,clay_brick,Central,standard,4055,709.21,74.276,31.528,127930.04
370.28,1,commercial_block,compressed_earth_block,Central,standard,2864,527.16,55.273,27.906,78787.86
80.54,1,warehouse,sandcrete_block,Greater Accra,premium,732,127.02,13.3,5.421,31205.73
302.57,4,warehouse,sandcrete_block,Greater Accra,standard,10694,1887.26,197.677,85.408,324753.61
421.12,3,storey_building,sandcrete_block,Western,premium,10879,1963.42,205.758,96.236,422754.9
460.46,4,bungalow,compressed_earth_block,Ashanti,standard,13886,2537.21,265.955,128.963,386493.9
557.97,2,commercial_block,sandcrete_block,Western,premium,8611,1568.08,164.382,80.567,325513.0
388.55,4,warehouse,sandcrete_block,Eastern,standard,12735,2287.32,239.672,110.053,360754.77
272.9,1,warehouse,clay_brick,Western,standard,2429,440.78,46.195,21.828,84435.24
193.73,3,storey_building,compressed_earth_block,Central,standard,4457,810.04,84.902,40.608,123784.91
306.59,3,bungalow,sandcrete_block,Eastern,standard,6747,1245.15,130.542,64.952,194555.25
170.91,2,bungalow,compressed_earth_block,Eastern,premium,2723,483.2,50.617,22.309,93687.27
156.41,1,bungalow,clay_brick,Ashanti,standard,1255,229.61,24.07,11.81,38079.06
225.57,3,bungalow,compressed_earth_block,Greater Accra,premium,4812,902.36,94.652,50.406,208619.28
577.87,4,bungalow,clay_brick,Ashanti,standard,17684,3314.2,347.569,180.329,637487.4
119.78,1,warehouse,compressed_earth_block,Ashanti,standard,1073,187.04,19.586,8.054,32911.94
375.1,3,warehouse,compressed_earth_block,Eastern,standard,10096,1808.29,189.468,86.26,245245.59
397.0,4,commercial_block,compressed_earth_block,Western,standard,12756,2373.22,248.891,129.488,379508.36
221.32,4,warehouse,sandcrete_block,Ashanti,standard,7522,1321.11,138.367,59.126,245642.89
71.08,2,storey_building,clay_brick,Western,standard,1054,189.33,19.842,9.393,33383.35
572.63,4,warehouse,clay_brick,Northern,standard,21217,3764.82,394.442,177.774,530795.13
332.99,3,bungalow,compressed_earth_block,Greater Accra,standard,7687,1395.32,146.235,69.124,260661.2
494.32,1,warehouse,sandcrete_block,Northern,premium,3963,712.71,74.686,34.732,142172.52
397.78,3,storey_building,compressed_earth_block,Ashanti,premium,10911,1954.19,204.757,93.384,413810.52
184.41,3,commercial_block,compressed_earth_block,Greater Accra,standard,4979,869.46,91.05,37.975,171045.28
518.66,2,warehouse,sandcrete_block,Ashanti,standard,9517,1671.55,175.079,75.377,293509.38
240.82,4,storey_building,sandcrete_block,Eastern,standard,7010,1299.21,136.236,69.56,194917.98
597.97,3,storey_building,compressed_earth_block,Eastern,standard,14416,2593.44,271.761,125.62,379834.07
186.31,4,storey_building,clay_brick,Ashanti,standard,6836,1156.27,121.005,44.823,207207.06
218.82,4,storey_building,sandcrete_block,Ashanti,standard,7602,1327.52,139.021,58.177,222837.5
450.12,4,bungalow,compressed_earth_block,Eastern,standard,14590,2637.96,276.496,132.702,388726.86
289.11,3,bungalow,compressed_earth_block,Central,standard,5944,1131.55,118.713,64.741,169299.21
513.99,3,commercial_block,sandcrete_block,Eastern,premium,13433,2405.88,252.087,115.15,455014.99
122.52,4,bungalow,clay_brick,Northern,premium,3449,646.15,67.772,35.79,137323.15
509.96,4,storey_building,sandcrete_block,Greater Accra,standard,19631,3300.15,345.319,124.926,665501.0
52.96,4,commercial_block,clay_brick,Northern,premium,1483,278.83,29.248,15.657,52024.91
357.56,3,warehouse,sandcrete_block,Eastern,premium,9544,1718.63,180.091,83.183,340910.61
71.48,1,warehouse,clay_brick,Western,standard,647,115.28,12.078,5.416,20986.28
515.0,2,commercial_block,clay_brick,Ashanti,premium,7725,1408.99,147.699,72.071,325560.56
272.2,3,warehouse,sandcrete_block,Western,standard,6869,1268.01,132.934,65.753,203628.52
86.74,4,warehouse,compressed_earth_block,Greater Accra,standard,3235,567.75,59.463,25.34,105195.31
185.72,2,commercial_block,compressed_earth_block,Northern,standard,3378,587.26,61.499,25.716,80290.39
398.8,3,warehouse,clay_brick,Central,premium,11193,1961.12,205.405,88.139,449488.24
227.1,4,storey_building,clay_brick,Western,standard,6827,1259.56,132.081,67.65,256767.6
447.06,2,storey_building,compressed_earth_block,Eastern,standard,7566,1393.79,146.122,72.422,211823.92
460.36,4,bungalow,compressed_earth_block,Western,premium,16253,2893.06,303.123,137.711,554664.16
87.26,1,commercial_block,clay_brick,Central,standard,861,148.03,15.498,6.23,24105.78
549.8,1,bungalow,clay_brick,Greater Accra,standard,4352,792.0,83.013,39.858,163205.21
546.11,4,commercial_block,sandcrete_block,Northern,standard,19529,3468.68,363.398,162.523,504302.32
160.79,3,storey_building,sandcrete_block,Central,standard,4345,766.94,80.339,35.213,117963.01
198.02,2,commercial_block,sandcrete_block,Eastern,standard,2944,546.98,57.369,30.129,86084.62
474.99,2,storey_building,sandcrete_block,Eastern,standard,8805,1557.54,163.174,72.824,256737.54
503.48,2,storey_building,clay_brick,Central,premium,7765,1409.42,147.711,69.767,303490.91
416.67,4,storey_building,compressed_earth_block,Greater Accra,standard,14573,2620.69,274.631,128.022,466852.05
227.63,4,commercial_block,compressed_earth_block,Eastern,premium,9141,1584.46,165.918,68.702,284444.83
367.62,1,commercial_block,sandcrete_block,Northern,premium,3406,603.44,63.218,28.194,109318.54
287.48,1,storey_building,compressed_earth_block,Western,standard,2501,444.46,46.563,20.722,73866.02
506.57,4,commercial_block,sandcrete_block,Central,standard,19157,3351.71,351.013,147.907,550086.55
559.92,1,commercial_block,compressed_earth_block,Western,premium,4998,871.78,91.296,38.251,189300.28
64.74,1,storey_building,compressed_earth_block,Western,standard,508,92.34,9.677,4.582,13502.13
299.39,1,storey_building,compressed_earth_block,Greater Accra,standard,2299,415.48,43.55,21.003,74631.85
401.69,3,commercial_block,compressed_earth_block,Northern,standard,10408,1820.38,190.66,81.564,240858.11
51.88,4,storey_building,clay_brick,Northern,standard,1682,304.49,31.916,15.338,45649.87
210.07,2,commercial_block,compressed_earth_block,Greater Accra,standard,3270,588.57,61.683,29.135,115953.43
418.22,2,commercial_block,clay_brick,Eastern,standard,7872,1359.1,142.296,57.291,221895.96
513.51,4,bungalow,sandcrete_block,Greater Accra,standard,19251,3382.03,354.226,151.853,618080.63
158.78,3,commercial_block,clay_brick,Northern,standard,4517,791.08,82.853,35.307,126637.88
243.63,3,warehouse,clay_brick,Western,standard,5664,998.32,104.574,45.635,180898.73
561.11,3,storey_building,clay_brick,Eastern,premium,12041,2247.12,235.657,121.917,486089.27
64.71,3,bungalow,sandcrete_block,Central,standard,1532,279.93,29.346,14.455,44957.81
130.01,4,storey_building,sandcrete_block,Greater Accra,standard,4706,837.79,87.775,39.488,163116.95
550.52,4,commercial_block,sandcrete_block,Ashanti,premium,17075,3064.4,321.109,148.301,773212.17
401.99,1,storey_building,sandcrete_block,Greater Accra,standard,2777,522.03,54.753,28.898,109503.82
203.13,2,warehouse,sandcrete_block,Ashanti,premium,3726,646.06,67.641,27.144,141460.35
550.18,2,warehouse,clay_brick,Western,premium,9446,1690.98,177.177,80.706,352982.96
120.4,2,warehouse,clay_brick,Central,standard,1660,309.31,32.433,16.497,56942.45
225.72,2,commercial_block,sandcrete_block,Western,standard,3883,681.92,71.423,30.627,111023.99
106.78,2,storey_building,clay_brick,Greater Accra,standard,1535,288.93,30.31,16.346,60686.31
551.04,4,warehouse,clay_brick,Northern,standard,17097,3154.17,330.688,164.707,513547.16
257.38,2,commercial_block,clay_brick,Central,standard,3649,659.16,69.089,33.131,111673.74
445.14,1,bungalow,sandcrete_block,Ashanti,premium,4211,729.91,76.426,31.104,151799.68
63.26,2,warehouse,clay_brick,Ashanti,standard,1056,190.98,20.016,9.559,36029.92
177.27,2,warehouse,compressed_earth_block,Ashanti,premium,2631,473.35,49.602,22.994,99518.49
457.93,4,storey_building,clay_brick,Western,standard,17323,3000.33,314.166,128.994,520928.41
350.72,1,warehouse,compressed_earth_block,Greater Accra,standard,3200,556.31,58.258,24.366,102661.43
157.87,4,bungalow,clay_brick,Ashanti,premium,4603,853.35,89.473,45.066,199058.74
206.93,2,storey_building,compressed_earth_block,Eastern,standard,3305,580.56,60.811,26.365,95107.34
189.62,3,bungalow,sandcrete_block,Eastern,standard,4924,880.27,92.225,41.431,138989.19
498.55,4,bungalow,clay_brick,Central,standard,17582,3203.36,335.777,162.445,572705.9
263.47,4,bungalow,sandcrete_block,Greater Accra,standard,9287,1665.48,174.496,78.846,298833.76
427.04,4,commercial_block,compressed_earth_block,Ashanti,standard,15271,2653.47,277.829,112.869,408553.55
455.73,1,bungalow,compressed_earth_block,Central,standard,3490,646.29,67.765,34.208,94153.46
343.11,1,commercial_block,sandcrete_block,Western,standard,3228,570.9,59.801,26.084,99620.51
543.4,3,bungalow,compressed_earth_block,Eastern,standard,14239,2501.16,261.974,112.945,356182.3
248.15,4,bungalow,compressed_earth_block,Central,standard,8534,1511.05,158.274,68.597,250682.25
355.25,1,bungalow,compressed_earth_block,Western,standard,3449,597.25,62.531,25.095,89604.73
274.93,1,warehouse,compressed_earth_block,Northern,standard,1995,357.82,37.499,17.638,46075.01
72.61,2,warehouse,sandcrete_block,Ashanti,standard,1097,195.09,20.44,9.223,34459.24
415.76,3,warehouse,compressed_earth_block,Western,standard,11036,1944.78,203.735,90.324,293963.32
495.47,3,warehouse,sandcrete_block,Northern,premium,13087,2292.28,240.083,102.608,428397.5
51.52,1,commercial_block,compressed_earth_block,Northern,standard,446,80.26,8.411,3.916,11773.49
67.69,3,commercial_block,compressed_earth_block,Central,premium,1711,304.35,31.887,14.365,55550.44
415.22,1,bungalow,clay_brick,Eastern,premium,3612,631.32,66.119,28.108,136986.72
593.68,1,storey_building,sandcrete_block,Greater Accra,standard,5256,948.64,99.398,45.377,175816.99
252.63,2,commercial_block,compressed_earth_block,Central,standard,4005,751.07,78.786,42.219,116078.82
522.35,1,storey_building,compressed_earth_block,Ashanti,premium,4108,736.5,77.176,35.637,141909.43
321.29,1,storey_building,sandcrete_block,Northern,standard,3040,520.29,54.459,20.902,78532.85
336.08,1,commercial_block,sandcrete_block,Ashanti,premium,3104,540.39,56.585,23.262,121348.74
136.88,3,warehouse,clay_brick,Eastern,standard,3308,599.66,62.86,30.653,96253.06
92.31,2,storey_building,sandcrete_block,Western,standard,1422,256.51,26.881,12.56,43800.81
139.53,3,bungalow,clay_brick,Western,standard,3304,597.18,62.587,29.603,107246.87
262.27,2,commercial_block,clay_brick,Eastern,standard,4002,728.29,76.344,37.287,124882.17
278.76,1,storey_building,sandcrete_block,Ashanti,standard,2479,446.84,46.824,21.687,75214.69
325.15,2,bungalow,clay_brick,Northern,premium,5740,1006.75,105.433,44.426,213454.85
532.07,3,storey_building,sandcrete_block,Central,standard,12783,2317.62,242.888,114.358,349347.39
447.98,1,bungalow,compressed_earth_block,Eastern,standard,3764,679.51,71.214,33.537,93534.23
278.35,4,warehouse,compressed_earth_block,Central,premium,8467,1539.27,161.341,77.654,290372.86
593.6,1,storey_building,clay_brick,Western,standard,4539,831.5,87.165,42.632,142211.67
190.89,2,commercial_block,sandcrete_block,Ashanti,standard,3585,631.11,66.111,29.082,103091.81
253.38,1,storey_building,compressed_earth_block,Greater Accra,standard,1976,366.37,38.421,19.854,66710.92
368.16,1,storey_building,sandcrete_block,Eastern,premium,2736,510.97,53.588,27.929,103491.48
247.15,1,bungalow,clay_brick,Eastern,standard,2004,364.13,38.167,18.403,58719.56
123.39,1,commercial_block,sandcrete_block,Greater Accra,standard,1195,209.51,21.945,9.506,39249.85
482.0,2,storey_building,clay_brick,Greater Accra,standard,6892,1281.23,134.358,69.191,241226.54
258.09,3,storey_building,clay_brick,Western,standard,6035,1098.84,115.186,56.073,194011.34
261.31,2,storey_building,clay_brick,Central,standard,5254,900.68,94.298,37.829,153568.84
583.67,2,storey_building,clay_brick,Eastern,standard,9921,1792.59,187.86,88.126,290300.2
368.02,3,storey_building,sandcrete_block,Central,premium,9644,1726.99,180.937,81.525,310057.05
395.98,1,bungalow,compressed_earth_block,Eastern,standard,2672,523.1,54.907,31.844,70522.97
292.74,4,storey_building,clay_brick,Greater Accra,standard,10577,1836.72,192.333,79.625,390855.8
582.06,1,warehouse,clay_brick,Northern,standard,5245,907.99,95.089,39.967,134849.45
295.67,3,commercial_block,sandcrete_block,Central,standard,6305,1163.58,122.001,61.441,200607.08
363.0,2,storey_building,clay_brick,Northern,standard,6204,1132.1,118.676,58.022,177197.01
444.15,2,commercial_block,clay_brick,Eastern,standard,7787,1409.85,147.743,68.797,233416.1
378.12,4,storey_building,clay_brick,Eastern,standard,13080,2351.12,246.383,114.86,368333.77
183.8,2,bungalow,sandcrete_block,Eastern,standard,2918,530.24,55.575,26.595,82964.32
474.01,2,storey_building,sandcrete_block,Western,standard,7420,1336.08,140.001,64.45,221856.06
344.87,3,commercial_block,sandcrete_block,Ashanti,standard,8528,1532.9,160.642,75.131,268999.28
147.95,3,bungalow,clay_brick,Central,premium,3842,684.31,71.694,32.178,138916.11
353.21,1,bungalow,compressed_earth_block,Central,standard,3122,556.17,58.268,26.102,85323.19
575.52,3,commercial_block,sandcrete_block,Greater Accra,standard,15426,2688.01,281.524,119.828,549702.01
570.09,4,bungalow,clay_brick,Northern,premium,21713,3669.62,384.05,143.839,716777.5
263.39,3,bungalow,sandcrete_block,Central,standard,5840,1082.72,113.534,57.991,166084.82
156.43,1,commercial_block,sandcrete_block,Western,standard,1452,254.83,26.693,11.623,39907.05
532.12,1,warehouse,compressed_earth_block,Greater Accra,standard,3839,697.03,73.06,35.153,122989.24
105.03,4,warehouse,sandcrete_block,Central,standard,3674,641.25,67.156,28.245,94732.83
330.44,2,storey_building,clay_brick,Northern,standard,5850,1036.36,108.559,47.493,152828.74
561.88,4,storey_building,compressed_earth_block,Western,standard,19145,3460.34,362.677,172.934,527732.8
340.47,3,storey_building,clay_brick,Ashanti,standard,7426,1368.79,143.506,71.485,252639.0
427.91,1,bungalow,compressed_earth_block,Ashanti,premium,3966,695.84,72.876,30.881,139495.82
592.27,4,warehouse,clay_brick,Central,standard,21148,3776.67,395.733,181.786,667926.29
110.73,2,commercial_block,compressed_earth_block,Greater Accra,standard,1976,343.36,35.958,15.062,65484.33
66.47,2,bungalow,compressed_earth_block,Western,standard,968,175.78,18.423,8.753,25554.84
116.42,1,storey_building,compressed_earth_block,Northern,standard,961,171.63,17.983,8.167,24469.69
448.34,1,commercial_block,compressed_earth_block,Ashanti,premium,3825,670.64,70.24,30.06,130747.42
418.46,4,warehouse,clay_brick,Western,standard,12000,2259.46,237.009,126.716,431286.0
292.32,3,commercial_block,clay_brick,Ashanti,standard,8232,1453.61,152.254,65.738,275865.21
534.36,3,warehouse,sandcrete_block,Ashanti,standard,11583,2134.72,223.818,112.244,378951.09
106.13,1,warehouse,clay_brick,Greater Accra,premium,864,154.66,16.206,7.471,40511.93
333.82,1,bungalow,compressed_earth_block,Eastern,standard,2290,442.13,46.403,26.532,66635.12
345.19,4,bungalow,clay_brick,Northern,standard,10618,1901.49,199.227,90.275,278227.83
94.07,2,warehouse,clay_brick,Greater Accra,premium,1661,291.86,30.565,12.856,74627.94
513.67,2,storey_building,compressed_earth_block,Western,standard,7927,1448.39,151.815,73.057,216427.12
51.51,4,bungalow,sandcrete_block,Eastern,standard,1685,305.51,32.024,15.54,45491.65
405.69,4,storey_building,sandcrete_block,Central,standard,12803,2295.29,240.525,111.664,338056.75
489.83,1,warehouse,sandcrete_block,Northern,standard,4256,746.63,78.212,34.347,121364.25
245.24,3,warehouse,sandcrete_block,Northern,premium,6393,1127.85,118.13,50.743,200999.58
490.88,2,bungalow,sandcrete_block,Northern,standard,7173,1317.76,138.161,69.201,199410.93
245.9,2,storey_building,clay_brick,Central,standard,4013,717.47,75.163,33.448,125732.01
102.43,1,storey_building,clay_brick,Central,standard,816,150.11,15.738,7.829,25641.52
303.99,2,storey_building,clay_brick,Western,standard,4371,801.02,83.978,41.633,136613.56
595.93,3,warehouse,sandcrete_block,Ashanti,standard,15830,2825.21,295.956,130.435,507577.65
249.62,3,commercial_block,clay_brick,Northern,standard,5942,1039.85,108.909,46.515,169817.66
472.37,1,bungalow,clay_brick,Central,premium,4145,745.74,78.156,36.925,163227.86
67.74,3,storey_building,sandcrete_block,Central,standard,1518,280.93,29.454,14.728,44304.37
319.75,4,bungalow,sandcrete_block,Northern,standard,8720,1670.36,175.262,96.984,239557.5
366.76,1,storey_building,compressed_earth_block,Central,standard,2896,540.47,56.683,29.577,80254.65
502.3,3,storey_building,compressed_earth_block,Northern,premium,11800,2086.87,218.613,96.462,395795.62
173.78,3,warehouse,compressed_earth_block,Eastern,standard,4344,775.57,81.256,36.512,123520.68
252.17,4,storey_building,sandcrete_block,Greater Accra,standard,8399,1480.63,155.09,67.383,271850.53
230.97,2,warehouse,compressed_earth_block,Greater Accra,standard,3535,659.14,69.131,36.25,118478.95
263.47,2,bungalow,compressed_earth_block,Eastern,premium,4701,827.94,86.728,37.945,157052.82
280.7,1,commercial_block,sandcrete_block,Eastern,standard,2527,443.03,46.406,20.177,73696.33
426.43,1,storey_building,compressed_earth_block,Central,standard,4297,746.21,78.14,32.356,116219.14
217.09,2,commercial_block,sandcrete_block,Ashanti,premium,3857,699.74,73.341,35.077,153463.9
112.14,3,warehouse,sandcrete_block,Western,standard,2479,448.12,46.968,22.395,68808.39
214.42,1,storey_building,compressed_earth_block,Northern,standard,2095,365.2,38.249,16.304,49362.64
598.71,4,bungalow,compressed_earth_block,Eastern,standard,17852,3254.35,341.134,165.921,524283.01
435.11,2,bungalow,clay_brick,Western,standard,6271,1184.05,124.189,65.404,215994.81
483.1,3,bungalow,compressed_earth_block,Central,standard,11308,2097.04,219.893,112.0,296103.93
360.24,4,bungalow,sandcrete_block,Greater Accra,standard,12806,2255.41,236.236,101.965,375118.84
333.04,1,bungalow,compressed_earth_block,Greater Accra,standard,2612,484.6,50.814,25.788,85820.41
173.2,3,commercial_block,clay_brick,Northern,standard,3714,701.21,73.554,39.34,113370.39
116.17,4,warehouse,clay_brick,Central,standard,4143,748.52,78.444,36.823,130272.57
351.51,4,bungalow,clay_brick,Eastern,standard,11465,2047.63,214.529,96.466,350491.17
582.54,3,bungalow,clay_brick,Western,standard,14485,2598.17,272.237,124.526,478593.47
433.78,3,warehouse,sandcrete_block,Eastern,standard,10999,1946.17,203.876,90.145,322311.49
202.55,1,commercial_block,sandcrete_block,Eastern,premium,1701,312.81,32.793,16.155,60482.05
222.88,4,storey_building,compressed_earth_block,Eastern,standard,8458,1478.28,154.837,66.698,226527.26
511.91,1,warehouse,compressed_earth_block,Eastern,standard,4683,824.19,86.342,38.269,113892.33
87.04,2,bungalow,sandcrete_block,Eastern,standard,1464,261.13,27.361,12.509,37096.77
224.93,3,commercial_block,clay_brick,Ashanti,standard,5199,928.25,97.252,43.769,177762.07
161.34,1,commercial_block,sandcrete_block,Greater Accra,standard,1372,238.39,24.965,10.446,43700.27
558.92,2,storey_building,compressed_earth_block,Northern,premium,9910,1775.96,186.056,82.982,326982.2
85.17,2,commercial_block,sandcrete_block,Ashanti,standard,1586,274.51,28.739,11.437,42285.7
63.45,3,commercial_block,clay_brick,Western,premium,1673,299.87,31.425,14.721,66105.22
126.63,1,storey_building,compressed_earth_block,Central,standard,1212,206.8,21.647,8.395,34708.11
431.08,2,commercial_block,sandcrete_block,Eastern,standard,7834,1384.19,144.988,62.963,220420.96
424.5,2,storey_building,clay_brick,Greater Accra,premium,6832,1232.03,129.109,60.208,296362.84
175.21,1,commercial_block,sandcrete_block,Central,premium,1601,280.21,29.346,12.402,54045.27
573.18,3,warehouse,clay_brick,Central,standard,16146,2764.18,289.322,110.646,475851.38
417.86,2,warehouse,sandcrete_block,Northern,premium,6068,1118.24,117.255,59.584,200876.47
301.18,3,warehouse,sandcrete_block,Northern,standard,7126,1273.31,133.418,60.993,181849.93
554.3,4,storey_building,compressed_earth_block,Northern,standard,16773,3102.04,325.279,165.979,467018.72
462.95,1,storey_building,sandcrete_block,Central,premium,3655,655.14,68.657,32.207,128678.7
291.36,1,storey_building,compressed_earth_block,Northern,premium,2181,397.94,41.718,20.578,67688.88
121.21,4,storey_building,compressed_earth_block,Northern,standard,3420,626.1,65.636,32.333,89345.69
86.17,2,storey_building,compressed_earth_block,Greater Accra,standard,1513,272.22,28.526,13.237,51294.66
316.93,1,warehouse,sandcrete_block,Northern,premium,3037,535.84,56.128,24.461,99710.71
368.06,3,storey_building,clay_brick,Greater Accra,standard,9414,1656.9,173.539,74.354,325075.14
430.9,1,commercial_block,compressed_earth_block,Eastern,standard,4071,706.29,73.954,30.19,100314.72
153.72,2,warehouse,sandcrete_block,Central,premium,2484,449.19,47.073,21.942,89649.23
231.96,1,warehouse,compressed_earth_block,Greater Accra,standard,2022,352.53,36.917,15.39,63417.62
255.56,3,bungalow,clay_brick,Central,standard,5640,1071.42,112.393,60.448,185525.57
386.26,4,warehouse,compressed_earth_block,Northern,premium,14328,2510.73,262.97,112.846,429818.97
222.79,1,commercial_block,compressed_earth_block,Ashanti,standard,1998,344.76,36.094,14.385,57381.15
541.97,4,storey_building,compressed_earth_block,Central,premium,17532,3145.61,329.632,153.093,615639.7
73.79,2,warehouse,clay_brick,Eastern,standard,1101,202.02,21.179,10.512,31150.86
343.44,2,bungalow,sandcrete_block,Ashanti,premium,6029,1050.54,110.002,45.159,200997.25
86.7,4,warehouse,clay_brick,Eastern,standard,2891,513.8,53.828,24.029,84500.89
329.16,2,commercial_block,compressed_earth_block,Ashanti,standard,5804,1050.73,110.107,51.133,172838.81
435.43,2,commercial_block,clay_brick,Western,standard,6610,1236.74,129.719,68.647,220052.8
574.66,3,commercial_block,compressed_earth_block,Western,standard,16355,2904.27,304.279,136.882,430640.83
436.65,2,bungalow,clay_brick,Greater Accra,standard,6372,1176.58,123.374,62.864,222438.01
453.51,2,storey_building,clay_brick,Eastern,premium,8370,1483.68,155.441,69.697,298822.29
586.06,4,commercial_block,compressed_earth_block,Eastern,standard,17824,3298.49,345.917,179.152,437564.1
262.96,3,storey_building,compressed_earth_block,Northern,premium,6586,1184.75,124.171,59.063,202388.66
315.03,3,warehouse,clay_brick,Western,standard,7833,1415.3,148.339,70.876,235644.76
273.73,3,warehouse,compressed_earth_block,Northern,standard,5756,1079.61,113.24,60.004,147711.18
327.97,2,commercial_block,sandcrete_block,Ashanti,standard,4869,916.85,96.17,51.083,149479.57
558.93,4,commercial_block,sandcrete_block,Greater Accra,premium,18306,3241.93,339.576,147.268,743196.34
47.31,3,bungalow,clay_brick,Ashanti,standard,1088,199.68,20.932,10.26,35052.2
520.97,2,storey_building,clay_brick,Northern,standard,10435,1754.44,183.606,68.167,255675.15
320.14,4,bungalow,clay_brick,Greater Accra,standard,11560,2029.13,212.526,91.115,400007.22
121.64,1,bungalow,sandcrete_block,Ashanti,standard,1050,184.43,19.317,8.331,33301.82
448.53,1,warehouse,sandcrete_block,Ashanti,premium,3277,604.2,63.339,31.088,136456.41
262.18,3,storey_building,sandcrete_block,Greater Accra,standard,5752,1074.69,112.716,59.212,211460.4
563.63,3,storey_building,sandcrete_block,Eastern,standard,12291,2302.22,241.447,125.761,358230.06
268.11,1,bungalow,clay_brick,Eastern,standard,2449,434.89,45.56,20.267,69148.03
279.35,2,commercial_block,clay_brick,Western,standard,3985,751.74,78.852,42.024,125986.79
403.68,1,bungalow,compressed_earth_block,Northern,standard,2980,554.81,58.19,30.607,82955.59
438.24,4,commercial_block,compressed_earth_block,Ashanti,standard,14133,2587.98,271.306,133.595,453536.85
40.57,4,storey_building,sandcrete_block,Eastern,premium,1452,256.91,26.913,11.851,51876.96
568.77,3,bungalow,clay_brick,Central,premium,14840,2637.49,276.297,122.118,563023.87
568.12,4,bungalow,compressed_earth_block,Greater Accra,standard,19618,3538.73,370.807,170.762,596552.47
104.84,4,commercial_block,compressed_earth_block,Northern,premium,3983,686.38,71.857,28.515,124894.88
582.0,2,storey_building,clay_brick,Eastern,standard,10249,1804.24,188.998,82.868,302089.53
417.96,2,storey_building,clay_brick,Eastern,standard,7576,1305.54,136.681,54.502,212673.23
332.69,3,commercial_block,compressed_earth_block,Ashanti,premium,7570,1414.62,148.363,77.528,292176.09
496.46,3,commercial_block,compressed_earth_block,Eastern,premium,12128,2183.63,228.814,105.466,365518.17
514.78,3,bungalow,sandcrete_block,Eastern,standard,12896,2326.27,243.779,113.658,363778.36
487.05,4,commercial_block,clay_brick,Eastern,standard,16550,2916.5,305.51,133.962,508729.08
309.25,2,warehouse,compressed_earth_block,Northern,standard,4808,849.89,89.029,39.102,127386.44
599.04,1,bungalow,compressed_earth_block,Ashanti,standard,4721,854.78,89.582,42.19,131705.78
215.5,1,storey_building,sandcrete_block,Western,standard,2038,357.2,37.41,15.907,58695.04
521.81,1,storey_building,sandcrete_block,Greater Accra,standard,4801,867.77,90.934,42.238,160971.51
330.17,3,commercial_block,sandcrete_block,Western,standard,8230,1488.34,155.996,74.633,262299.11
497.42,3,bungalow,sandcrete_block,Greater Accra,standard,11802,2163.09,226.782,112.945,433961.3
563.01,4,bungalow,sandcrete_block,Ashanti,standard,16164,2999.77,314.556,160.601,567225.24
404.26,1,storey_building,sandcrete_block,Central,standard,3813,668.22,69.982,29.635,105022.12
203.04,1,bungalow,clay_brick,Central,standard,1431,260.12,27.263,12.991,44701.21
103.87,1,warehouse,sandcrete_block,Eastern,premium,870,153.87,16.119,7.161,32868.07
41.46,2,storey_building,clay_brick,Greater Accra,standard,724,128.81,13.495,6.072,26774.99
59.76,2,storey_building,clay_brick,Northern,premium,970,176.6,18.512,8.952,37423.61
134.8,4,bungalow,compressed_earth_block,Ashanti,standard,4308,784.04,82.188,40.119,126369.55
326.46,3,warehouse,sandcrete_block,Eastern,standard,8693,1529.41,160.213,70.534,228527.44
246.05,4,commercial_block,clay_brick,Western,standard,8138,1484.6,155.614,75.154,258560.07
40.94,3,warehouse,sandcrete_block,Greater Accra,standard,1030,182.04,19.068,8.276,33409.24
589.25,4,bungalow,compressed_earth_block,Eastern,standard,19146,3419.52,358.231,159.075,510737.94
349.85,3,commercial_block,sandcrete_block,Central,standard,8394,1496.21,156.757,70.589,243330.59
116.25,1,bungalow,sandcrete_block,Ashanti,standard,939,166.45,17.438,7.782,27744.89
404.3,1,warehouse,clay_brick,Greater Accra,standard,3626,644.43,67.509,29.885,130880.85
408.05,1,warehouse,sandcrete_block,Western,standard,3748,657.31,68.842,29.267,111216.44
66.74,3,storey_building,sandcrete_block,Eastern,standard,1389,261.35,27.416,14.764,41645.07
135.24,1,storey_building,compressed_earth_block,Northern,standard,1124,201.7,21.131,9.452,26858.44
350.53,2,bungalow,compressed_earth_block,Central,standard,5409,973.2,101.986,47.609,145103.32
428.91,3,commercial_block,clay_brick,Ashanti,standard,10127,1825.95,191.365,90.4,366960.11
390.39,1,warehouse,sandcrete_block,Northern,premium,3150,571.67,59.909,28.051,107823.88
285.17,2,warehouse,compressed_earth_block,Western,standard,4891,871.23,91.282,41.383,141065.84
466.28,4,commercial_block,compressed_earth_block,Eastern,standard,18832,3213.15,336.353,131.332,512709.9
506.49,3,commercial_block,compressed_earth_block,Central,standard,13954,2418.12,253.21,104.496,368063.13
357.02,2,commercial_block,compressed_earth_block,Eastern,standard,6749,1170.08,122.53,50.996,169664.7
225.42,2,storey_building,clay_brick,Eastern,standard,3412,618.8,64.859,31.07,98628.83
163.23,3,warehouse,compressed_earth_block,Eastern,premium,4406,771.92,80.849,34.667,147698.63
95.71,1,bungalow,clay_brick,Greater Accra,standard,804,145.32,15.231,7.276,31737.91
234.86,2,commercial_block,clay_brick,Northern,premium,3754,684.72,71.784,35.578,126705.43
60.28,3,bungalow,clay_brick,Western,premium,1426,252.41,26.443,11.799,53044.19
321.56,2,storey_building,sandcrete_block,Greater Accra,standard,5456,986.42,103.38,48.806,190132.22
146.8,4,warehouse,compressed_earth_block,Western,standard,5180,910.6,95.368,40.452,133056.32
155.8,3,storey_building,compressed_earth_block,Ashanti,standard,3208,613.14,64.334,35.663,94289.84
133.98,2,warehouse,sandcrete_block,Greater Accra,standard,2202,399.98,41.924,20.122,75571.85
216.7,4,storey_building,sandcrete_block,Northern,premium,6744,1247.86,130.85,66.777,229461.88
377.97,3,bungalow,compressed_earth_block,Eastern,standard,8811,1631.88,171.131,88.21,248649.34
555.16,4,storey_building,sandcrete_block,Eastern,standard,17253,3111.15,326.077,155.369,504042.7
288.3,2,storey_building,clay_brick,Central,premium,4619,839.17,87.957,42.23,167342.69
555.79,2,commercial_block,sandcrete_block,Western,standard,8627,1585.23,166.203,83.121,246853.6
57.52,4,storey_building,clay_brick,Central,standard,1711,313.46,32.862,16.206,49926.54
567.7,1,bungalow,clay_brick,Northern,standard,5166,885.39,92.676,35.72,158671.53
108.52,2,storey_building,clay_brick,Ashanti,standard,1714,316.63,33.201,16.863,60694.04
418.57,3,bungalow,compressed_earth_block,Ashanti,standard,11019,1955.2,204.831,91.181,303710.91
550.75,1,warehouse,clay_brick,Eastern,standard,4807,830.88,86.985,34.541,153443.97
291.79,1,warehouse,clay_brick,Ashanti,premium,2701,474.93,49.741,21.161,112419.76
468.92,1,storey_building,compressed_earth_block,Western,standard,4479,783.22,82.029,34.909,118001.47
574.29,2,commercial_block,clay_brick,Eastern,premium,9405,1647.61,172.575,74.526,331628.78
136.4,4,commercial_block,sandcrete_block,Western,standard,4763,845.68,88.594,39.33,127306.82
73.7,1,commercial_block,compressed_earth_block,Greater Accra,standard,659,114.46,11.986,4.977,21052.47
67.57,2,storey_building,sandcrete_block,Ashanti,standard,1073,197.41,20.696,10.228,34565.25
229.45,2,commercial_block,compressed_earth_block,Western,standard,3364,628.9,65.966,35.029,97140.59
390.66,3,storey_building,clay_brick,Central,premium,9003,1631.92,171.061,82.973,350621.52
531.81,1,bungalow,sandcrete_block,Northern,standard,5113,891.1,93.313,38.702,127174.87
528.16,1,storey_building,clay_brick,Northern,standard,4228,742.15,77.726,32.956,116378.43
370.79,2,warehouse,compressed_earth_block,Western,standard,6478,1121.34,117.39,46.417,168776.54
411.53,2,warehouse,sandcrete_block,Western,premium,7336,1286.69,134.756,57.148,256763.28
176.7,3,bungalow,sandcrete_block,Western,standard,4947,864.59,90.552,38.662,126776.45
192.69,2,warehouse,sandcrete_block,Greater Accra,standard,2968,538.54,56.441,26.666,104503.1
545.81,4,bungalow,clay_brick,Central,standard,18631,3375.1,353.765,170.244,593586.43
178.19,4,bungalow,compressed_earth_block,Western,standard,6071,1079.98,113.146,50.649,165563.42
396.62,1,warehouse,compressed_earth_block,Northern,standard,3418,609.73,63.876,28.399,84254.78
220.54,2,bungalow,sandcrete_block,Central,standard,3733,666.95,69.875,31.342,118507.9
231.67,2,commercial_block,clay_brick,Northern,standard,4058,738.48,77.4,36.935,127061.82
458.59,4,bungalow,sandcrete_block,Eastern,premium,14682,2685.9,281.584,139.573,564286.23
470.69,4,commercial_block,compressed_earth_block,Central,standard,13171,2516.12,264.026,147.756,384310.5
363.69,4,warehouse,clay_brick,Central,standard,12995,2234.83,233.96,92.569,387892.22
568.49,2,warehouse,clay_brick,Western,premium,9747,1742.41,182.58,84.11,383468.35
485.39,2,commercial_block,clay_brick,Eastern,standard,8879,1570.38,164.486,71.028,251473.21
364.88,2,storey_building,sandcrete_block,Ashanti,standard,7094,1226.32,128.394,51.707,222851.01
321.07,4,commercial_block,compressed_earth_block,Central,standard,9843,1797.91,188.49,93.459,276482.65
448.4,3,bungalow,clay_brick,Central,standard,12340,2175.38,227.853,98.309,375849.16
582.81,1,storey_building,compressed_earth_block,Greater Accra,standard,5128,936.26,98.138,47.392,157434.02
552.99,3,storey_building,compressed_earth_block,Central,standard,15029,2573.69,269.411,104.919,376195.37
479.15,2,commercial_block,clay_brick,Ashanti,standard,8225,1452.23,152.115,66.043,286289.72
496.87,3,bungalow,clay_brick,Eastern,standard,10393,1905.06,199.705,97.712,315560.89
381.12,2,commercial_block,compressed_earth_block,Eastern,standard,6460,1162.69,121.853,57.517,166659.13
491.75,3,commercial_block,compressed_earth_block,Northern,standard,12908,2280.02,238.857,106.111,327376.23
577.19,1,commercial_block,sandcrete_block,Greater Accra,standard,4789,872.44,91.448,44.204,166971.55
356.66,4,commercial_block,sandcrete_block,Eastern,standard,13549,2330.94,244.028,96.981,403996.86
404.35,4,warehouse,compressed_earth_block,Central,standard,12969,2361.22,247.489,118.764,377437.24
358.19,3,commercial_block,clay_brick,Ashanti,standard,8640,1544.9,161.858,72.806,277015.17
221.11,3,storey_building,clay_brick,Eastern,standard,5767,1049.01,109.959,53.268,177713.51
222.61,1,bungalow,clay_brick,Eastern,premium,1953,345.69,36.215,16.059,70811.35
84.63,1,commercial_block,compressed_earth_block,Eastern,standard,618,115.4,12.104,6.338,16147.38
108.54,4,warehouse,compressed_earth_block,Ashanti,standard,3293,604.22,63.35,31.791,96373.25
516.69,1,warehouse,clay_brick,Western,premium,4521,790.27,82.75,34.029,171379.63
531.06,4,warehouse,sandcrete_block,Eastern,standard,20237,3495.37,365.946,146.293,537921.11
333.22,2,bungalow,clay_brick,Central,standard,4836,904.11,94.814,48.983,162429.47
521.23,4,commercial_block,compressed_earth_block,Greater Accra,standard,16378,3008.39,315.406,157.248,543477.23
437.96,1,warehouse,compressed_earth_block,Greater Accra,standard,3416,632.9,66.366,33.912,124887.56
444.34,1,commercial_block,clay_brick,Western,standard,3830,672.01,70.381,29.907,119072.73
433.08,3,warehouse,compressed_earth_block,Western,standard,11478,2021.9,211.772,91.026,319971.79
296.03,3,commercial_block,clay_brick,Eastern,premium,6764,1225.18,128.426,62.303,260359.48
453.7,2,bungalow,compressed_earth_block,Northern,standard,6801,1245.85,130.611,64.638,172633.01
240.59,3,warehouse,sandcrete_block,Eastern,standard,5433,992.91,104.077,50.354,152812.81
141.01,4,commercial_block,clay_brick,Ashanti,premium,4824,852.51,89.304,39.278,216438.11
588.59,4,bungalow,compressed_earth_block,Northern,standard,20982,3695.59,387.034,163.613,526573.86
163.07,4,storey_building,clay_brick,Eastern,standard,5350,981.49,102.911,51.973,171080.13
85.51,2,storey_building,clay_brick,Greater Accra,standard,1331,240.62,25.217,11.826,46973.53
529.95,4,bungalow,clay_brick,Central,standard,19521,3451.12,361.505,157.971,618649.42
436.29,2,bungalow,sandcrete_block,Greater Accra,standard,6362,1155.74,121.14,58.234,213772.51
189.26,1,commercial_block,sandcrete_block,Greater Accra,standard,1680,296.8,31.091,13.623,55891.99
264.91,1,commercial_block,clay_brick,Ashanti,premium,2033,369.09,38.689,18.796,89751.21
85.06,1,commercial_block,clay_brick,Ashanti,standard,650,116.57,12.216,5.673,18392.3
337.66,2,storey_building,compressed_earth_block,Greater Accra,standard,5543,998.68,104.666,49.514,182403.67
299.8,3,commercial_block,sandcrete_block,Central,premium,7430,1334.7,139.872,65.419,275942.61
310.9,3,bungalow,clay_brick,Northern,standard,9132,1583.93,165.867,68.974,228987.6
524.61,4,storey_building,sandcrete_block,Northern,standard,17244,3083.39,323.094,148.831,454777.2
186.99,3,commercial_block,sandcrete_block,Central,standard,4907,875.67,91.767,42.959,141824.83
69.61,1,warehouse,sandcrete_block,Western,standard,646,112.93,11.826,4.932,17761.67
123.89,4,warehouse,compressed_earth_block,Central,standard,3957,725.3,76.043,37.957,109777.38
383.43,4,storey_building,clay_brick,Northern,standard,10894,2024.28,212.263,108.137,333723.62
417.74,4,storey_building,compressed_earth_block,Greater Accra,standard,13228,2440.34,255.851,127.555,421724.36
267.2,2,storey_building,clay_brick,Western,standard,4591,815.67,85.453,38.18,143210.07
598.84,4,storey_building,clay_brick,Northern,standard,18413,3388.75,355.281,176.851,564538.77
313.1,1,warehouse,compressed_earth_block,Ashanti,standard,2738,491.54,51.508,23.854,79962.51
541.56,3,bungalow,compressed_earth_block,Northern,premium,11564,2196.33,230.426,125.907,361817.69
241.21,3,commercial_block,sandcrete_block,Ashanti,premium,6035,1093.98,114.67,55.395,225620.79
479.57,1,commercial_block,compressed_earth_block,Northern,standard,4026,743.88,78.011,40.333,107652.85
269.15,2,warehouse,compressed_earth_block,Western,standard,4665,833.13,87.292,39.701,126505.89
553.43,2,bungalow,compressed_earth_block,Central,standard,9599,1713.27,179.508,81.44,252879.74
133.5,3,bungalow,clay_brick,Northern,standard,3195,583.47,61.164,29.935,90193.8
148.35,3,storey_building,sandcrete_block,Western,standard,3113,582.41,61.082,31.874,98463.16
118.37,3,bungalow,sandcrete_block,Greater Accra,standard,2535,473.89,49.698,25.784,89215.13
273.56,1,commercial_block,clay_brick,Western,standard,2208,390.97,40.96,18.295,69806.47
470.07,2,warehouse,clay_brick,Eastern,standard,7348,1312.54,137.517,62.091,212073.39
560.42,4,storey_building,sandcrete_block,Northern,standard,18309,3278.57,343.522,156.535,469079.8
531.32,2,bungalow,sandcrete_block,Central,standard,7936,1465.24,153.625,77.024,246536.16
136.18,4,storey_building,clay_brick,Ashanti,premium,4068,751.09,78.758,40.069,159280.01
375.12,3,storey_building,compressed_earth_block,Northern,premium,9294,1654.33,173.292,75.761,278380.59
212.33,4,commercial_block,sandcrete_block,Eastern,standard,7187,1299.27,136.16,63.772,206016.9
490.05,4,storey_building,sandcrete_block,Northern,standard,14912,2810.74,294.831,157.193,417670.57
485.99,3,storey_building,sandcrete_block,Western,premium,12509,2212.29,231.75,102.13,418182.21
570.09,1,warehouse,sandcrete_block,Greater Accra,standard,4156,774.87,81.261,42.006,151773.93
219.96,1,commercial_block,clay_brick,Central,standard,1768,316.2,33.13,15.031,55975.97
309.49,1,storey_building,sandcrete_block,Western,standard,2430,433.41,45.412,20.714,75764.68
105.69,4,storey_building,compressed_earth_block,Ashanti,standard,3847,667.11,69.845,28.109,105890.73
395.89,2,commercial_block,clay_brick,Greater Accra,standard,6468,1150.53,120.54,54.225,205423.22
480.35,3,storey_building,sandcrete_block,Greater Accra,standard,11245,2083.7,218.468,109.47,388592.7
247.8,4,warehouse,compressed_earth_block,Western,standard,7145,1290.03,135.199,63.874,188072.67
420.95,3,storey_building,compressed_earth_block,Greater Accra,premium,10637,1956.34,205.099,101.702,427136.54
333.2,1,bungalow,compressed_earth_block,Greater Accra,standard,2784,511.29,53.602,26.548,86850.23
184.1,1,storey_building,sandcrete_block,Northern,standard,1658,285.31,29.869,11.791,42894.99
497.53,1,commercial_block,clay_brick,Northern,premium,3808,690.66,72.391,34.79,121953.89
599.02,2,bungalow,compressed_earth_block,Western,standard,10340,1834.19,192.135,84.253,292796.33
529.53,4,bungalow,sandcrete_block,Central,standard,18391,3248.16,340.211,146.305,485448.47
318.42,1,commercial_block,sandcrete_block,Western,standard,2353,419.51,43.955,19.999,73127.26
358.64,4,warehouse,sandcrete_block,Greater Accra,standard,12301,2215.14,232.104,106.208,430613.64
573.55,4,commercial_block,sandcrete_block,Northern,standard,19411,3517.89,368.712,175.991,545312.78
175.69,1,storey_building,clay_brick,Central,standard,1547,266.87,27.939,11.172,42420.27
225.77,2,bungalow,clay_brick,Ashanti,standard,4176,730.53,76.504,32.155,122041.46
532.29,1,storey_building,clay_brick,Northern,standard,3768,706.26,74.073,38.852,113668.69
93.06,2,storey_building,clay_brick,Eastern,standard,1633,289.18,30.292,13.27,48062.11
243.96,1,bungalow,sandcrete_block,Ashanti,premium,2215,387.62,40.593,17.017,85581.56
190.8,4,warehouse,clay_brick,Ashanti,standard,7160,1259.06,131.887,57.695,231333.16
423.67,2,bungalow,sandcrete_block,Eastern,standard,7388,1299.54,136.109,58.212,184885.98
286.73,3,bungalow,sandcrete_block,Ashanti,standard,5741,1081.78,113.464,59.86,177918.08
238.21,4,bungalow,clay_brick,Northern,standard,6937,1276.78,133.861,66.778,193601.52
66.14,3,commercial_block,sandcrete_block,Ashanti,standard,1723,297.5,31.145,12.371,48429.95
135.36,1,warehouse,sandcrete_block,Northern,standard,1053,192.47,20.175,9.732,27038.49
188.14,1,storey_building,compressed_earth_block,Eastern,standard,1568,283.53,29.718,14.259,42389.02
156.15,3,warehouse,sandcrete_block,Ashanti,standard,3356,615.41,64.518,31.944,98108.6
493.13,3,storey_building,sandcrete_block,Western,standard,12582,2258.38,236.633,108.113,387442.8
329.41,4,storey_building,compressed_earth_block,Eastern,standard,11340,2011.52,210.732,93.843,319232.59
313.13,3,warehouse,sandcrete_block,Greater Accra,standard,7194,1296.95,135.913,63.436,253303.24
122.69,2,storey_building,sandcrete_block,Ashanti,standard,1957,353.64,37.053,16.863,59763.42
63.8,4,bungalow,compressed_earth_block,Western,standard,2090,374.71,39.267,18.339,56832.31
526.13,2,bungalow,clay_brick,Ashanti,standard,8110,1477.34,154.869,75.905,262126.88
131.65,4,bungalow,clay_brick,Greater Accra,standard,3729,704.99,73.95,39.47,152412.08
94.88,1,bungalow,compressed_earth_block,Central,standard,887,157.0,16.447,7.259,26395.64
306.36,3,bungalow,clay_brick,Central,standard,6911,1251.36,131.16,62.906,221267.85
584.04,4,commercial_block,compressed_earth_block,Northern,standard,21097,3771.93,395.234,181.437,473992.76
472.38,3,warehouse,sandcrete_block,Ashanti,standard,12361,2221.95,232.845,108.426,384122.9
119.14,1,storey_building,clay_brick,Western,standard,1110,194.72,20.393,8.67,35674.61
315.61,3,commercial_block,compressed_earth_block,Northern,premium,7724,1385.5,145.18,66.798,252987.85
536.84,2,storey_building,sandcrete_block,Ashanti,premium,8857,1618.8,169.71,84.025,321504.22
507.44,2,warehouse,compressed_earth_block,Central,premium,8998,1619.84,169.728,77.703,292319.9
340.36,1,bungalow,compressed_earth_block,Greater Accra,standard,2969,528.37,55.356,24.835,88419.28
534.62,2,commercial_block,sandcrete_block,Eastern,standard,10180,1723.7,180.412,68.686,272033.4
223.32,4,storey_building,sandcrete_block,Western,premium,7086,1293.42,135.581,65.927,245772.3
226.17,3,bungalow,sandcrete_block,Central,standard,5411,998.04,104.642,52.536,158422.32
439.23,2,warehouse,compressed_earth_block,Eastern,premium,8044,1400.5,146.654,60.688,250789.73
299.8,4,warehouse,clay_brick,Ashanti,standard,9587,1789.78,187.715,98.568,328156.12
364.98,2,commercial_block,clay_brick,Greater Accra,standard,6498,1162.53,121.811,55.746,237208.82
276.82,4,commercial_block,sandcrete_block,Ashanti,standard,9856,1744.86,182.818,83.001,285583.7
237.91,3,bungalow,clay_brick,Central,premium,5259,964.92,101.151,49.533,196942.36
429.94,2,warehouse,clay_brick,Greater Accra,standard,6698,1237.9,129.786,64.811,260274.4
502.21,3,storey_building,compressed_earth_block,Central,standard,10770,1993.02,208.955,104.396,310707.3
310.71,4,storey_building,clay_brick,Greater Accra,standard,10568,1900.51,199.159,92.663,366236.55
338.65,3,storey_building,clay_brick,Ashanti,standard,7078,1317.58,138.166,70.855,234177.21
295.34,4,warehouse,compressed_earth_block,Northern,standard,9376,1678.04,175.81,79.292,238160.85
43.56,3,storey_building,sandcrete_block,Western,standard,1161,208.44,21.84,9.988,35138.03
428.4,4,commercial_block,sandcrete_block,Ashanti,premium,12416,2355.03,247.038,132.291,517897.63
285.64,1,commercial_block,clay_brick,Eastern,standard,2475,437.19,45.796,20.059,76146.79
572.81,4,commercial_block,clay_brick,Eastern,standard,19090,3450.15,361.59,171.106,559178.85
247.55,2,warehouse,compressed_earth_block,Western,standard,3495,638.5,66.924,32.131,97132.18
507.2,3,bungalow,sandcrete_block,Ashanti,premium,11716,2186.96,229.355,119.19,487302.61
410.05,3,bungalow,clay_brick,Ashanti,standard,10042,1840.54,192.936,94.088,300698.3
517.65,2,commercial_block,compressed_earth_block,Central,premium,9030,1558.56,163.202,67.264,289896.1
102.86,4,commercial_block,sandcrete_block,Ashanti,standard,3238,574.54,60.194,27.074,103022.59
52.99,2,warehouse,clay_brick,Eastern,premium,884,156.57,16.401,7.13,33111.4
139.03,2,storey_building,compressed_earth_block,Northern,standard,2136,390.68,40.955,20.055,54549.76
159.68,3,commercial_block,clay_brick,Northern,standard,4036,713.91,74.786,32.971,118687.81
494.16,3,commercial_block,sandcrete_block,Northern,standard,11099,2086.02,218.811,116.628,293780.97
274.55,4,storey_building,sandcrete_block,Ashanti,standard,9749,1739.82,182.293,82.908,315635.8
406.38,3,storey_building,clay_brick,Greater Accra,standard,11156,1955.7,204.821,86.804,391748.99
226.84,4,storey_building,sandcrete_block,Northern,standard,8392,1458.31,152.703,62.845,207731.67
171.81,2,commercial_block,compressed_earth_block,Western,standard,3061,535.83,56.113,23.454,80106.97
77.42,3,storey_building,sandcrete_block,Western,standard,1709,324.39,34.032,18.514,52854.63
423.28,4,commercial_block,clay_brick,Greater Accra,standard,15820,2755.13,288.51,119.816,499020.77
64.44,1,warehouse,compressed_earth_block,Central,standard,580,101.69,10.651,4.586,16463.01
105.86,4,commercial_block,compressed_earth_block,Central,standard,3051,568.32,59.607,31.311,83792.5
407.21,4,commercial_block,compressed_earth_block,Western,standard,12166,2270.98,238.197,125.947,388022.38
430.05,3,storey_building,clay_brick,Eastern,premium,9752,1773.1,185.87,90.818,363773.69
442.6,2,warehouse,compressed_earth_block,Western,standard,8209,1438.03,150.606,63.861,232668.34
410.97,4,storey_building,sandcrete_block,Central,standard,13738,2480.91,260.009,123.015,401702.0
125.49,2,storey_building,compressed_earth_block,Northern,standard,2476,429.67,44.997,18.905,59341.38
518.71,3,bungalow,sandcrete_block,Central,standard,13087,2374.12,248.841,119.35,404805.46
181.76,4,commercial_block,sandcrete_block,Central,premium,5557,1020.34,106.979,53.629,216322.95
586.76,3,commercial_block,compressed_earth_block,Ashanti,standard,14914,2701.26,283.148,137.082,447701.88
60.46,3,commercial_block,sandcrete_block,Northern,standard,1714,298.94,31.306,13.123,45698.98
121.27,1,commercial_block,clay_brick,Central,standard,861,160.55,16.839,8.848,27071.87
568.85,2,commercial_block,compressed_earth_block,Central,premium,10382,1840.51,192.802,84.837,339158.54
472.52,2,bungalow,compressed_earth_block,Greater Accra,premium,7740,1403.12,147.049,69.302,349601.54
97.77,4,storey_building,sandcrete_block,Central,standard,3061,554.27,58.087,27.273,88785.67
408.61,4,storey_building,compressed_earth_block,Western,standard,14535,2551.25,267.219,115.123,388973.25
518.04,3,storey_building,compressed_earth_block,Greater Accra,premium,11497,2119.21,222.201,112.12,497676.01
70.49,4,storey_building,sandcrete_block,Ashanti,standard,2076,383.02,40.159,20.223,66797.74
346.76,3,commercial_block,compressed_earth_block,Central,premium,9367,1661.92,174.107,77.541,324517.03
498.15,2,commercial_block,clay_brick,Greater Accra,standard,7330,1332.92,139.725,68.118,276818.87
413.89,4,bungalow,sandcrete_block,Northern,premium,11775,2201.27,230.863,120.495,409200.06
234.98,3,storey_building,sandcrete_block,Western,premium,6288,1100.03,115.211,49.156,213751.16
328.26,3,warehouse,clay_brick,Eastern,standard,9283,1605.14,168.069,68.598,245406.13
259.08,2,storey_building,compressed_earth_block,Eastern,standard,4558,806.07,84.429,36.427,108971.35
388.29,1,commercial_block,clay_brick,Central,premium,3495,600.59,62.875,24.874,140127.84
74.57,2,storey_building,clay_brick,Northern,premium,1038,186.05,19.495,8.989,40601.34
267.57,1,warehouse,compressed_earth_block,Greater Accra,standard,2328,408.02,42.73,17.977,74462.67
401.04,3,storey_building,sandcrete_block,Central,standard,8727,1635.44,171.528,89.991,256653.0
494.75,4,bungalow,sandcrete_block,Northern,standard,18655,3323.39,348.193,156.907,470203.93
444.69,3,bungalow,compressed_earth_block,Northern,standard,11916,2130.16,223.162,99.48,289583.05
202.89,1,warehouse,clay_brick,Western,standard,1953,342.33,35.856,15.493,58901.93
231.76,4,storey_building,compressed_earth_block,Greater Accra,premium,7606,1363.04,142.825,65.691,305870.02
335.02,3,warehouse,compressed_earth_block,Greater Accra,standard,7635,1413.98,148.278,76.281,262990.19
496.39,1,storey_building,sandcrete_block,Western,standard,3719,691.43,72.502,36.895,116932.85
401.61,4,storey_building,clay_brick,Central,standard,14402,2543.43,266.418,115.991,426272.81
158.66,2,commercial_block,clay_brick,Greater Accra,standard,2299,424.35,44.495,22.588,90551.93
433.68,3,warehouse,sandcrete_block,Ashanti,premium,10789,1931.23,202.354,92.417,412121.36
571.07,2,commercial_block,compressed_earth_block,Northern,standard,10608,1874.91,196.395,85.702,233897.96
304.14,4,bungalow,compressed_earth_block,Ashanti,premium,8686,1596.49,167.388,84.018,330196.95
205.19,3,commercial_block,clay_brick,Greater Accra,standard,5528,971.04,101.702,43.398,186588.06
207.44,4,storey_building,clay_brick,Central,premium,7264,1295.14,135.708,62.226,278657.26
275.83,4,bungalow,clay_brick,Central,standard,8782,1587.76,166.395,78.102,278866.4
93.32,1,bungalow,compressed_earth_block,Central,standard,809,141.04,14.768,6.012,22088.74
532.45,1,commercial_block,sandcrete_block,Ashanti,standard,4711,827.0,86.618,37.189,150431.33
404.9,4,commercial_block,compressed_earth_block,Ashanti,standard,12304,2260.29,236.976,118.287,363188.17
409.95,2,bungalow,compressed_earth_block,Greater Accra,standard,6950,1225.11,128.323,55.568,216548.36
84.59,3,commercial_block,compressed_earth_block,Western,standard,1978,369.96,38.799,20.102,60973.42
551.89,3,bungalow,compressed_earth_block,Eastern,standard,12464,2299.29,241.072,120.833,333205.88
200.89,3,bungalow,compressed_earth_block,Northern,standard,4161,769.85,80.716,40.508,114689.7
236.31,4,bungalow,compressed_earth_block,Western,standard,7220,1319.82,138.341,66.797,232508.03
460.03,2,bungalow,compressed_earth_block,Ashanti,standard,6277,1214.56,127.462,72.276,204204.89
95.15,3,commercial_block,clay_brick,Greater Accra,standard,2222,409.25,42.914,21.858,80341.76
207.54,1,commercial_block,compressed_earth_block,Northern,standard,1652,301.77,31.633,15.38,43395.28
421.61,2,storey_building,compressed_earth_block,Eastern,standard,7248,1327.46,139.163,68.626,226294.97
543.17,4,storey_building,clay_brick,Northern,premium,19584,3460.88,362.5,156.515,727407.8
583.51,2,storey_building,sandcrete_block,Greater Accra,standard,10824,1887.45,197.678,84.077,364272.23
120.78,4,warehouse,clay_brick,Eastern,standard,3473,637.63,66.847,33.08,104809.6
180.73,4,storey_building,clay_brick,Central,standard,6181,1088.57,114.028,49.838,182903.07
214.3,1,commercial_block,sandcrete_block,Northern,standard,1829,322.86,33.819,14.71,45893.3
556.48,1,commercial_block,compressed_earth_block,Central,standard,4948,866.17,90.71,38.142,133645.9
149.88,3,commercial_block,sandcrete_block,Greater Accra,premium,3300,610.55,64.02,32.508,148031.8
588.95,3,warehouse,compressed_earth_block,Western,premium,16078,2795.8,292.753,120.409,601810.84
331.79,2,commercial_block,sandcrete_block,Northern,standard,5671,1010.02,105.822,47.784,146188.67
375.13,1,commercial_block,sandcrete_block,Greater Accra,standard,3417,599.33,62.776,27.197,114792.4
185.02,2,bungalow,compressed_earth_block,Northern,standard,3445,594.7,62.266,25.186,87006.14
73.4,2,bungalow,clay_brick,Eastern,premium,1298,230.69,24.166,10.676,45506.83
178.86,1,bungalow,compressed_earth_block,Greater Accra,standard,1341,245.67,25.755,12.778,48677.05
437.76,4,commercial_block,compressed_earth_block,Western,standard,13399,2444.63,256.239,123.427,403492.33
240.78,1,commercial_block,compressed_earth_block,Greater Accra,standard,1781,325.55,34.129,16.834,59423.15
505.01,4,bungalow,sandcrete_block,Central,standard,14395,2679.48,281.011,146.279,466918.35
133.49,4,commercial_block,compressed_earth_block,Northern,standard,4852,856.8,89.738,38.386,126219.33
506.57,2,storey_building,clay_brick,Greater Accra,standard,9521,1640.69,171.795,70.363,334792.62
389.72,4,commercial_block,compressed_earth_block,Ashanti,standard,13295,2368.28,248.121,111.504,373629.4
227.64,4,warehouse,sandcrete_block,Northern,standard,8256,1470.42,154.053,69.217,213596.39
586.05,2,storey_building,clay_brick,Ashanti,premium,10523,1860.35,194.885,86.076,406951.96
451.56,2,warehouse,clay_brick,Northern,standard,6833,1256.28,131.723,66.464,205724.59
175.42,2,storey_building,sandcrete_block,Western,premium,3011,532.58,55.789,24.506,102904.95
223.09,3,storey_building,sandcrete_block,Eastern,standard,5620,990.91,103.779,44.014,140258.95
159.29,1,warehouse,clay_brick,Western,standard,1237,223.43,23.415,10.985,40402.75
296.18,1,storey_building,sandcrete_block,Eastern,premium,2444,440.09,46.125,21.99,83284.09
392.94,2,warehouse,sandcrete_block,Central,standard,6773,1230.45,128.955,60.872,197738.79
374.35,4,bungalow,sandcrete_block,Western,standard,10201,1914.55,200.791,104.686,309776.84
248.17,4,warehouse,sandcrete_block,Northern,standard,7456,1373.18,143.978,72.506,211224.36
293.62,1,commercial_block,compressed_earth_block,Western,premium,2278,419.51,43.985,22.08,84794.48
332.92,3,warehouse,clay_brick,Western,premium,9664,1658.3,173.593,67.901,343561.98
460.37,3,commercial_block,clay_brick,Eastern,premium,13492,2328.51,243.8,98.731,468578.01
378.75,2,storey_building,clay_brick,Northern,standard,6085,1101.32,115.425,54.711,181611.34
460.65,2,storey_building,clay_brick,Eastern,standard,7043,1289.52,135.192,67.08,218218.36
458.3,3,bungalow,clay_brick,Northern,premium,11381,2076.67,217.699,106.871,356747.7
239.14,4,storey_building,sandcrete_block,Central,standard,7365,1351.46,141.707,71.85,197514.85
193.51,4,warehouse,compressed_earth_block,Western,standard,6682,1171.63,122.702,51.783,172534.11
533.5,4,storey_building,clay_brick,Northern,premium,16600,3006.96,315.138,148.887,583907.11
321.05,2,storey_building,sandcrete_block,Eastern,standard,6046,1051.31,110.092,45.848,167901.76
349.14,3,bungalow,sandcrete_block,Eastern,standard,9170,1621.04,169.812,74.761,247060.86
132.06,1,commercial_block,compressed_earth_block,Central,standard,1224,213.67,22.377,9.465,30364.05
361.04,2,warehouse,sandcrete_block,Northern,standard,6434,1166.78,122.296,58.745,166665.75
494.5,4,commercial_block,sandcrete_block,Greater Accra,standard,16602,2951.2,309.192,138.881,594720.76
133.29,1,commercial_block,sandcrete_block,Greater Accra,standard,982,183.58,19.253,10.005,38496.51
142.59,3,storey_building,compressed_earth_block,Ashanti,standard,3612,642.46,67.309,30.172,106867.12
520.98,4,commercial_block,sandcrete_block,Western,standard,16006,2918.23,305.87,146.635,455773.71
370.44,4,storey_building,compressed_earth_block,Western,standard,12967,2268.04,237.517,99.576,360072.25
501.53,4,bungalow,compressed_earth_block,Northern,standard,16125,2956.15,309.878,150.911,418734.01
204.63,3,bungalow,clay_brick,Northern,premium,4691,849.12,88.993,42.26,175338.04
433.54,3,warehouse,sandcrete_block,Greater Accra,standard,9854,1828.4,191.743,99.013,343485.48
335.75,2,bungalow,sandcrete_block,Greater Accra,standard,5024,931.97,97.722,49.556,171966.15
449.33,3,commercial_block,compressed_earth_block,Ashanti,standard,9532,1803.12,189.167,102.982,303437.33
468.45,2,storey_building,clay_brick,Greater Accra,standard,6947,1295.35,135.85,70.676,268820.14
308.15,2,storey_building,clay_brick,Greater Accra,standard,5620,1012.75,106.141,50.22,217786.45
568.08,3,storey_building,sandcrete_block,Eastern,standard,13517,2454.88,257.297,122.811,376122.75
147.96,4,storey_building,clay_brick,Western,standard,5040,900.35,94.337,43.021,161683.63
539.62,1,warehouse,sandcrete_block,Central,standard,4035,740.26,77.606,38.379,118179.5
507.76,2,warehouse,sandcrete_block,Western,standard,7831,1407.24,147.467,68.524,227461.94
240.33,2,storey_building,clay_brick,Northern,standard,3904,689.06,72.188,32.179,105584.06
126.27,3,commercial_block,compressed_earth_block,Ashanti,standard,3372,584.33,61.187,25.268,90937.29
443.68,3,storey_building,sandcrete_block,Northern,premium,9573,1756.43,184.107,88.967,322645.68
123.37,2,warehouse,compressed_earth_block,Ashanti,premium,1791,328.7,34.46,17.129,69682.82
68.26,2,storey_building,sandcrete_block,Central,standard,1291,227.23,23.801,10.294,36408.63
73.49,4,storey_building,sandcrete_block,Western,standard,2844,491.96,51.515,21.219,86173.9
54.38,3,warehouse,clay_brick,Western,premium,1280,234.31,24.562,11.947,53784.42
545.84,1,bungalow,compressed_earth_block,Eastern,standard,3803,705.23,73.947,37.516,104968.01
473.26,3,warehouse,clay_brick,Ashanti,standard,11678,2075.89,217.478,97.019,370385.33
378.43,2,warehouse,clay_brick,Greater Accra,standard,6148,1106.0,115.891,53.275,228554.09
144.44,1,commercial_block,compressed_earth_block,Greater Accra,standard,1105,201.17,21.087,10.227,35035.17
55.5,2,storey_building,compressed_earth_block,Ashanti,standard,902,163.73,17.161,8.197,28158.27
223.3,1,storey_building,clay_brick,Greater Accra,standard,1667,305.9,32.068,15.736,62665.84
268.53,2,warehouse,clay_brick,Eastern,standard,4826,840.79,88.047,36.691,140081.33
494.34,2,warehouse,clay_brick,Western,standard,8526,1549.6,162.44,79.305,272822.52
423.22,3,warehouse,compressed_earth_block,Northern,standard,11571,2007.32,210.175,85.414,304865.27
155.83,2,storey_building,compressed_earth_block,Western,standard,2416,442.04,46.337,22.615,72405.39
360.16,4,storey_building,compressed_earth_block,Greater Accra,standard,13134,2315.79,242.585,106.452,357134.51
252.85,1,bungalow,sandcrete_block,Ashanti,premium,1857,346.53,36.345,19.084,73334.08
354.29,3,warehouse,sandcrete_block,Western,premium,7594,1428.28,149.809,79.231,279916.29
203.7,2,storey_building,clay_brick,Western,premium,2671,520.24,54.602,31.365,113752.97
467.12,3,warehouse,compressed_earth_block,Ashanti,premium,10548,1928.16,202.093,96.611,418748.63
316.63,1,bungalow,clay_brick,Eastern,premium,2747,489.46,51.279,22.945,91059.15
495.9,2,storey_building,clay_brick,Northern,standard,8138,1463.79,153.39,71.051,225411.63
431.63,2,storey_building,clay_brick,Northern,standard,8290,1425.88,149.277,59.368,226793.24
273.72,1,storey_building,sandcrete_block,Eastern,standard,2668,460.82,48.247,19.464,66260.48
281.25,3,warehouse,clay_brick,Western,standard,7219,1308.47,137.149,66.032,231029.45
548.87,4,warehouse,compressed_earth_block,Northern,standard,19805,3447.4,360.975,147.89,482908.15
416.71,1,bungalow,sandcrete_block,Western,standard,3434,623.71,65.38,31.866,117764.48
115.61,4,storey_building,clay_brick,Ashanti,standard,3733,663.68,69.539,31.735,119004.86
214.18,1,commercial_block,compressed_earth_block,Western,premium,1641,305.99,32.095,17.055,64955.37
321.28,3,commercial_block,sandcrete_block,Western,premium,7262,1319.97,138.369,67.584,281618.27
417.54,3,warehouse,clay_brick,Ashanti,standard,9859,1752.7,183.616,81.735,320768.93
504.79,1,storey_building,sandcrete_block,Western,standard,3592,670.06,70.27,36.367,109048.65
590.52,1,warehouse,compressed_earth_block,Eastern,standard,4809,865.29,90.687,42.955,124572.08
150.01,3,bungalow,sandcrete_block,Western,standard,4310,719.66,75.289,26.259,137834.43
339.42,3,commercial_block,compressed_earth_block,Eastern,standard,9406,1609.0,168.449,67.082,249329.37
545.96,1,warehouse,sandcrete_block,Northern,standard,4366,798.68,83.72,40.694,119305.34
248.92,2,storey_building,compressed_earth_block,Central,standard,3822,686.46,71.938,33.583,111899.19
537.94,4,commercial_block,sandcrete_block,Eastern,standard,16183,2950.11,309.241,150.36,446979.84
558.6,4,commercial_block,clay_brick,Greater Accra,standard,19369,3487.05,365.424,170.54,659610.16
215.3,3,bungalow,compressed_earth_block,Ashanti,premium,4780,917.42,96.279,54.597,191078.5
125.25,4,warehouse,compressed_earth_block,Northern,standard,3955,730.77,76.613,38.032,105551.0
423.92,1,bungalow,sandcrete_block,Ashanti,standard,3655,623.82,65.302,25.553,108100.9
345.17,4,commercial_block,compressed_earth_block,Northern,standard,13586,2367.01,247.899,105.184,338744.0
458.89,3,commercial_block,compressed_earth_block,Ashanti,standard,12728,2202.25,230.582,93.52,341361.31
411.72,4,storey_building,sandcrete_block,Central,premium,12813,2381.94,249.747,125.788,502629.24
281.52,1,storey_building,compressed_earth_block,Ashanti,premium,2179,410.88,43.106,23.443,84874.24
188.37,3,bungalow,clay_brick,Central,premium,4646,833.59,87.351,40.405,183508.0
63.11,1,bungalow,sandcrete_block,Western,standard,467,86.32,9.051,4.592,14445.18
177.94,1,warehouse,clay_brick,Greater Accra,premium,1514,270.92,28.385,12.837,66475.83
68.54,2,storey_building,clay_brick,Western,standard,1189,219.22,22.987,11.681,40362.24
292.33,4,commercial_block,clay_brick,Western,standard,8656,1595.78,167.334,85.48,289220.36
438.52,4,bungalow,clay_brick,Greater Accra,standard,15281,2697.35,282.544,123.227,529037.82
205.43,2,commercial_block,compressed_earth_block,Ashanti,standard,3112,569.13,59.669,29.758,88520.62
542.4,4,bungalow,sandcrete_block,Ashanti,premium,17748,3181.12,333.375,156.401,702406.3
312.75,1,storey_building,clay_brick,Central,premium,2407,439.9,46.113,22.454,95178.8
494.63,4,commercial_block,sandcrete_block,Northern,standard,16518,2951.1,309.216,141.295,403022.37
49.43,4,warehouse,clay_brick,Eastern,premium,1322,252.48,26.487,14.397,49709.71
449.29,4,warehouse,compressed_earth_block,Eastern,premium,13092,2470.59,259.162,139.004,436273.39
47.19,4,commercial_block,compressed_earth_block,Northern,standard,1770,306.79,32.121,12.942,39572.79
129.9,2,bungalow,sandcrete_block,Eastern,standard,2476,439.49,46.042,20.519,71968.92
489.54,3,storey_building,clay_brick,Greater Accra,premium,12677,2240.85,234.73,102.662,572652.63
117.93,3,storey_building,sandcrete_block,Western,premium,2740,504.85,52.933,26.61,99376.71
303.7,3,commercial_block,clay_brick,Central,premium,7603,1372.28,143.82,68.012,295846.29
316.26,3,commercial_block,sandcrete_block,Ashanti,standard,8673,1515.2,158.682,66.905,262276.1
284.67,2,storey_building,compressed_earth_block,Eastern,standard,4958,884.13,92.634,41.994,144382.23
462.96,4,warehouse,sandcrete_block,Northern,standard,15839,2880.08,301.881,145.422,436698.32
64.41,2,bungalow,compressed_earth_block,Northern,standard,1119,196.26,20.554,8.694,29807.62
392.59,2,storey_building,sandcrete_block,Central,standard,6755,1191.04,124.757,54.232,190816.12
475.7,4,warehouse,sandcrete_block,Western,premium,14265,2622.48,274.963,138.251,509304.86
522.56,3,commercial_block,clay_brick,Northern,standard,14186,2448.31,256.333,103.133,405073.9
380.22,2,bungalow,clay_brick,Ashanti,premium,6937,1234.86,129.377,58.283,289518.15
558.61,4,storey_building,clay_brick,Central,standard,17279,3201.57,335.706,170.593,544688.41
490.35,1,commercial_block,clay_brick,Central,standard,4399,780.91,81.806,36.176,149659.02
94.15,2,storey_building,compressed_earth_block,Eastern,standard,1591,282.02,29.545,13.15,40990.42
460.85,3,bungalow,compressed_earth_block,Ashanti,standard,9662,1789.97,187.691,95.393,290069.2
176.38,1,bungalow,clay_brick,Central,standard,1384,247.17,25.898,11.808,40974.62
436.91,4,warehouse,sandcrete_block,Central,standard,12781,2334.35,244.675,117.533,374623.47
548.5,1,bungalow,clay_brick,Ashanti,standard,4306,787.19,82.512,39.819,144446.42
113.62,2,warehouse,clay_brick,Greater Accra,standard,2118,357.01,37.361,13.849,70182.41
143.15,1,warehouse,clay_brick,Northern,standard,1279,227.01,23.784,10.705,36168.25
59.37,1,commercial_block,clay_brick,Ashanti,standard,455,82.3,8.626,4.088,15031.0
394.59,3,commercial_block,clay_brick,Central,standard,9820,1758.83,184.295,84.592,309931.19
388.85,2,warehouse,clay_brick,Ashanti,standard,7042,1246.94,130.632,58.148,224432.5
269.87,1,bungalow,sandcrete_block,Western,standard,2237,401.42,42.061,19.224,64943.16
95.2,4,commercial_block,sandcrete_block,Greater Accra,premium,3441,588.77,61.626,23.588,135548.24
376.2,2,commercial_block,clay_brick,Central,premium,6069,1081.43,113.287,50.022,224408.63
116.89,1,storey_building,sandcrete_block,Ashanti,standard,1120,194.61,20.377,8.312,35833.67
243.44,3,bungalow,clay_brick,Northern,premium,5770,1046.16,109.65,52.448,210784.35
193.56,3,commercial_block,compressed_earth_block,Greater Accra,standard,5601,968.3,101.392,41.689,178775.39
392.62,2,bungalow,clay_brick,Eastern,standard,6553,1189.4,124.663,59.558,190952.84
286.88,2,warehouse,compressed_earth_block,Central,premium,5092,890.5,93.264,39.599,172157.86
334.96,3,commercial_block,sandcrete_block,Eastern,standard,9565,1678.61,175.818,75.67,251760.34
66.86,2,warehouse,clay_brick,Northern,standard,1018,185.67,19.462,9.418,29575.58
347.19,2,storey_building,compressed_earth_block,Western,standard,5708,1027.42,107.666,50.11,164145.52
466.59,2,commercial_block,compressed_earth_block,Central,premium,8353,1515.4,158.843,76.735,272712.46
322.1,1,commercial_block,sandcrete_block,Greater Accra,standard,2652,474.0,49.658,22.166,83455.85
188.39,2,commercial_block,clay_brick,Western,standard,3321,588.94,61.698,27.434,99384.42
288.28,1,warehouse,compressed_earth_block,Greater Accra,standard,2313,419.67,43.986,21.021,75807.38
567.72,4,bungalow,clay_brick,Ashanti,standard,16772,3082.17,323.137,160.787,578207.58
306.26,1,commercial_block,sandcrete_block,Greater Accra,standard,2226,409.02,42.883,21.429,74318.44
451.95,4,bungalow,clay_brick,Western,standard,13442,2489.36,261.029,132.881,419214.32
569.59,2,warehouse,sandcrete_block,Northern,premium,8538,1575.92,165.25,84.236,303381.6
343.21,3,commercial_block,compressed_earth_block,Ashanti,standard,7800,1430.12,149.943,75.201,237675.15
398.82,4,warehouse,clay_brick,Western,standard,12283,2212.54,231.854,107.651,416134.03
580.77,2,commercial_block,clay_brick,Western,standard,9293,1703.42,178.556,86.63,331467.08
185.04,4,storey_building,sandcrete_block,Eastern,premium,6746,1170.35,122.555,50.791,225587.49
95.72,3,bungalow,compressed_earth_block,Northern,premium,2188,397.19,41.633,20.114,67711.79
101.74,3,bungalow,sandcrete_block,Eastern,standard,2554,457.9,47.978,21.92,68687.53
292.28,1,warehouse,clay_brick,Ashanti,premium,2430,441.12,46.235,22.108,102585.43
207.27,3,storey_building,sandcrete_block,Ashanti,standard,5437,962.69,100.841,44.026,162172.22
503.11,4,warehouse,compressed_earth_block,Central,standard,18976,3364.71,352.501,157.363,531077.55
68.21,1,storey_building,compressed_earth_block,Eastern,standard,494,90.9,9.53,4.722,13699.53
549.22,3,storey_building,clay_brick,Eastern,standard,14085,2518.09,263.826,119.202,391079.71
96.92,2,warehouse,clay_brick,Greater Accra,standard,1485,271.53,28.463,13.863,59327.43
434.42,1,warehouse,sandcrete_block,Ashanti,standard,3365,622.59,65.275,32.64,105923.71
378.53,4,storey_building,sandcrete_block,Ashanti,standard,11860,2141.78,224.47,106.375,353421.91
318.73,1,bungalow,sandcrete_block,Ashanti,standard,2270,423.14,44.377,23.14,69249.52
495.92,3,bungalow,clay_brick,Greater Accra,standard,10254,1898.48,199.069,101.231,358739.51
542.43,4,bungalow,sandcrete_block,Ashanti,standard,19629,3426.71,358.818,147.679,578828.45
377.36,1,commercial_block,compressed_earth_block,Greater Accra,standard,3591,621.03,65.028,26.64,114942.31
481.83,1,commercial_block,clay_brick,Ashanti,standard,4705,800.61,83.801,32.174,157810.91
348.02,4,commercial_block,sandcrete_block,Central,premium,11006,1946.76,203.963,91.917,381116.15
175.78,1,warehouse,clay_brick,Eastern,standard,1597,279.15,29.233,12.218,49855.79
180.22,3,warehouse,sandcrete_block,Ashanti,premium,4072,758.63,79.555,41.001,166253.36
499.26,2,storey_building,clay_brick,Western,standard,8385,1535.81,160.99,78.359,275182.68
590.93,1,bungalow,sandcrete_block,Greater Accra,standard,4464,798.8,83.691,37.709,159609.46
262.11,3,warehouse,sandcrete_block,Greater Accra,standard,7290,1287.08,134.834,59.841,275895.03
567.27,3,commercial_block,sandcrete_block,Central,standard,15327,2718.19,284.728,124.262,476671.99
464.41,3,bungalow,compressed_earth_block,Northern,standard,10623,1934.95,202.832,98.856,261784.03
360.6,3,bungalow,compressed_earth_block,Ashanti,standard,8688,1617.43,169.615,87.388,239500.32
357.88,2,warehouse,clay_brick,Central,premium,5558,994.77,104.241,48.272,223815.74
250.51,4,warehouse,clay_brick,Western,standard,8520,1508.66,158.049,70.271,269423.45
378.32,3,bungalow,compressed_earth_block,Western,standard,8431,1523.5,159.649,74.183,225435.83
591.05,2,commercial_block,compressed_earth_block,Northern,standard,10759,1915.21,200.655,90.284,249034.13
101.78,1,commercial_block,sandcrete_block,Northern,premium,900,158.76,16.631,7.285,30558.35
426.32,4,warehouse,sandcrete_block,Northern,standard,12839,2353.83,246.781,123.022,349156.22
392.68,2,warehouse,compressed_earth_block,Northern,standard,7044,1214.92,127.192,50.608,172614.54
561.58,3,storey_building,clay_brick,Central,standard,13714,2429.97,254.555,112.387,433868.23
491.4,4,warehouse,compressed_earth_block,Ashanti,standard,18897,3269.55,342.353,140.366,549120.63
498.54,1,storey_building,clay_brick,Eastern,standard,4073,730.35,76.539,35.902,124414.29
80.02,1,bungalow,sandcrete_block,Central,premium,667,120.45,12.622,5.871,22089.02
345.89,4,commercial_block,clay_brick,Central,standard,10504,1917.79,201.041,98.48,355869.66
328.4,3,commercial_block,compressed_earth_block,Western,premium,9143,1591.95,166.717,70.068,289413.05
284.67,3,commercial_block,compressed_earth_block,Western,standard,6905,1251.07,131.117,62.037,194390.84
162.07,4,commercial_block,compressed_earth_block,Northern,standard,4886,886.95,92.978,45.515,121659.08
318.89,3,warehouse,sandcrete_block,Greater Accra,standard,8259,1488.24,155.943,71.643,294231.77
318.41,1,warehouse,sandcrete_block,Western,standard,2951,515.37,53.973,22.756,80277.42
573.15,1,warehouse,clay_brick,Eastern,standard,4453,799.37,83.769,39.058,135729.13
520.05,3,bungalow,sandcrete_block,Eastern,standard,13858,2445.33,256.159,112.691,367942.46
589.01,2,storey_building,clay_brick,Central,standard,9596,1753.77,183.845,90.0,307625.73
273.68,4,commercial_block,sandcrete_block,Ashanti,standard,10176,1797.36,188.281,82.802,324363.4
275.08,3,storey_building,compressed_earth_block,Northern,standard,7766,1352.5,141.627,58.566,204324.66
451.32,2,warehouse,sandcrete_block,Central,standard,6217,1184.83,124.309,68.249,185602.27
540.51,2,warehouse,clay_brick,Eastern,standard,9430,1667.16,174.643,76.877,272155.25
545.07,3,warehouse,sandcrete_block,Ashanti,premium,13735,2452.71,256.995,117.429,528381.47
205.07,2,storey_building,sandcrete_block,Eastern,standard,3523,615.72,64.477,26.797,98333.23
129.68,4,bungalow,compressed_earth_block,Western,standard,3768,695.93,72.97,36.915,109211.13
528.36,4,bungalow,sandcrete_block,Eastern,premium,17207,3093.42,324.118,147.422,598254.69
334.65,4,bungalow,clay_brick,Greater Accra,standard,11552,2015.63,211.066,87.219,433262.45
236.96,3,warehouse,clay_brick,Greater Accra,standard,5532,1040.03,109.09,57.969,193986.83
541.13,4,storey_building,clay_brick,Central,standard,17025,3105.06,325.468,157.124,559194.53
313.67,2,warehouse,clay_brick,Eastern,standard,5144,927.4,97.195,45.916,158437.5
545.89,2,commercial_block,compressed_earth_block,Central,premium,10468,1808.65,189.367,76.544,361246.14
324.33,1,warehouse,compressed_earth_block,Ashanti,standard,3213,549.96,57.574,22.761,85723.77
261.81,3,warehouse,clay_brick,Northern,premium,7004,1219.97,127.761,53.652,244926.47
82.32,2,storey_building,sandcrete_block,Ashanti,standard,1287,230.8,24.185,11.133,36862.75
472.0,1,bungalow,sandcrete_block,Western,premium,3947,718.81,75.343,36.279,149802.71
581.14,1,warehouse,compressed_earth_block,Greater Accra,premium,4700,855.03,89.629,43.7,186526.3
193.98,3,commercial_block,compressed_earth_block,Greater Accra,premium,4660,839.12,87.928,40.547,191628.93
102.87,4,bungalow,compressed_earth_block,Central,standard,3455,603.96,63.241,25.988,97825.45
440.96,1,bungalow,clay_brick,Northern,standard,3862,691.09,72.407,32.688,114309.11
162.63,2,bungalow,sandcrete_block,Central,standard,3092,537.36,56.271,23.337,90573.8
54.14,2,bungalow,sandcrete_block,Western,standard,902,161.17,16.887,7.734,26856.87
159.24,1,warehouse,clay_brick,Northern,standard,1518,264.82,27.732,11.581,40572.45
253.95,2,bungalow,clay_brick,Western,standard,3505,639.64,67.05,32.638,118451.94
465.07,3,storey_building,clay_brick,Ashanti,standard,12835,2255.41,236.213,100.333,433065.08
53.9,3,storey_building,compressed_earth_block,Eastern,premium,1313,241.09,25.276,12.545,48851.11
288.19,3,warehouse,clay_brick,Ashanti,standard,6895,1272.01,133.374,67.419,238977.85
357.7,1,storey_building,compressed_earth_block,Greater Accra,standard,3105,553.3,57.973,26.324,100807.46
366.19,4,warehouse,clay_brick,Central,premium,11658,2108.14,220.974,106.804,428128.06
116.99,3,warehouse,clay_brick,Western,premium,2828,502.86,52.682,23.536,119421.1
190.01,1,storey_building,compressed_earth_block,Northern,standard,1330,250.76,26.303,14.053,36074.94
236.82,3,bungalow,clay_brick,Eastern,standard,6996,1194.1,124.993,48.397,214623.0
341.75,3,storey_building,compressed_earth_block,Ashanti,premium,9443,1686.53,176.706,80.124,317822.21
89.73,2,bungalow,sandcrete_block,Eastern,standard,1395,252.22,26.437,12.675,36076.73
174.65,1,bungalow,clay_brick,Eastern,standard,1261,234.03,24.538,12.393,38406.73
426.43,1,warehouse,sandcrete_block,Central,standard,3196,586.45,61.489,31.008,100074.18
546.8,4,commercial_block,compressed_earth_block,Greater Accra,premium,17353,3084.32,323.113,143.322,708865.75
138.04,1,warehouse,compressed_earth_block,Eastern,standard,1300,228.25,23.906,10.187,32431.79
116.89,1,storey_building,compressed_earth_block,Eastern,standard,791,144.48,15.145,7.372,23114.15
40.33,2,bungalow,compressed_earth_block,Greater Accra,standard,589,112.25,11.777,6.491,22038.96
260.53,1,storey_building,clay_brick,Greater Accra,premium,1819,343.56,36.037,19.168,90014.14
476.05,4,storey_building,sandcrete_block,Northern,standard,17713,3163.56,331.453,149.741,508436.09
529.43,1,bungalow,sandcrete_block,Greater Accra,standard,3970,726.8,76.176,36.367,143291.07
492.02,3,commercial_block,clay_brick,Eastern,standard,13873,2425.29,254.042,110.475,398212.6
262.24,1,storey_building,sandcrete_block,Ashanti,standard,2010,372.41,39.05,19.92,60978.92
68.63,2,warehouse,sandcrete_block,Greater Accra,standard,1068,190.7,19.98,8.979,36993.52
239.5,1,storey_building,compressed_earth_block,Ashanti,standard,1775,324.11,33.979,16.866,51245.97
347.16,4,commercial_block,clay_brick,Eastern,standard,12801,2278.03,238.668,107.393,348159.35
62.35,4,commercial_block,clay_brick,Ashanti,standard,1877,347.04,36.389,18.464,58886.02
453.52,3,warehouse,sandcrete_block,Greater Accra,standard,11612,2065.75,216.458,99.585,364452.67
375.76,2,warehouse,sandcrete_block,Greater Accra,standard,5421,1020.19,107.019,57.53,201016.01
148.65,4,storey_building,sandcrete_block,Central,standard,4353,796.5,83.499,41.073,131265.69
186.62,3,storey_building,compressed_earth_block,Greater Accra,standard,4481,834.02,87.454,44.6,152076.45
113.07,1,commercial_block,compressed_earth_block,Ashanti,standard,942,168.44,17.65,8.124,27117.17
359.58,3,bungalow,clay_brick,Eastern,standard,7906,1477.68,154.973,80.764,249066.14
462.16,1,commercial_block,sandcrete_block,Eastern,standard,3799,687.58,72.049,33.263,109967.61
513.11,1,storey_building,sandcrete_block,Greater Accra,standard,4144,747.64,78.346,36.324,138097.62
573.09,2,commercial_block,compressed_earth_block,Ashanti,premium,9774,1757.85,184.211,85.767,343863.65
435.25,3,warehouse,compressed_earth_block,Northern,premium,10029,1849.75,193.928,96.436,323490.93
430.33,4,commercial_block,sandcrete_block,Western,standard,15843,2761.06,289.165,122.432,450826.72
342.39,1,commercial_block,sandcrete_block,Northern,standard,2592,461.88,48.39,21.68,64214.79
360.62,4,commercial_block,compressed_earth_block,Greater Accra,premium,11373,2047.67,214.606,101.645,500594.84
43.02,4,warehouse,clay_brick,Greater Accra,standard,1431,257.13,26.943,12.376,51510.93
545.94,2,bungalow,compressed_earth_block,Northern,premium,9067,1619.7,169.713,77.666,288035.98
264.88,1,storey_building,compressed_earth_block,Ashanti,standard,2195,402.59,42.208,21.06,64017.39
217.37,1,bungalow,clay_brick,Greater Accra,standard,1876,333.93,34.986,15.761,70530.56
207.64,2,warehouse,compressed_earth_block,Central,standard,3787,664.34,69.586,30.129,100763.93
147.39,2,bungalow,clay_brick,Central,premium,2130,410.09,43.028,23.796,97099.75
567.25,3,commercial_block,compressed_earth_block,Western,standard,15333,2664.15,278.982,115.73,415068.33
505.62,4,commercial_block,clay_brick,Greater Accra,standard,15973,2888.41,302.74,144.782,610591.5
585.67,2,bungalow,sandcrete_block,Greater Accra,premium,9556,1740.2,182.394,87.302,436788.55
186.59,4,storey_building,sandcrete_block,Eastern,premium,6916,1213.05,127.041,53.649,234665.02
496.84,4,warehouse,sandcrete_block,Eastern,premium,13640,2566.55,269.206,142.813,497014.18
327.19,4,bungalow,compressed_earth_block,Central,standard,11455,2044.01,214.155,96.776,307758.29
127.19,4,commercial_block,compressed_earth_block,Northern,premium,4086,747.25,78.343,39.01,119674.94
180.1,1,warehouse,sandcrete_block,Central,premium,1437,256.33,26.856,12.153,52988.33
376.0,3,bungalow,clay_brick,Northern,standard,9829,1722.16,180.381,77.717,251236.51
478.89,4,storey_building,sandcrete_block,Northern,premium,16872,3006.66,315.033,143.64,551264.08
530.16,1,storey_building,compressed_earth_block,Eastern,standard,4572,822.13,86.152,40.018,110675.79
525.78,1,warehouse,clay_brick,Western,premium,4763,833.13,87.258,37.27,179711.79
443.39,3,bungalow,compressed_earth_block,Central,standard,11192,1996.79,209.227,95.893,317404.96
399.49,4,storey_building,clay_brick,Greater Accra,premium,11829,2190.21,229.664,117.14,539048.11
482.91,4,bungalow,clay_brick,Ashanti,standard,16554,2968.05,311.022,144.285,534312.3
336.69,4,storey_building,compressed_earth_block,Eastern,standard,12375,2168.7,227.151,97.812,327719.73
443.76,4,commercial_block,compressed_earth_block,Greater Accra,standard,15676,2668.6,279.367,110.231,501893.48
571.39,2,commercial_block,clay_brick,Northern,standard,8354,1546.36,162.138,81.792,250917.39
436.15,2,warehouse,clay_brick,Greater Accra,standard,8168,1435.73,150.385,65.176,261596.14
491.82,2,commercial_block,compressed_earth_block,Western,standard,7451,1352.28,141.728,67.299,185288.42
360.85,4,storey_building,compressed_earth_block,Eastern,standard,11122,2061.33,216.142,109.699,319363.2
538.51,4,storey_building,sandcrete_block,Greater Accra,standard,16864,3090.68,324.018,160.434,618521.38
109.83,3,storey_building,sandcrete_block,Ashanti,premium,2962,530.8,55.617,25.458,112315.91
333.14,4,storey_building,compressed_earth_block,Ashanti,standard,11282,2046.52,214.483,101.424,301858.89
445.16,1,storey_building,clay_brick,Ashanti,standard,3752,672.26,70.443,32.425,123360.05
148.12,2,commercial_block,compressed_earth_block,Central,standard,2007,383.83,40.27,22.123,55606.08
162.85,4,commercial_block,compressed_earth_block,Northern,premium,6379,1103.37,115.538,47.674,205084.06
187.09,4,commercial_block,sandcrete_block,Northern,premium,6061,1077.2,112.867,51.449,199408.31
525.91,1,commercial_block,clay_brick,Western,standard,4829,857.54,89.838,40.059,148864.35
251.83,2,commercial_block,compressed_earth_block,Northern,premium,4769,834.62,87.407,36.846,150519.66
75.55,3,warehouse,sandcrete_block,Northern,standard,2201,381.64,39.961,16.313,59266.8
133.83,2,bungalow,clay_brick,Ashanti,standard,2090,382.39,40.089,19.913,77465.01
588.81,2,bungalow,compressed_earth_block,Greater Accra,standard,9842,1779.62,186.502,87.549,313993.05
295.89,1,bungalow,sandcrete_block,Ashanti,standard,2314,416.16,43.612,20.342,71734.55
90.67,3,commercial_block,clay_brick,Northern,standard,2084,367.32,38.481,17.057,54179.09
471.02,3,warehouse,compressed_earth_block,Northern,standard,13399,2375.32,248.846,110.924,342690.86
107.09,1,storey_building,sandcrete_block,Western,standard,786,146.28,15.341,7.967,23608.67
312.06,3,warehouse,sandcrete_block,Eastern,standard,8534,1497.66,156.853,66.66,250302.95
472.46,4,commercial_block,sandcrete_block,Northern,standard,15505,2863.75,300.279,152.252,416373.5
197.43,4,storey_building,clay_brick,Ashanti,standard,6369,1144.83,119.973,56.098,215825.6
394.94,4,warehouse,sandcrete_block,Ashanti,premium,15313,2650.95,277.599,115.166,597105.18
414.21,3,storey_building,clay_brick,Greater Accra,premium,10137,1805.06,189.094,83.546,439029.81
118.92,2,bungalow,compressed_earth_block,Ashanti,standard,1855,337.73,35.403,17.258,53914.5
293.71,2,bungalow,compressed_earth_block,Eastern,standard,4684,863.0,90.49,45.856,119420.46
125.68,4,storey_building,compressed_earth_block,Western,standard,3932,706.51,74.043,34.861,112136.82
76.37,3,storey_building,clay_brick,Ashanti,standard,1700,312.28,32.741,16.443,59036.56
44.24,1,commercial_block,sandcrete_block,Ashanti,standard,367,66.59,6.98,3.398,11103.84
379.65,4,warehouse,sandcrete_block,Eastern,standard,12846,2250.53,235.689,99.242,358073.36
287.15,2,bungalow,clay_brick,Northern,standard,4694,845.28,88.59,41.995,134539.85
329.2,4,commercial_block,sandcrete_block,Northern,standard,10287,1868.5,195.869,95.64,263612.23
300.94,1,bungalow,sandcrete_block,Greater Accra,premium,2762,482.34,50.519,21.647,111884.32
325.26,2,storey_building,compressed_earth_block,Central,standard,5746,1014.37,106.271,47.535,154530.65
295.08,4,commercial_block,compressed_earth_block,Northern,standard,10458,1891.12,198.196,93.667,258692.8
221.99,1,commercial_block,compressed_earth_block,Western,standard,1929,342.76,35.906,15.813,55441.41
193.19,1,commercial_block,sandcrete_block,Greater Accra,standard,1594,289.59,30.353,14.591,55028.29
536.85,1,commercial_block,clay_brick,Greater Accra,standard,3970,745.81,78.22,40.924,159533.26
519.95,4,warehouse,compressed_earth_block,Greater Accra,standard,18336,3244.57,339.851,147.237,560909.39
235.01,1,bungalow,clay_brick,Northern,premium,1814,329.07,34.486,16.246,63934.33
356.28,2,bungalow,clay_brick,Ashanti,standard,6048,1081.7,113.328,50.974,226655.84
185.11,4,commercial_block,sandcrete_block,Western,standard,6590,1146.01,120.018,50.644,192698.97
59.57,3,warehouse,compressed_earth_block,Western,standard,1595,282.02,29.541,12.896,44313.6
464.77,2,commercial_block,sandcrete_block,Eastern,standard,8505,1474.03,154.345,63.284,201685.64
198.36,3,warehouse,clay_brick,Ashanti,premium,4221,786.56,82.488,42.766,192646.41
306.4,3,commercial_block,sandcrete_block,Central,standard,8526,1504.31,157.579,69.031,251553.19
52.13,1,commercial_block,clay_brick,Ashanti,standard,474,84.27,8.828,3.933,14937.58
252.36,1,bungalow,clay_brick,Central,standard,1833,343.84,36.065,19.122,58136.13
109.53,4,bungalow,compressed_earth_block,Northern,standard,3544,649.14,68.056,33.846,90540.8
525.0,2,bungalow,compressed_earth_block,Western,standard,8291,1495.01,156.669,73.127,234601.5
452.74,4,warehouse,compressed_earth_block,Greater Accra,standard,14530,2680.19,280.996,140.006,483612.57
87.0,4,bungalow,sandcrete_block,Eastern,standard,3019,540.52,56.639,26.069,81283.85
470.02,3,bungalow,compressed_earth_block,Northern,standard,10351,1915.29,200.788,99.053,287718.43
373.64,1,storey_building,clay_brick,Northern,premium,2620,484.17,50.768,25.725,100330.9
343.39,4,storey_building,compressed_earth_block,Ashanti,standard,11423,2006.86,210.178,89.0,336048.84
472.52,2,warehouse,clay_brick,Greater Accra,standard,7226,1346.61,141.219,72.996,251110.82
123.83,1,warehouse,clay_brick,Greater Accra,premium,1083,189.79,19.874,8.244,49219.03
402.28,4,bungalow,sandcrete_block,Greater Accra,standard,11940,2209.92,231.713,116.915,453629.1
374.09,4,bungalow,sandcrete_block,Greater Accra,standard,13726,2381.48,249.369,102.619,399021.67
412.57,3,bungalow,clay_brick,Greater Accra,standard,10340,1831.89,191.892,83.949,383447.3
214.04,1,bungalow,compressed_earth_block,Western,premium,1683,308.58,32.349,15.92,58492.65
155.08,2,warehouse,compressed_earth_block,Greater Accra,premium,2429,438.5,45.959,21.887,104651.27
117.87,2,warehouse,compressed_earth_block,Ashanti,standard,1777,329.07,34.504,17.452,54985.2
190.01,1,commercial_block,clay_brick,Western,premium,1536,280.08,29.356,14.079,62565.2
173.29,4,warehouse,compressed_earth_block,Northern,premium,5873,1058.64,110.94,51.794,170861.12
233.55,1,warehouse,sandcrete_block,Greater Accra,standard,1619,309.78,32.505,18.057,60772.22
532.03,2,storey_building,compressed_earth_block,Ashanti,standard,9605,1706.47,178.766,79.098,284656.0
421.63,3,bungalow,compressed_earth_block,Ashanti,standard,11879,2084.29,218.301,93.381,319169.25
166.27,1,bungalow,sandcrete_block,Northern,standard,1180,217.07,22.757,11.272,32649.66
542.04,2,bungalow,sandcrete_block,Eastern,premium,9782,1696.91,177.663,71.427,329865.03
396.33,3,warehouse,compressed_earth_block,Western,standard,11467,2058.7,215.725,99.63,325640.34
476.38,3,warehouse,clay_brick,Eastern,standard,11715,2132.28,223.527,109.623,359020.03
191.73,3,warehouse,clay_brick,Northern,standard,5279,912.33,95.514,38.08,133160.66
566.73,4,storey_building,sandcrete_block,Western,standard,17449,3231.62,338.828,170.136,490628.81
482.97,4,storey_building,clay_brick,Northern,premium,15080,2746.49,287.867,137.876,499079.06
393.56,2,bungalow,compressed_earth_block,Greater Accra,standard,7551,1303.96,136.542,56.331,224238.83
436.48,1,commercial_block,sandcrete_block,Western,standard,3922,696.1,72.929,32.732,120819.95
574.2,1,warehouse,clay_brick,Ashanti,standard,5335,941.9,98.667,43.369,170389.21
401.24,3,warehouse,clay_brick,Central,standard,10288,1877.81,196.821,94.406,344539.63
87.38,4,commercial_block,compressed_earth_block,Western,standard,3249,574.99,60.23,26.323,85384.72
514.32,3,commercial_block,compressed_earth_block,Eastern,standard,13290,2362.2,247.491,111.684,359313.36
419.47,1,warehouse,sandcrete_block,Central,standard,2931,545.14,57.165,29.328,84087.95
245.96,3,commercial_block,compressed_earth_block,Eastern,standard,5285,995.68,104.446,56.052,149877.86
497.84,1,warehouse,compressed_earth_block,Ashanti,premium,4163,759.73,79.641,38.926,138333.68
81.31,3,storey_building,compressed_earth_block,Eastern,premium,1680,308.34,32.325,15.963,56316.42
170.69,3,commercial_block,clay_brick,Eastern,standard,4822,848.32,88.848,37.867,137265.82
338.84,3,warehouse,compressed_earth_block,Western,standard,9398,1628.22,170.476,68.902,241708.6
141.61,2,storey_building,sandcrete_block,Eastern,standard,1928,360.32,37.789,19.66,49095.73
597.89,1,warehouse,sandcrete_block,Central,standard,5576,952.57,99.712,38.699,147193.42
370.25,1,bungalow,compressed_earth_block,Western,standard,2705,484.52,50.77,23.342,73722.23
594.03,4,storey_building,compressed_earth_block,Eastern,standard,17976,3299.62,345.92,171.125,514813.54
343.01,4,storey_building,clay_brick,Eastern,premium,12696,2218.02,232.278,97.385,507027.9
185.5,1,bungalow,clay_brick,Eastern,standard,1630,294.58,30.868,14.303,46394.54
472.82,4,bungalow,compressed_earth_block,Eastern,standard,13350,2436.3,255.371,123.401,371679.27
272.26,2,warehouse,compressed_earth_block,Central,standard,4222,766.59,80.353,38.832,102895.71
410.4,3,storey_building,clay_brick,Central,standard,9481,1766.14,185.207,95.223,308592.31
392.74,1,commercial_block,compressed_earth_block,Western,standard,2902,536.64,56.268,28.448,81980.52
595.27,3,bungalow,compressed_earth_block,Western,standard,13978,2550.16,267.345,131.937,395624.4
223.18,4,warehouse,sandcrete_block,Central,standard,7652,1375.85,144.166,66.211,218333.93
569.01,1,commercial_block,clay_brick,Central,standard,5484,957.13,100.227,41.501,177295.74
274.9,3,warehouse,compressed_earth_block,Greater Accra,standard,7226,1295.02,135.698,62.416,230526.95
274.35,2,bungalow,sandcrete_block,Northern,standard,4127,748.12,78.418,37.883,103406.46
160.44,3,bungalow,clay_brick,Eastern,standard,4318,740.9,77.557,30.241,120583.28
90.89,3,commercial_block,sandcrete_block,Western,premium,2591,455.33,47.693,20.638,96498.58
194.22,1,storey_building,compressed_earth_block,Western,standard,1468,267.09,27.997,13.581,40729.48
98.85,1,bungalow,compressed_earth_block,Ashanti,standard,921,159.68,16.719,6.786,25495.75
519.84,1,storey_building,sandcrete_block,Western,premium,4379,786.93,82.462,38.219,166681.49
423.14,4,bungalow,clay_brick,Central,standard,14508,2541.63,266.181,112.464,416802.24
443.01,2,bungalow,sandcrete_block,Ashanti,standard,6239,1159.46,121.578,61.856,185413.28
435.74,2,bungalow,clay_brick,Western,premium,6197,1107.03,115.988,52.564,237478.82
461.23,2,storey_building,sandcrete_block,Ashanti,standard,8080,1426.97,149.484,65.969,252219.07
526.82,4,bungalow,compressed_earth_block,Central,standard,15935,2884.88,302.345,142.915,420589.28
234.93,2,warehouse,compressed_earth_block,Ashanti,standard,3460,623.2,65.314,30.942,105232.9
205.59,1,bungalow,compressed_earth_block,Central,premium,1560,285.34,29.91,14.525,51894.9
344.71,3,storey_building,clay_brick,Eastern,standard,7615,1438.14,150.869,81.542,266338.59
56.98,3,commercial_block,compressed_earth_block,Northern,standard,1618,278.88,29.198,11.747,38804.59
570.65,3,commercial_block,clay_brick,Greater Accra,premium,15531,2728.98,285.86,124.864,705602.49
583.27,4,bungalow,clay_brick,Central,standard,17621,3168.03,331.973,153.598,535257.34
63.21,2,warehouse,clay_brick,Eastern,premium,973,177.25,18.58,9.076,39098.4
481.52,2,commercial_block,sandcrete_block,Northern,standard,6975,1293.99,135.697,69.872,161348.12
352.47,1,warehouse,compressed_earth_block,Northern,standard,2743,500.19,52.43,25.412,71392.37
85.92,1,commercial_block,sandcrete_block,Central,standard,837,145.69,15.257,6.354,23814.26
554.41,1,commercial_block,sandcrete_block,Western,standard,3915,721.67,75.668,38.214,121040.83
523.53,3,bungalow,compressed_earth_block,Central,standard,14085,2452.4,256.788,105.134,357798.18
439.94,4,commercial_block,sandcrete_block,Central,premium,17378,3006.87,314.858,129.752,549685.56
318.37,1,warehouse,compressed_earth_block,Western,standard,2545,463.35,48.571,23.693,73268.44
211.72,4,storey_building,compressed_earth_block,Ashanti,standard,6176,1153.51,120.971,62.716,196006.5
523.87,3,warehouse,sandcrete_block,Northern,standard,12369,2256.63,236.521,113.095,348363.16
368.7,2,bungalow,compressed_earth_block,Western,standard,5843,1061.23,111.219,52.439,165231.17
433.24,1,warehouse,sandcrete_block,Western,premium,3766,664.16,69.57,30.377,133378.62
224.85,2,storey_building,clay_brick,Eastern,standard,3162,587.63,61.623,31.778,91501.21
164.11,4,commercial_block,compressed_earth_block,Eastern,standard,5868,1038.95,108.824,47.153,140712.93
362.85,3,warehouse,compressed_earth_block,Central,standard,7624,1406.19,147.43,73.585,211751.67
528.48,2,warehouse,compressed_earth_block,Northern,premium,8573,1559.28,163.425,77.76,259487.26
552.14,4,storey_building,sandcrete_block,Western,premium,20794,3623.96,379.514,159.144,666846.21
182.86,2,warehouse,compressed_earth_block,Ashanti,premium,3034,545.46,57.161,26.654,104531.38
502.72,4,storey_building,compressed_earth_block,Greater Accra,standard,18822,3284.14,343.91,143.051,642118.49
477.45,2,warehouse,clay_brick,Central,standard,8042,1439.79,150.86,68.873,269181.43
498.36,3,warehouse,compressed_earth_block,Ashanti,standard,11603,2087.43,218.772,103.562,353102.86
74.52,4,warehouse,compressed_earth_block,Greater Accra,premium,2186,398.39,41.76,20.282,82203.51
513.51,4,bungalow,sandcrete_block,Ashanti,standard,18656,3238.05,339.075,140.387,562774.84
498.74,2,bungalow,clay_brick,Eastern,premium,8292,1474.35,154.477,70.235,288424.14
321.27,3,warehouse,sandcrete_block,Central,standard,7793,1396.37,146.333,68.39,228504.23
575.37,2,storey_building,clay_brick,Ashanti,premium,8265,1558.24,163.461,87.924,372613.71
294.36,4,storey_building,sandcrete_block,Eastern,standard,10795,1874.25,196.265,81.389,295843.93
260.57,1,bungalow,compressed_earth_block,Western,standard,2275,402.54,42.17,18.685,58862.34
474.22,2,storey_building,clay_brick,Central,standard,7299,1361.73,142.775,71.726,204125.61
333.71,4,warehouse,compressed_earth_block,Central,standard,12727,2232.26,233.825,101.877,340545.95
128.05,3,warehouse,sandcrete_block,Greater Accra,premium,2995,539.27,56.51,26.221,125051.93
579.37,3,commercial_block,sandcrete_block,Northern,standard,14610,2592.11,271.542,119.938,401526.19
263.58,2,commercial_block,clay_brick,Central,standard,3914,724.44,75.963,38.677,135133.83
360.66,1,storey_building,sandcrete_block,Western,standard,3245,579.32,60.695,27.375,96826.4
243.41,1,warehouse,clay_brick,Greater Accra,standard,1741,330.96,34.725,19.107,65404.83
524.6,3,storey_building,sandcrete_block,Central,standard,12968,2313.04,242.366,111.133,341240.47
501.56,2,bungalow,sandcrete_block,Greater Accra,standard,7651,1415.16,148.411,76.943,273731.01
355.31,4,warehouse,compressed_earth_block,Northern,standard,11534,2091.52,219.214,104.646,296869.39
561.87,4,bungalow,sandcrete_block,Northern,standard,16457,2992.17,313.646,152.224,461411.85
195.15,2,warehouse,compressed_earth_block,Northern,standard,2624,500.5,52.507,28.515,71749.81
357.25,3,bungalow,clay_brick,Ashanti,standard,7444,1416.57,148.619,81.301,269069.5
230.98,3,commercial_block,compressed_earth_block,Western,standard,5221,970.49,101.78,52.923,147830.99
463.43,3,warehouse,compressed_earth_block,Eastern,standard,12339,2201.84,230.696,104.503,312402.34
195.29,3,storey_building,compressed_earth_block,Ashanti,premium,4830,857.83,89.87,40.155,163233.1
203.5,3,bungalow,clay_brick,Ashanti,premium,4266,789.56,82.794,42.292,185683.07
243.94,2,warehouse,compressed_earth_block,Western,standard,4265,760.95,79.724,35.868,122406.26
311.34,4,bungalow,compressed_earth_block,Central,standard,8750,1571.8,164.676,74.041,231410.94
435.44,3,warehouse,clay_brick,Greater Accra,standard,10441,1875.78,196.555,90.601,349442.83
159.03,1,warehouse,clay_brick,Ashanti,standard,1442,252.97,26.495,11.344,46891.27
447.69,2,warehouse,clay_brick,Greater Accra,standard,7353,1316.72,137.95,61.959,264237.13
57.6,4,commercial_block,compressed_earth_block,Central,standard,1787,328.14,34.401,16.982,51201.52
54.47,4,commercial_block,compressed_earth_block,Greater Accra,standard,1922,335.41,35.126,14.83,60954.83
64.62,3,bungalow,sandcrete_block,Western,premium,1587,292.47,30.662,15.187,63950.01
153.67,4,storey_building,compressed_earth_block,Ashanti,standard,5054,879.55,92.101,38.004,147420.45
306.52,4,warehouse,compressed_earth_block,Western,standard,8958,1686.51,176.917,95.173,291974.11
487.39,1,storey_building,sandcrete_block,Northern,standard,3474,644.64,67.6,34.7,103869.54
282.49,4,warehouse,compressed_earth_block,Eastern,premium,9699,1738.9,182.219,84.481,320471.64
490.15,4,warehouse,sandcrete_block,Northern,standard,16368,2870.2,300.615,128.631,406846.53
422.2,1,bungalow,clay_brick,Central,premium,2992,540.08,56.597,26.373,121631.99
158.6,1,bungalow,sandcrete_block,Western,premium,1095,208.39,21.862,11.904,45664.44
431.12,2,bungalow,clay_brick,Western,standard,6754,1240.94,130.105,65.001,232319.97
448.23,2,storey_building,compressed_earth_block,Ashanti,standard,6515,1194.28,125.218,62.912,183284.1
114.61,3,commercial_block,sandcrete_block,Central,standard,3175,543.42,56.884,22.113,90462.38
333.36,2,storey_building,compressed_earth_block,Northern,standard,6304,1098.63,115.048,47.933,158170.07
74.2,3,storey_building,compressed_earth_block,Greater Accra,standard,2108,367.92,38.533,16.318,63586.49
584.22,3,commercial_block,clay_brick,Eastern,standard,14655,2647.42,277.467,131.776,459787.38
388.03,4,warehouse,sandcrete_block,Greater Accra,standard,13646,2423.81,253.898,111.253,454688.89
242.76,3,commercial_block,compressed_earth_block,Northern,standard,7001,1214.97,127.22,52.207,164416.34
175.29,2,bungalow,compressed_earth_block,Ashanti,standard,3128,554.92,58.133,25.797,98684.67
122.41,4,bungalow,sandcrete_block,Eastern,standard,4137,720.61,75.466,31.683,108291.17
194.82,2,warehouse,sandcrete_block,Central,premium,2818,526.93,55.259,28.534,110535.69
366.93,3,storey_building,compressed_earth_block,Ashanti,standard,9988,1765.53,184.928,79.974,284478.19
289.25,2,bungalow,clay_brick,Greater Accra,standard,4563,824.49,86.422,41.694,167475.18
298.91,4,commercial_block,compressed_earth_block,Western,standard,9785,1795.02,188.19,93.526,292377.34
135.54,1,warehouse,sandcrete_block,Ashanti,standard,969,185.66,19.482,10.848,32342.64
48.93,3,warehouse,clay_brick,Western,standard,1309,231.01,24.195,10.375,39289.25
43.5,3,storey_building,compressed_earth_block,Ashanti,premium,1014,180.44,18.903,8.403,35861.05
302.99,1,storey_building,sandcrete_block,Northern,standard,2460,447.02,46.849,22.149,63624.2
126.59,2,commercial_block,compressed_earth_block,Northern,premium,2267,403.85,42.313,19.211,72125.98
242.22,1,warehouse,compressed_earth_block,Central,standard,2303,399.56,41.836,17.061,60443.04
588.21,1,bungalow,compressed_earth_block,Eastern,standard,4988,897.09,94.0,43.166,134077.65
174.97,2,bungalow,sandcrete_block,Eastern,standard,2682,489.33,51.287,24.518,76056.27
413.62,4,commercial_block,sandcrete_block,Ashanti,standard,15365,2659.68,278.467,112.236,414538.56
411.33,3,bungalow,compressed_earth_block,Ashanti,standard,9512,1748.04,183.268,91.338,264597.27
137.43,1,warehouse,compressed_earth_block,Western,standard,1052,194.51,20.395,10.335,28516.84
315.62,4,warehouse,sandcrete_block,Central,premium,11129,1970.23,206.402,91.593,413435.62
54.95,1,warehouse,sandcrete_block,Western,premium,408,75.62,7.929,3.999,16941.99
508.46,4,warehouse,compressed_earth_block,Northern,premium,17942,3150.03,329.876,137.85,595188.73
526.22,1,bungalow,sandcrete_block,Northern,standard,4365,800.92,83.955,40.811,129509.09
590.55,3,warehouse,compressed_earth_block,Northern,standard,15440,2814.37,295.007,143.067,364702.03
516.92,4,warehouse,clay_brick,Greater Accra,standard,14509,2784.03,292.132,162.939,559246.26
198.02,1,commercial_block,clay_brick,Central,premium,1639,294.62,30.874,14.375,63050.84
563.69,3,storey_building,clay_brick,Greater Accra,standard,13879,2488.74,260.792,120.706,526466.7
533.48,3,bungalow,compressed_earth_block,Northern,standard,11270,2126.04,223.011,119.025,288323.55
144.72,4,commercial_block,compressed_earth_block,Central,standard,5752,996.73,104.369,42.9,153963.49
510.96,1,warehouse,sandcrete_block,Western,standard,4544,806.23,84.476,38.533,141160.78
139.38,4,bungalow,sandcrete_block,Eastern,premium,5177,928.51,97.293,44.683,177437.36
344.56,2,commercial_block,sandcrete_block,Greater Accra,standard,4944,908.58,95.252,47.162,184939.48
446.99,3,warehouse,sandcrete_block,Northern,standard,11289,2026.31,212.323,97.489,310370.74
102.09,2,storey_building,compressed_earth_block,Central,standard,1963,339.41,35.536,14.287,53404.41
546.54,4,bungalow,compressed_earth_block,Greater Accra,premium,17246,3186.6,334.162,171.671,753643.7
109.56,3,storey_building,sandcrete_block,Ashanti,standard,3206,556.0,58.222,24.149,94633.34
356.79,1,commercial_block,sandcrete_block,Eastern,standard,3074,546.12,57.215,25.667,89207.68
201.76,1,warehouse,compressed_earth_block,Central,standard,1863,326.34,34.178,14.507,47550.49
237.81,1,commercial_block,compressed_earth_block,Eastern,standard,2228,389.3,40.77,17.144,54036.41
560.36,3,storey_building,compressed_earth_block,Central,standard,15275,2676.98,280.358,118.619,379110.87
527.53,3,bungalow,clay_brick,Northern,standard,13857,2486.0,260.487,119.34,429935.82
42.26,1,commercial_block,sandcrete_block,Greater Accra,premium,371,66.02,6.917,3.108,15924.04
76.19,1,storey_building,compressed_earth_block,Eastern,standard,537,101.28,10.622,5.568,14359.17
544.06,1,storey_building,sandcrete_block,Greater Accra,standard,4603,825.97,86.548,39.714,152748.28
337.42,4,storey_building,sandcrete_block,Northern,premium,10800,1956.27,204.994,94.785,347456.67
331.61,4,warehouse,sandcrete_block,Eastern,standard,9887,1784.07,186.967,87.756,279350.43
201.47,2,commercial_block,sandcrete_block,Ashanti,premium,3836,674.93,70.692,30.437,135591.99
355.27,3,warehouse,compressed_earth_block,Greater Accra,standard,8833,1598.05,167.492,79.929,277336.31
533.21,2,bungalow,compressed_earth_block,Central,standard,8671,1554.61,162.901,75.033,251882.29
233.69,4,commercial_block,clay_brick,Northern,standard,7401,1342.91,140.76,67.861,200243.02
522.6,1,storey_building,clay_brick,Greater Accra,standard,4233,749.46,78.508,34.451,163464.95
493.15,4,warehouse,compressed_earth_block,Northern,standard,16606,2972.77,311.506,143.667,428052.44
119.8,1,storey_building,clay_brick,Ashanti,standard,920,168.35,17.648,8.673,31375.85
382.12,1,bungalow,compressed_earth_block,Northern,standard,2993,557.58,58.478,30.564,77795.4
584.98,2,warehouse,compressed_earth_block,Eastern,standard,9550,1772.9,185.915,95.529,263111.26
387.86,1,warehouse,clay_brick,Central,standard,2818,516.03,54.098,26.687,80812.29
545.98,2,commercial_block,clay_brick,Central,premium,8261,1520.78,159.456,80.531,355644.43
171.47,2,storey_building,clay_brick,Northern,standard,2950,522.63,54.743,23.695,84016.35
354.56,4,commercial_block,sandcrete_block,Northern,standard,11404,2069.71,216.928,103.66,318057.08
66.94,4,warehouse,compressed_earth_block,Greater Accra,standard,1958,359.5,37.687,18.551,59887.73
81.8,2,commercial_block,clay_brick,Greater Accra,standard,1265,229.32,24.035,11.438,42288.28
583.53,3,bungalow,compressed_earth_block,Eastern,standard,15304,2749.06,288.066,133.002,400708.08
81.47,3,commercial_block,clay_brick,Eastern,standard,1818,333.57,34.967,17.056,58467.26
292.18,2,bungalow,clay_brick,Greater Accra,premium,5233,926.59,97.06,42.393,242037.45
392.12,1,bungalow,sandcrete_block,Northern,premium,3057,548.28,57.455,26.742,100378.82
414.22,4,bungalow,sandcrete_block,Greater Accra,standard,14052,2531.09,265.28,126.309,483046.75
299.53,3,bungalow,clay_brick,Ashanti,premium,7218,1305.21,136.797,65.094,300723.3
547.0,2,storey_building,sandcrete_block,Northern,premium,8041,1534.15,160.966,88.789,271850.55
155.93,2,storey_building,clay_brick,Ashanti,premium,2390,430.07,45.068,21.001,94580.56
236.67,2,storey_building,sandcrete_block,Greater Accra,standard,4655,802.28,83.997,33.717,145505.35
322.09,3,storey_building,compressed_earth_block,Eastern,premium,7465,1382.69,144.996,74.533,225427.01
63.62,1,commercial_block,clay_brick,Western,standard,491,89.56,9.387,4.487,15514.9
309.87,1,storey_building,compressed_earth_block,Eastern,standard,2680,466.12,48.806,19.879,64569.59
362.25,4,commercial_block,sandcrete_block,Western,standard,12173,2180.69,228.5,104.915,371961.18
201.33,1,storey_building,sandcrete_block,Western,standard,1456,263.47,27.613,13.043,41486.83
497.5,4,bungalow,compressed_earth_block,Central,standard,15036,2724.89,285.566,134.133,414208.32
262.71,4,warehouse,sandcrete_block,Greater Accra,premium,8224,1469.0,153.93,70.937,377109.98
130.68,2,commercial_block,sandcrete_block,Northern,standard,1952,358.15,37.553,18.951,52861.58
439.43,3,storey_building,clay_brick,Western,premium,9492,1740.35,182.464,91.062,392591.71
227.2,2,warehouse,clay_brick,Northern,standard,4182,732.34,76.7,32.572,115342.43
526.41,2,commercial_block,compressed_earth_block,Eastern,standard,8793,1606.54,168.413,82.556,239174.09
255.11,3,commercial_block,compressed_earth_block,Central,standard,6703,1176.4,123.226,53.689,178006.32
121.9,1,warehouse,compressed_earth_block,Northern,standard,961,172.5,18.075,8.344,22922.36
577.58,2,storey_building,sandcrete_block,Eastern,premium,7775,1514.02,158.913,91.825,307624.72
467.75,4,storey_building,sandcrete_block,Central,standard,16756,2979.64,312.16,139.434,503003.52
516.64,4,warehouse,clay_brick,Eastern,standard,18507,3294.49,345.163,155.387,574060.54
541.65,3,bungalow,compressed_earth_block,Eastern,standard,12799,2282.56,239.137,107.261,329263.58
268.31,1,commercial_block,compressed_earth_block,Greater Accra,premium,2107,384.49,40.303,19.56,85051.84
240.88,3,commercial_block,clay_brick,Northern,premium,6698,1181.31,123.742,54.038,201405.53
64.27,2,bungalow,sandcrete_block,Western,standard,1033,184.68,19.35,8.743,32195.62
445.76,1,commercial_block,clay_brick,Eastern,standard,3570,655.68,68.729,33.278,111853.52
55.87,4,bungalow,clay_brick,Greater Accra,premium,1589,293.5,30.774,15.542,73256.36
413.22,3,warehouse,clay_brick,Western,standard,9869,1763.72,184.8,84.272,307794.11
436.91,4,commercial_block,clay_brick,Greater Accra,standard,15512,2746.06,287.687,128.378,582127.97
148.96,1,commercial_block,compressed_earth_block,Ashanti,premium,1367,237.25,24.841,10.092,46737.79
539.11,2,storey_building,compressed_earth_block,Western,standard,8820,1560.86,163.504,71.713,245623.65
62.18,3,commercial_block,compressed_earth_block,Greater Accra,premium,1645,291.48,30.533,13.371,60902.99
354.14,4,commercial_block,sandcrete_block,Ashanti,standard,13329,2327.6,243.769,103.203,373928.48
50.04,3,bungalow,compressed_earth_block,Western,standard,1192,217.43,22.791,11.03,32338.56
421.69,4,bungalow,clay_brick,Greater Accra,premium,15543,2750.03,288.075,126.54,710416.47
183.99,2,bungalow,clay_brick,Central,standard,2911,528.71,55.412,26.239,92708.25
200.15,4,storey_building,compressed_earth_block,Greater Accra,premium,7339,1260.92,131.987,51.091,256287.96
196.15,2,storey_building,clay_brick,Greater Accra,standard,3689,637.46,66.745,27.153,133981.05
593.4,4,storey_building,sandcrete_block,Western,premium,21696,3767.44,394.453,159.329,754112.42
142.4,4,commercial_block,clay_brick,Ashanti,standard,4053,784.04,82.29,47.247,140280.36
207.96,4,bungalow,sandcrete_block,Ashanti,premium,5959,1096.83,114.988,56.907,224043.79
65.64,3,commercial_block,clay_brick,Ashanti,standard,1710,307.68,32.242,14.949,54494.18
274.89,3,bungalow,compressed_earth_block,Central,standard,7154,1250.54,130.949,54.054,187317.5
398.2,3,commercial_block,sandcrete_block,Central,premium,9090,1700.89,178.381,92.818,356405.74
445.57,1,commercial_block,sandcrete_block,Central,premium,3925,685.48,71.78,29.647,146303.85
87.69,3,commercial_block,compressed_earth_block,Ashanti,premium,1978,364.57,38.225,19.232,82651.94
279.46,3,storey_building,sandcrete_block,Ashanti,standard,7244,1296.86,135.897,62.968,232066.56
44.44,3,commercial_block,sandcrete_block,Greater Accra,standard,1142,199.11,20.853,8.846,40071.67
135.41,3,commercial_block,compressed_earth_block,Ashanti,standard,3178,582.06,61.024,30.401,92516.36
295.3,2,storey_building,sandcrete_block,Northern,standard,4169,777.1,81.504,42.771,117775.2
169.38,1,commercial_block,clay_brick,Northern,standard,1532,275.5,28.87,13.383,42999.31
82.01,4,commercial_block,sandcrete_block,Ashanti,standard,2950,507.38,53.114,20.848,82247.28
354.86,4,storey_building,compressed_earth_block,Central,premium,12223,2138.21,223.908,92.958,377233.74
464.44,1,storey_building,clay_brick,Central,standard,3314,617.92,64.801,33.491,105446.64
499.99,2,storey_building,clay_brick,Ashanti,standard,8380,1505.95,157.82,73.937,286786.87
165.89,1,commercial_block,clay_brick,Greater Accra,premium,1442,253.12,26.51,11.241,61531.61
160.49,3,storey_building,sandcrete_block,Greater Accra,standard,4107,725.35,75.982,33.302,136812.68
394.28,4,warehouse,sandcrete_block,Eastern,standard,13083,2317.57,242.796,108.255,368330.99
140.28,2,storey_building,sandcrete_block,Ashanti,standard,2414,427.29,44.762,19.844,69838.35
177.27,1,warehouse,compressed_earth_block,Greater Accra,premium,1369,244.14,25.581,11.662,54594.29
96.36,3,commercial_block,clay_brick,Western,premium,2555,435.77,45.613,17.503,88318.85
396.62,1,warehouse,compressed_earth_block,Northern,premium,2938,528.03,55.336,25.885,90639.02
240.63,4,warehouse,sandcrete_block,Eastern,premium,7916,1441.9,151.129,72.344,298242.0
552.04,2,warehouse,clay_brick,Greater Accra,standard,8411,1549.38,162.455,82.018,342777.66
208.31,2,storey_building,compressed_earth_block,Central,standard,3942,681.01,71.304,28.971,102283.33
246.14,4,storey_building,sandcrete_block,Central,standard,8619,1554.46,162.882,74.805,227411.11
104.99,4,storey_building,compressed_earth_block,Northern,standard,3409,611.82,64.114,29.826,82492.35
291.4,3,storey_building,compressed_earth_block,Central,standard,6340,1152.52,120.813,58.835,184255.7
351.28,4,commercial_block,sandcrete_block,Northern,standard,12174,2143.42,224.503,96.707,313461.73
497.01,1,bungalow,sandcrete_block,Greater Accra,premium,4045,727.35,76.223,35.589,179453.8
279.41,3,commercial_block,compressed_earth_block,Eastern,standard,7492,1378.28,144.514,72.882,204035.32
51.86,4,commercial_block,clay_brick,Western,premium,1481,274.21,28.754,14.716,65129.79
221.0,3,warehouse,compressed_earth_block,Northern,standard,6197,1085.7,113.706,48.275,168468.66
431.76,1,warehouse,clay_brick,Greater Accra,standard,3856,678.32,71.038,29.949,132313.87
178.25,2,commercial_block,compressed_earth_block,Ashanti,standard,2546,465.61,48.811,24.071,80684.09
505.37,2,storey_building,clay_brick,Northern,standard,7449,1375.81,144.267,73.655,230832.29
305.41,1,warehouse,clay_brick,Eastern,premium,2500,465.38,48.802,25.055,95487.77
401.56,3,warehouse,clay_brick,Northern,standard,10048,1815.51,190.253,88.601,283221.08
166.12,4,warehouse,clay_brick,Ashanti,standard,5906,1048.81,109.886,49.636,195992.27
61.51,4,storey_building,sandcrete_block,Northern,standard,2158,387.17,40.571,18.799,53137.1
296.12,2,warehouse,clay_brick,Western,standard,4712,867.13,90.913,45.418,145109.11
584.84,2,commercial_block,sandcrete_block,Central,standard,9469,1711.09,179.332,85.084,291179.5
47.12,3,bungalow,compressed_earth_block,Greater Accra,premium,1251,220.76,23.124,10.094,50990.94
416.15,3,storey_building,sandcrete_block,Central,standard,9943,1770.37,185.485,83.796,272538.51
302.74,4,commercial_block,clay_brick,Western,standard,11402,1967.4,206.003,84.225,357945.04
41.24,4,bungalow,clay_brick,Greater Accra,standard,1557,268.36,28.091,10.914,51074.0
416.06,2,warehouse,sandcrete_block,Central,standard,6980,1258.02,131.842,62.155,200396.7
552.34,3,commercial_block,clay_brick,Ashanti,standard,12474,2306.46,241.855,123.398,421640.02
450.73,1,commercial_block,clay_brick,Central,standard,3392,615.31,64.496,31.151,115086.12
469.53,4,bungalow,clay_brick,Western,standard,15064,2769.6,290.356,143.706,445780.44
591.43,4,storey_building,clay_brick,Northern,standard,20840,3777.89,395.916,185.792,643096.76
547.76,4,bungalow,sandcrete_block,Central,standard,16581,3001.46,314.584,150.13,474230.2
386.72,2,commercial_block,sandcrete_block,Ashanti,standard,6477,1181.93,123.893,60.154,204460.07
221.18,3,warehouse,compressed_earth_block,Ashanti,premium,5565,1007.51,105.612,51.426,197723.58
172.43,2,storey_building,sandcrete_block,Central,standard,2986,521.19,54.574,22.43,81061.01
371.82,2,bungalow,compressed_earth_block,Northern,standard,7066,1245.33,130.448,56.993,159470.8
162.03,4,storey_building,clay_brick,Central,premium,4755,881.24,92.406,47.145,181171.54
359.72,2,warehouse,clay_brick,Northern,standard,6175,1116.81,117.046,55.38,172854.4
126.21,1,bungalow,compressed_earth_block,Central,standard,933,171.43,17.972,8.858,25242.46
282.03,2,warehouse,compressed_earth_block,Eastern,standard,4485,820.25,85.988,42.298,118480.17
102.8,1,storey_building,clay_brick,Northern,standard,854,154.08,16.145,7.413,24484.21
111.6,4,warehouse,clay_brick,Western,standard,3270,604.85,63.421,32.151,107086.99
532.32,2,commercial_block,clay_brick,Central,standard,9428,1630.55,170.722,69.143,307897.11
183.39,4,bungalow,sandcrete_block,Eastern,standard,5014,924.59,96.933,48.084,137992.93
511.71,4,bungalow,clay_brick,Greater Accra,standard,16547,2988.35,313.163,146.154,586901.53
301.55,3,warehouse,clay_brick,Eastern,standard,7183,1294.41,135.622,61.604,227329.15
473.31,1,bungalow,compressed_earth_block,Western,standard,4015,726.94,76.181,35.675,111618.61
466.07,2,commercial_block,sandcrete_block,Central,standard,8738,1513.62,158.489,64.86,245748.92
465.25,3,warehouse,compressed_earth_block,Greater Accra,standard,11952,2116.04,221.661,97.241,372645.84
183.0,2,commercial_block,sandcrete_block,Ashanti,premium,2853,520.31,54.54,26.424,110966.52
475.89,4,warehouse,compressed_earth_block,Greater Accra,standard,16273,2962.1,310.497,150.916,536141.84
331.56,4,warehouse,clay_brick,Northern,standard,9955,1873.88,196.556,104.541,297406.22
400.63,3,commercial_block,sandcrete_block,Eastern,premium,11891,2035.55,213.086,83.484,422962.14
380.94,1,bungalow,sandcrete_block,Western,standard,2916,528.68,55.406,26.076,76804.67
51.32,1,commercial_block,sandcrete_block,Northern,premium,487,85.78,8.985,3.898,16878.97
531.15,3,commercial_block,compressed_earth_block,Ashanti,standard,15206,2629.62,275.351,113.202,425698.43
104.63,2,storey_building,sandcrete_block,Greater Accra,standard,1795,321.5,33.684,15.204,62384.03
309.81,4,bungalow,compressed_earth_block,Eastern,standard,10766,1895.72,198.535,83.876,269711.04
428.31,2,commercial_block,sandcrete_block,Western,standard,7141,1301.88,136.46,65.83,204959.69
381.61,2,storey_building,compressed_earth_block,Greater Accra,standard,7026,1250.83,131.037,58.101,215070.98
201.88,3,storey_building,compressed_earth_block,Northern,premium,5618,985.8,103.248,44.118,175349.4
258.55,3,commercial_block,clay_brick,Western,standard,7104,1241.55,130.03,55.257,213064.99
100.33,3,storey_building,compressed_earth_block,Eastern,standard,2315,421.57,44.193,21.667,62569.38
482.97,1,storey_building,compressed_earth_block,Western,standard,3700,670.73,70.304,33.869,109087.78
596.05,1,storey_building,sandcrete_block,Central,premium,4282,811.78,85.165,46.407,158788.99
477.25,4,warehouse,compressed_earth_block,Western,standard,14762,2706.71,283.764,140.555,397789.18
203.5,1,commercial_block,sandcrete_block,Western,standard,1432,263.38,27.613,13.757,43369.32
376.69,4,commercial_block,sandcrete_block,Central,standard,12144,2174.01,227.781,103.289,355434.28
151.14,4,storey_building,compressed_earth_block,Greater Accra,standard,4593,857.1,89.883,46.36,167557.79
115.89,3,warehouse,sandcrete_block,Ashanti,standard,2622,479.15,50.231,24.781,77796.89
184.71,3,warehouse,sandcrete_block,Eastern,standard,3879,740.65,77.711,42.879,122008.42
272.93,1,warehouse,compressed_earth_block,Eastern,standard,1936,364.74,38.26,20.467,53291.48
116.09,3,storey_building,compressed_earth_block,Northern,standard,2490,457.91,48.004,23.691,65975.4
172.72,3,storey_building,sandcrete_block,Central,premium,4815,830.02,86.889,34.093,161267.67
489.57,4,warehouse,clay_brick,Eastern,standard,12950,2507.52,263.137,148.174,393752.61
250.26,2,warehouse,compressed_earth_block,Eastern,standard,4174,737.14,77.215,33.683,114925.67
499.94,3,warehouse,clay_brick,Greater Accra,standard,10752,2005.36,210.286,107.624,377543.32
465.84,4,warehouse,sandcrete_block,Western,standard,15080,2745.8,287.845,141.323,429718.29
95.66,3,bungalow,compressed_earth_block,Central,standard,1991,378.92,39.758,22.019,62382.54
345.55,1,storey_building,compressed_earth_block,Ashanti,standard,3121,561.34,58.822,27.182,83135.9
108.7,3,storey_building,clay_brick,Eastern,standard,2770,490.26,51.359,22.733,81026.22
262.8,3,bungalow,compressed_earth_block,Eastern,standard,7002,1244.84,130.406,57.673,203555.77
440.99,1,commercial_block,compressed_earth_block,Northern,premium,3484,628.25,65.838,30.789,109517.12
347.31,1,warehouse,compressed_earth_block,Eastern,standard,3119,563.16,59.01,27.162,88392.46
237.57,2,warehouse,sandcrete_block,Central,standard,3783,675.73,70.805,32.524,115011.18
490.86,4,bungalow,clay_brick,Central,standard,16798,3029.78,317.488,147.043,549110.74
422.22,1,bungalow,sandcrete_block,Western,standard,3859,671.62,70.325,28.838,108228.65
463.52,4,storey_building,clay_brick,Western,premium,14603,2663.34,279.184,135.949,585562.9
317.82,2,bungalow,sandcrete_block,Central,premium,4655,847.91,88.874,42.652,174573.66
442.78,3,warehouse,sandcrete_block,Eastern,standard,12905,2222.61,232.706,93.831,353245.17
380.48,2,commercial_block,sandcrete_block,Ashanti,premium,6291,1149.21,120.463,58.497,239223.03
508.75,3,bungalow,sandcrete_block,Ashanti,standard,11937,2119.48,222.044,99.019,384467.02
398.28,1,commercial_block,clay_brick,Northern,standard,2922,526.09,55.129,25.539,85390.7
49.01,2,storey_building,clay_brick,Western,standard,935,159.94,16.744,6.698,28285.62
115.36,1,warehouse,clay_brick,Western,standard,984,174.31,18.259,7.994,29405.18
114.47,4,storey_building,compressed_earth_block,Central,standard,3547,660.64,69.285,36.082,96442.97
179.32,3,commercial_block,clay_brick,Eastern,premium,5073,891.19,93.353,40.817,194414.64
431.85,2,bungalow,sandcrete_block,Ashanti,standard,7887,1391.18,145.714,62.843,231387.99
230.52,4,bungalow,sandcrete_block,Central,standard,7537,1341.1,140.495,62.444,219260.02
533.0,3,commercial_block,clay_brick,Northern,premium,12386,2223.96,233.049,108.095,469799.5
105.79,4,storey_building,clay_brick,Eastern,standard,3299,590.66,61.899,28.908,111081.66
292.8,4,storey_building,sandcrete_block,Western,standard,10572,1872.36,196.161,87.955,296728.26
422.89,4,commercial_block,clay_brick,Western,standard,16164,2832.72,296.694,127.32,472268.81
277.92,2,storey_building,sandcrete_block,Western,standard,4714,833.15,87.275,38.331,135436.91
205.21,1,bungalow,clay_brick,Northern,standard,1669,298.88,31.31,13.879,49551.43
54.27,2,bungalow,clay_brick,Central,standard,853,152.41,15.969,7.275,26931.27
118.42,4,commercial_block,clay_brick,Greater Accra,standard,3710,670.51,70.277,33.6,142844.02
393.9,1,bungalow,sandcrete_block,Ashanti,premium,3026,548.79,57.517,27.275,117198.29
364.03,3,commercial_block,compressed_earth_block,Central,standard,10530,1842.92,193.027,83.054,289694.18
287.74,3,storey_building,compressed_earth_block,Greater Accra,premium,7791,1376.28,144.161,62.705,301102.69
385.71,1,bungalow,sandcrete_block,Northern,standard,3577,621.96,65.12,26.309,94579.3
475.92,4,warehouse,clay_brick,Ashanti,standard,15935,2846.41,298.25,136.563,503827.72
44.5,4,warehouse,compressed_earth_block,Central,premium,1578,278.08,29.126,12.505,53605.41
227.21,1,bungalow,clay_brick,Western,standard,1755,318.65,33.399,16.03,58092.58
390.94,1,commercial_block,clay_brick,Eastern,standard,3134,546.31,57.213,24.11,92321.31
265.5,1,commercial_block,compressed_earth_block,Western,standard,2287,416.8,43.692,21.301,62642.67
390.95,3,bungalow,sandcrete_block,Greater Accra,standard,11428,1977.45,207.044,83.932,356615.6
176.48,3,warehouse,clay_brick,Greater Accra,standard,3664,693.48,72.751,39.434,133944.48
85.21,3,bungalow,sandcrete_block,Central,premium,1890,351.56,36.872,19.362,68486.9
533.28,2,commercial_block,clay_brick,Eastern,premium,9930,1756.66,184.001,79.761,367546.82
530.04,3,storey_building,sandcrete_block,Western,standard,14880,2642.17,276.799,123.157,411891.27
214.02,2,commercial_block,compressed_earth_block,Greater Accra,standard,3285,585.52,61.346,27.684,102049.79
478.25,4,commercial_block,compressed_earth_block,Ashanti,standard,17495,3058.8,320.325,134.024,485211.11
533.51,4,bungalow,clay_brick,Greater Accra,standard,17519,3172.8,332.534,158.088,623937.39
487.49,4,warehouse,compressed_earth_block,Ashanti,standard,14688,2710.28,284.203,145.251,416696.3
252.87,3,bungalow,compressed_earth_block,Ashanti,standard,5915,1089.39,114.225,57.692,171121.84
282.65,1,commercial_block,sandcrete_block,Central,standard,2541,451.63,47.319,21.373,72662.83
131.71,4,warehouse,compressed_earth_block,Greater Accra,standard,3724,720.75,75.64,43.015,132057.02
241.14,3,storey_building,clay_brick,Central,premium,6273,1105.03,115.753,50.646,217385.27
517.32,4,bungalow,sandcrete_block,Western,standard,18181,3219.68,337.323,151.76,543690.02
311.34,3,bungalow,clay_brick,Northern,premium,8407,1471.66,154.13,65.553,273191.61
548.64,4,warehouse,compressed_earth_block,Ashanti,premium,17821,3246.32,340.3,166.056,658969.42
392.73,3,storey_building,sandcrete_block,Eastern,standard,8533,1586.31,166.359,86.199,268766.53
533.83,3,commercial_block,compressed_earth_block,Northern,premium,12773,2253.13,236.024,103.756,403116.1
198.11,4,warehouse,clay_brick,Ashanti,premium,7125,1246.75,130.573,55.404,299157.6
333.74,3,bungalow,compressed_earth_block,Western,standard,8881,1545.79,161.89,68.531,236259.73
588.3,3,commercial_block,compressed_earth_block,Eastern,standard,16033,2842.46,297.774,131.962,445024.8
509.07,2,commercial_block,sandcrete_block,Eastern,standard,9440,1683.74,176.426,80.898,267436.89
448.66,2,commercial_block,clay_brick,Western,standard,8577,1486.59,155.653,63.278,259149.76
272.6,2,commercial_block,compressed_earth_block,Eastern,standard,4821,852.19,89.258,38.414,125332.24
287.58,2,warehouse,clay_brick,Western,standard,4312,796.89,83.557,42.331,140568.3
598.59,1,warehouse,sandcrete_block,Eastern,standard,4331,831.91,87.296,48.912,138561.35
272.66,3,commercial_block,compressed_earth_block,Ashanti,standard,6617,1177.25,123.352,56.371,192226.59
411.73,3,bungalow,clay_brick,Central,standard,10608,1840.68,192.738,79.072,330619.07
157.18,3,warehouse,sandcrete_block,Greater Accra,premium,4195,739.07,77.402,32.704,176306.97
354.8,3,commercial_block,sandcrete_block,Eastern,premium,9464,1646.78,172.444,71.488,354944.09
489.64,4,warehouse,compressed_earth_block,Greater Accra,standard,18360,3208.12,335.981,141.983,547873.81
430.47,2,warehouse,compressed_earth_block,Western,standard,8083,1383.49,144.799,54.726,202419.55
155.14,4,commercial_block,sandcrete_block,Greater Accra,standard,5310,953.49,99.911,45.962,181833.26
323.19,1,bungalow,clay_brick,Northern,premium,2638,477.83,50.077,23.625,82278.23
100.52,4,commercial_block,clay_brick,Northern,standard,4086,693.57,72.6,28.112,107611.04
141.21,1,bungalow,clay_brick,Central,standard,1035,191.27,20.055,10.128,32166.23
487.75,1,bungalow,clay_brick,Ashanti,standard,3555,646.2,67.729,32.363,117482.43
121.62,2,warehouse,clay_brick,Ashanti,standard,2155,373.89,39.147,15.826,68310.71
458.3,4,warehouse,compressed_earth_block,Northern,standard,14638,2682.34,281.187,137.734,386787.38
544.55,4,commercial_block,clay_brick,Greater Accra,standard,19149,3355.68,351.468,150.801,688608.7
456.59,4,commercial_block,compressed_earth_block,Central,standard,15625,2745.3,287.536,123.307,431066.54
417.9,2,commercial_block,sandcrete_block,Eastern,standard,7189,1257.39,131.681,55.429,172842.38
211.4,4,warehouse,sandcrete_block,Northern,premium,6235,1151.13,120.696,60.815,197385.76
146.04,2,bungalow,compressed_earth_block,Eastern,premium,2162,395.65,41.483,20.845,74463.71
104.51,1,storey_building,clay_brick,Greater Accra,standard,974,173.68,18.196,8.174,35548.59
94.0,4,storey_building,clay_brick,Northern,premium,3215,565.58,59.233,25.072,109941.41
470.92,2,storey_building,sandcrete_block,Greater Accra,premium,6632,1259.9,132.183,72.369,294098.79
159.33,2,warehouse,sandcrete_block,Greater Accra,standard,2405,437.0,45.801,21.82,82687.39
267.86,1,storey_building,sandcrete_block,Ashanti,standard,2247,401.68,42.09,19.354,61973.55
216.94,1,commercial_block,compressed_earth_block,Ashanti,standard,1661,305.59,32.04,16.027,49369.09
102.19,3,warehouse,sandcrete_block,Greater Accra,standard,2829,495.51,51.894,21.946,87743.62
352.95,3,bungalow,clay_brick,Greater Accra,standard,7315,1388.9,145.707,79.085,299763.08
276.65,2,commercial_block,compressed_earth_block,Northern,standard,5068,898.68,94.142,41.489,126607.99
230.65,2,commercial_block,sandcrete_block,Central,premium,3745,673.06,70.534,33.018,136001.55
145.33,1,commercial_block,compressed_earth_block,Greater Accra,premium,1249,226.71,23.766,11.587,50581.24
425.19,2,commercial_block,clay_brick,Central,standard,7565,1321.71,138.417,58.203,214880.61
236.38,3,storey_building,sandcrete_block,Ashanti,premium,5226,966.48,101.339,51.331,212224.02
412.65,4,bungalow,sandcrete_block,Western,standard,14886,2641.74,276.748,122.747,445024.19
416.91,1,commercial_block,compressed_earth_block,Central,standard,3576,628.6,65.844,28.588,87742.89
287.0,2,storey_building,compressed_earth_block,Eastern,standard,4714,856.61,89.782,42.898,122077.34
571.83,2,commercial_block,compressed_earth_block,Eastern,standard,10776,1835.78,192.167,74.834,277937.74
566.78,2,storey_building,sandcrete_block,Northern,standard,8126,1498.18,157.059,77.362,210027.93
554.95,4,bungalow,sandcrete_block,Greater Accra,standard,20753,3673.48,384.761,165.676,700239.55
233.11,4,storey_building,clay_brick,Eastern,standard,8346,1494.11,156.545,70.99,239770.19
418.8,3,storey_building,sandcrete_block,Northern,standard,8624,1638.18,171.879,94.694,239397.51
69.49,4,bungalow,compressed_earth_block,Northern,standard,2283,402.58,42.169,18.351,56586.47
90.73,2,bungalow,clay_brick,Eastern,standard,1434,252.42,26.444,11.733,45536.79
589.16,3,bungalow,clay_brick,Central,standard,13206,2449.95,256.924,132.74,415382.94
431.07,2,warehouse,sandcrete_block,Eastern,premium,8212,1428.05,149.539,61.902,296572.09
235.64,1,storey_building,clay_brick,Eastern,standard,1808,327.81,34.359,16.486,56724.9
99.46,4,warehouse,compressed_earth_block,Ashanti,premium,3171,588.75,61.732,31.162,115030.29
470.82,4,storey_building,clay_brick,Northern,standard,12992,2383.38,249.821,120.477,393559.32
80.63,3,commercial_block,sandcrete_block,Ashanti,premium,2015,359.15,37.627,16.849,75254.79
225.47,2,bungalow,compressed_earth_block,Ashanti,standard,3511,644.67,67.602,34.667,105069.42
430.81,1,warehouse,sandcrete_block,Western,premium,3704,665.39,69.721,31.959,139970.22
188.26,2,bungalow,sandcrete_block,Eastern,premium,3053,546.83,57.294,25.957,99493.99
198.47,1,warehouse,compressed_earth_block,Central,premium,1844,325.88,34.139,15.188,64613.25
103.66,3,warehouse,clay_brick,Eastern,premium,2247,419.6,44.005,22.903,94996.03
114.72,4,commercial_block,compressed_earth_block,Ashanti,standard,4119,730.2,76.496,33.973,117617.11
597.17,1,bungalow,compressed_earth_block,Western,standard,4021,763.85,80.132,43.326,121987.25
42.8,1,storey_building,compressed_earth_block,Ashanti,standard,369,66.09,6.925,3.155,10525.41
508.97,4,storey_building,sandcrete_block,Central,standard,17750,3113.53,326.082,138.338,481667.83
572.34,3,warehouse,sandcrete_block,Greater Accra,standard,13028,2354.67,246.804,118.521,443020.9
287.47,3,commercial_block,compressed_earth_block,Central,standard,7099,1320.9,138.517,71.247,204396.67
470.67,4,storey_building,compressed_earth_block,Greater Accra,premium,15770,2816.5,295.082,132.665,586255.53
176.98,2,commercial_block,compressed_earth_block,Western,standard,2822,510.29,53.476,24.971,78835.3
261.47,1,bungalow,sandcrete_block,Central,standard,2282,407.81,42.732,19.621,64496.15
394.26,3,warehouse,sandcrete_block,Central,premium,10901,1905.78,199.569,82.934,395171.04
563.74,4,commercial_block,clay_brick,Central,standard,16621,3117.41,326.972,172.468,555973.61
421.9,3,warehouse,clay_brick,Eastern,standard,10414,1824.41,191.077,81.388,307101.88
557.73,2,bungalow,clay_brick,Ashanti,standard,8447,1541.47,161.568,77.496,301903.24
46.84,4,storey_building,clay_brick,Western,standard,1388,256.78,26.928,13.844,44271.31
83.86,2,bungalow,clay_brick,Central,premium,1474,261.12,27.356,12.199,53566.42
82.07,1,storey_building,clay_brick,Central,standard,592,107.96,11.318,5.541,18647.1
324.48,3,warehouse,compressed_earth_block,Western,premium,6738,1225.36,128.432,61.402,231373.84
431.39,3,warehouse,clay_brick,Northern,standard,10853,2000.41,209.73,104.688,294188.53
588.76,2,bungalow,sandcrete_block,Ashanti,standard,10037,1821.49,190.89,89.583,329692.82
349.97,4,warehouse,clay_brick,Greater Accra,standard,9792,1785.57,187.159,90.26,362458.46
446.93,1,storey_building,clay_brick,Western,standard,3998,706.88,74.049,32.567,118258.36
237.21,4,warehouse,clay_brick,Greater Accra,standard,7964,1465.16,153.606,76.288,337579.37
48.19,1,warehouse,sandcrete_block,Eastern,premium,416,73.29,7.676,3.297,15788.04
210.93,3,bungalow,clay_brick,Ashanti,standard,4896,872.49,91.406,40.796,139030.6
70.86,2,storey_building,clay_brick,Greater Accra,standard,1112,201.56,21.127,10.126,41977.02
118.26,1,storey_building,compressed_earth_block,Eastern,standard,1059,188.39,19.739,8.961,31195.88
355.3,3,storey_building,clay_brick,Northern,standard,7508,1414.9,148.416,79.155,215943.48
575.14,2,bungalow,clay_brick,Western,standard,10654,1890.02,197.998,87.828,339449.68
478.45,4,bungalow,compressed_earth_block,Eastern,standard,13878,2611.53,273.922,145.222,408074.29
219.39,1,storey_building,clay_brick,Ashanti,standard,1905,342.89,35.936,16.967,60815.37
93.28,2,warehouse,compressed_earth_block,Western,premium,1646,292.28,30.62,13.674,56458.95
132.11,2,storey_building,sandcrete_block,Greater Accra,premium,2345,422.08,44.225,20.179,92770.39
480.06,4,warehouse,clay_brick,Eastern,standard,15638,2822.27,295.754,137.746,483343.93
422.82,2,storey_building,clay_brick,Central,premium,7658,1315.88,137.747,53.853,276372.68
60.81,1,warehouse,clay_brick,Western,standard,485,86.88,9.104,4.182,16081.87
56.89,2,warehouse,compressed_earth_block,Western,premium,798,149.19,15.646,8.178,28046.68
558.0,3,bungalow,sandcrete_block,Northern,premium,14556,2616.39,274.152,125.801,456571.51
257.97,1,storey_building,sandcrete_block,Ashanti,standard,2369,414.87,43.456,18.852,64371.07
220.83,2,commercial_block,sandcrete_block,Central,standard,4342,738.21,77.263,29.284,123874.5
520.65,1,storey_building,sandcrete_block,Eastern,standard,4198,778.06,81.578,40.966,134541.3
307.91,3,storey_building,compressed_earth_block,Greater Accra,standard,8560,1466.44,153.514,60.39,271343.63
555.94,4,storey_building,compressed_earth_block,Central,standard,17057,3102.98,325.218,154.781,446298.51
520.73,3,bungalow,clay_brick,Central,standard,11858,2138.71,224.159,106.954,369557.26
78.85,3,commercial_block,sandcrete_block,Ashanti,standard,2244,389.62,40.797,16.767,64266.79
503.68,4,commercial_block,compressed_earth_block,Western,standard,14692,2731.19,286.425,148.428,461868.45
211.9,4,bungalow,clay_brick,Ashanti,standard,8048,1415.26,148.234,63.773,262795.26
480.86,2,warehouse,clay_brick,Ashanti,standard,8306,1467.48,153.715,66.948,270649.62
215.25,4,commercial_block,sandcrete_block,Ashanti,standard,6386,1168.7,122.507,59.479,190471.48
495.29,4,storey_building,sandcrete_block,Eastern,standard,17543,3110.02,325.77,142.006,485960.29
385.09,4,bungalow,sandcrete_block,Western,standard,11735,2127.8,222.997,105.101,340095.45
90.32,1,commercial_block,sandcrete_block,Western,standard,718,130.14,13.64,6.519,22936.89
361.53,3,bungalow,compressed_earth_block,Eastern,standard,8212,1519.94,159.363,80.078,227509.46
491.08,1,commercial_block,sandcrete_block,Greater Accra,standard,4295,738.68,77.325,30.151,133266.65
489.86,3,bungalow,clay_brick,Northern,premium,10659,1955.19,204.946,99.359,386521.91
196.55,2,storey_building,clay_brick,Central,standard,3692,646.63,67.719,28.502,111188.95
421.29,2,commercial_block,compressed_earth_block,Ashanti,premium,6492,1135.28,118.903,50.713,224670.39
328.34,1,warehouse,compressed_earth_block,Northern,standard,3023,524.06,54.863,21.697,76067.2
170.24,4,commercial_block,compressed_earth_block,Greater Accra,standard,5334,987.3,103.532,53.093,187626.99
84.88,2,storey_building,sandcrete_block,Eastern,premium,1239,234.36,24.586,13.283,45424.62
435.76,3,bungalow,clay_brick,Central,standard,9571,1731.97,181.53,86.748,276500.97
540.59,2,commercial_block,compressed_earth_block,Western,standard,10281,1809.56,189.551,82.833,266310.52
136.17,1,bungalow,compressed_earth_block,Northern,standard,1215,212.89,22.298,9.58,29162.97
598.0,4,storey_building,compressed_earth_block,Ashanti,standard,17035,3235.89,339.491,185.541,459418.33
263.8,2,storey_building,compressed_earth_block,Western,standard,4076,757.42,79.43,41.038,119313.53
539.65,3,commercial_block,compressed_earth_block,Western,premium,13315,2391.01,250.591,118.793,476274.33
155.27,4,commercial_block,clay_brick,Northern,standard,4783,877.05,91.95,45.765,126767.56
151.88,4,warehouse,compressed_earth_block,Ashanti,premium,4413,802.07,84.071,40.536,168151.37
309.09,3,warehouse,sandcrete_block,Eastern,standard,7580,1340.19,140.393,61.924,220627.99
269.25,4,storey_building,clay_brick,Greater Accra,standard,10043,1785.67,187.079,83.895,361397.31
481.75,2,storey_building,compressed_earth_block,Western,premium,7831,1432.59,150.159,72.249,276570.16
390.0,1,warehouse,clay_brick,Greater Accra,premium,2923,531.43,55.7,26.631,142656.18
61.02,2,storey_building,clay_brick,Northern,standard,1063,187.45,19.638,8.741,30955.34
172.42,2,storey_building,compressed_earth_block,Northern,standard,2901,523.45,54.864,26.233,73671.71
275.34,3,warehouse,sandcrete_block,Northern,standard,7730,1328.3,139.05,54.557,196995.82
591.45,2,commercial_block,compressed_earth_block,Western,standard,9273,1651.67,173.049,78.16,249528.91
287.7,2,bungalow,clay_brick,Greater Accra,premium,4585,806.71,84.497,36.532,198820.58
225.38,4,bungalow,clay_brick,Northern,standard,8211,1443.68,151.203,64.484,232998.75
264.94,4,commercial_block,sandcrete_block,Western,standard,8669,1560.63,163.551,76.666,270379.2
483.72,3,warehouse,compressed_earth_block,Northern,premium,11080,1996.91,209.307,100.607,368960.74
592.68,1,commercial_block,compressed_earth_block,Ashanti,standard,4943,892.03,93.496,44.736,142950.45
528.99,2,storey_building,compressed_earth_block,Northern,standard,9811,1719.15,180.057,77.053,245693.28
396.24,1,bungalow,sandcrete_block,Northern,standard,3431,594.11,62.199,24.817,90145.8
453.11,1,warehouse,compressed_earth_block,Eastern,standard,3539,634.23,66.452,30.176,94378.67
377.4,1,warehouse,clay_brick,Ashanti,premium,3578,631.22,66.118,28.734,144306.74
182.52,3,warehouse,clay_brick,Western,standard,4164,734.16,76.895,33.021,133978.16
312.46,3,commercial_block,clay_brick,Western,premium,8334,1446.6,151.477,62.364,326403.95
194.57,2,storey_building,sandcrete_block,Eastern,standard,3554,623.32,65.281,27.736,96175.34
56.39,1,warehouse,clay_brick,Central,standard,416,78.39,8.224,4.449,14343.32
329.27,1,warehouse,sandcrete_block,Greater Accra,standard,3108,525.07,54.951,20.457,98179.87
102.63,2,warehouse,compressed_earth_block,Eastern,standard,1983,339.97,35.591,14.116,52715.2
543.22,1,commercial_block,sandcrete_block,Greater Accra,standard,5214,903.73,94.637,39.384,176935.96
244.25,3,commercial_block,clay_brick,Northern,standard,6679,1163.25,121.829,51.721,199885.22
510.36,4,warehouse,sandcrete_block,Greater Accra,standard,15238,2838.77,297.723,155.376,505720.34
